update,frames,FPS,duration,rreturn_mean,rreturn_std,rreturn_min,rreturn_max,num_frames_mean,num_frames_std,num_frames_min,num_frames_max,entropy,value,policy_loss,value_loss,grad_norm,kl,success_rate,clip_fraction,approx_kl_k3,sigma_mean,mean_log_std,boundary_fraction,return_mean,return_std,return_min,return_max
1,128,11.651904444084844,10,0.0,0.0,0,0,0.0,0.0,0,0,9.943649291992188,-0.4709009528160095,-0.060354337096214294,0.22326506674289703,437.14886177007,20.565990447998047,0.0,0.7322834730148315,0.11204447597265244,1.0019617668581104,0.0019598439601915224,0.31825895637361035,0.0,0.0,0,0
2,256,58.5149107209615,13,0.0,0.0,0,0,0.0,0.0,0,0,9.953710556030273,-0.8866962790489197,-0.15985217690467834,0.020161928609013557,188.4527453873222,5.232002258300781,0.0,0.5826771855354309,0.058970797806978226,1.0033845470465355,0.0033787749042468412,0.3189456306874798,0.0,0.0,0,0
3,384,53.770193033333015,15,0.0,0.0,0,0,0.0,0.0,0,0,9.965127944946289,-0.03205566108226776,-0.07561540603637695,0.21778422594070435,32.54261090346993,0.670190155506134,0.0,0.8110235929489136,0.37671560049057007,1.0051436736668362,0.0051301642254527125,0.3197931836764604,0.0,0.0,0,0
4,512,58.444840169903095,17,1.9480093717575073,0.0,1.9480093717575073,1.9480093717575073,500.0,0.0,500.0,500.0,9.979949951171875,-0.03744884580373764,-0.037519872188568115,0.001531834714114666,4.370040181751966,0.07233909517526627,0.0,0.4881889820098877,0.036208659410476685,1.007354747062463,0.007327317459774869,0.3208564337385473,1.9480093717575073,0.0,1.9480093717575073,1.9480093717575073
5,640,62.982539318121056,20,1.9480093717575073,0.0,1.9480093717575073,1.9480093717575073,500.0,0.0,500.0,500.0,9.995279312133789,0.06998522579669952,-0.008336886763572693,0.005433989688754082,22.30557307818311,0.49567776918411255,0.0,0.3937007784843445,0.03006216511130333,1.0095388646097403,0.009492976857083184,0.32190440948964877,1.9480093717575073,0.0,1.9480093717575073,1.9480093717575073
6,768,63.23861342917445,22,1.9480093717575073,0.0,1.9480093717575073,1.9480093717575073,500.0,0.0,500.0,500.0,10.011570930480957,0.04049938544631004,-0.007093110587447882,0.0006456318660639226,11.884513276956229,0.2937147617340088,0.0,0.5984252095222473,0.07811100035905838,1.0119723444076965,0.011900422562445914,0.3230693362676213,1.9480093717575073,0.0,1.9480093717575073,1.9480093717575073
7,896,63.91722907311663,24,1.9480093717575073,0.0,1.9480093717575073,1.9480093717575073,500.0,0.0,500.0,500.0,10.029866218566895,-0.04227049648761749,-0.016877710819244385,0.006713908165693283,20.88143655253875,0.222995325922966,0.0,0.6535432934761047,0.07568889856338501,1.0146457862076494,0.014538635632821493,0.32434585143307654,1.9480093717575073,0.0,1.9480093717575073,1.9480093717575073
8,1024,64.29051258205598,26,0.7072224617004395,0.0,0.7072224617004395,0.7072224617004395,500.0,0.0,500.0,500.0,10.047874450683594,0.012226132676005363,-0.02194426953792572,0.0001746572961565107,19.41347788723697,0.1793491691350937,0.0,0.31496062874794006,0.020683614537119865,1.0172502025969041,0.01710205338895321,0.32558608355342494,0.7072224617004395,0.0,0.7072224617004395,0.7072224617004395
9,1152,61.24774566650718,28,0.7072224617004395,0.0,0.7072224617004395,0.7072224617004395,500.0,0.0,500.0,500.0,10.065670013427734,0.021604102104902267,-0.005716467276215553,2.892139855248388e-05,10.861505687739442,0.06035604327917099,0.0,0.031496062874794006,0.005173470824956894,1.0198929407184965,0.019696491371308054,0.32684121439894254,0.7072224617004395,0.0,0.7072224617004395,0.7072224617004395
10,1280,64.45523396092449,30,0.7072224617004395,0.0,0.7072224617004395,0.7072224617004395,500.0,0.0,500.0,500.0,10.085441589355469,0.008193159475922585,-0.013600842095911503,0.0007750163786113262,13.775512265881575,0.07496551424264908,0.0,0.14960630238056183,0.010480214841663837,1.0228044720194345,0.022547110116907527,0.32822013494716196,0.7072224617004395,0.0,0.7072224617004395,0.7072224617004395
11,1408,63.68088985847344,32,0.7072224617004395,0.0,0.7072224617004395,0.7072224617004395,500.0,0.0,500.0,500.0,10.105606079101562,0.022832002490758896,-0.018391579389572144,0.00032556106452830136,24.723948529176415,0.08582986146211624,0.0,0.0,0.0016046272357925773,1.0257326754269904,0.025405896295394217,0.32960283235566357,0.7072224617004395,0.0,0.7072224617004395,0.7072224617004395
12,1536,64.10630114662045,34,0.7063500285148621,0.0,0.7063500285148621,0.7063500285148621,500.0,0.0,500.0,500.0,10.123946189880371,0.020805921405553818,-0.011995642445981503,0.00045770235010422766,17.54390055024112,0.06016922369599342,0.0,0.007874015718698502,0.0031526286620646715,1.0283805434753628,0.027983979188970158,0.3308495957575314,0.7063500285148621,0.0,0.7063500285148621,0.7063500285148621
13,1664,62.36556518704701,36,0.7063500285148621,0.0,0.7063500285148621,0.7063500285148621,500.0,0.0,500.0,500.0,10.140409469604492,0.018770623952150345,-0.006476635579019785,0.00012127211084589362,12.556970337462376,0.0432271882891655,0.0,0.0,0.0013416087022051215,1.0306868339530684,0.03022405318915844,0.331932755229646,0.7063500285148621,0.0,0.7063500285148621,0.7063500285148621
14,1792,63.028974823790485,39,0.7063500285148621,0.0,0.7063500285148621,0.7063500285148621,500.0,0.0,500.0,500.0,10.15579605102539,0.0071326494216918945,-0.014602459967136383,0.0005384612013585865,11.19937481139751,0.021207446232438087,0.0,0.0,0.0020148493349552155,1.0329572173668757,0.032424324325152805,0.33299652875449576,0.7063500285148621,0.0,0.7063500285148621,0.7063500285148621
15,1920,62.69924930836143,41,0.7063500285148621,0.0,0.7063500285148621,0.7063500285148621,500.0,0.0,500.0,500.0,10.1732759475708,0.028141455724835396,-0.019259346649050713,9.265200060326606e-05,8.832613576402085,0.012059261091053486,0.0,0.0,0.001845763181336224,1.0357002266086677,0.03507607909185546,0.33427838262820936,0.7063500285148621,0.0,0.7063500285148621,0.7063500285148621
16,2048,63.30072408915828,43,0.7149632573127747,0.0,0.7149632573127747,0.7149632573127747,500.0,0.0,500.0,500.0,10.19224739074707,0.028362127020955086,-0.014578173868358135,0.0008246120996773243,8.715027387581147,0.0171719528734684,0.0,0.0,0.0001206048036692664,1.0385160823506812,0.03779102968318122,0.33559054813388656,0.7149632573127747,0.0,0.7149632573127747,0.7149632573127747
17,2176,61.74318801411119,45,0.7149632573127747,0.0,0.7149632573127747,0.7149632573127747,500.0,0.0,500.0,500.0,10.21265983581543,-0.07409434020519257,-0.007740803062915802,0.01393186766654253,10.280442574419977,0.08662033081054688,0.0,0.05511811003088951,0.005996212363243103,1.0415050145824944,0.04066497619662966,0.3369792807064366,0.7149632573127747,0.0,0.7149632573127747,0.7149632573127747
18,2304,61.677724070918174,47,0.7149632573127747,0.0,0.7149632573127747,0.7149632573127747,500.0,0.0,500.0,500.0,10.230140686035156,0.021802952513098717,-0.023216700181365013,0.0026827361434698105,9.964195176382427,0.05600994452834129,0.0,0.0,0.0017584546003490686,1.0440308940312433,0.04308726638555527,0.33814952544327453,0.7149632573127747,0.0,0.7149632573127747,0.7149632573127747
19,2432,62.55735505896662,49,0.7149632573127747,0.0,0.7149632573127747,0.7149632573127747,500.0,0.0,500.0,500.0,10.245660781860352,0.0474056676030159,-0.01781488209962845,8.888584125088528e-05,5.7235223486726055,0.024110917001962662,0.0,0.0,0.0026760073378682137,1.046336032158411,0.04529269891125815,0.3392147972882638,0.7149632573127747,0.0,0.7149632573127747,0.7149632573127747
20,2560,62.41207453677246,51,0.8282860517501831,0.0,0.8282860517501831,0.8282860517501831,500.0,0.0,500.0,500.0,10.263285636901855,0.006642643827944994,-0.005637458059936762,0.001899473718367517,8.676876551701952,0.016932973638176918,0.0,0.0,0.0023346031084656715,1.0490440273660797,0.04787738461579595,0.34046299760122206,0.8282860517501831,0.0,0.8282860517501831,0.8282860517501831
21,2688,62.05118083935097,54,0.8282860517501831,0.0,0.8282860517501831,0.8282860517501831,500.0,0.0,500.0,500.0,10.282760620117188,0.029417898505926132,-0.010795175097882748,0.0001037119363900274,19.806736402887296,0.04612579569220543,0.0,0.03937007859349251,0.004522382747381926,1.0519434368897767,0.05063739206109728,0.341795539147907,0.8282860517501831,0.0,0.8282860517501831,0.8282860517501831
22,2816,63.42960592237067,56,0.8282860517501831,0.0,0.8282860517501831,0.8282860517501831,500.0,0.0,500.0,500.0,10.29863166809082,0.05412013828754425,-0.013483868911862373,1.2301481547183357e-05,22.416950133729355,0.08069664984941483,0.0,0.0,0.00036522920709103346,1.0541871348022833,0.052767974457570484,0.34282394948897515,0.8282860517501831,0.0,0.8282860517501831,0.8282860517501831
23,2944,61.888577924235236,58,0.8282860517501831,0.0,0.8282860517501831,0.8282860517501831,500.0,0.0,500.0,500.0,10.311164855957031,0.06182654947042465,-0.015260525047779083,0.00027930940268561244,15.36575989213057,0.037699144333601,0.0,0.0,0.00043975445441901684,1.055995194742822,0.0544815542442458,0.343650916470119,0.8282860517501831,0.0,0.8282860517501831,0.8282860517501831
24,3072,62.7937629514036,60,0.7105629444122314,0.0,0.7105629444122314,0.7105629444122314,500.0,0.0,500.0,500.0,10.323043823242188,0.005520252976566553,-0.002284940332174301,0.0034062149934470654,24.212300758561387,0.051317837089300156,0.0,0.03937007859349251,0.003955058287829161,1.0577668799275086,0.056157814604895454,0.3444597314183267,0.7105629444122314,0.0,0.7105629444122314,0.7105629444122314
25,3200,61.74619890667998,62,0.7105629444122314,0.0,0.7105629444122314,0.7105629444122314,500.0,0.0,500.0,500.0,10.333113670349121,-0.0046862466260790825,-0.01947885751724243,0.0007534375181421638,16.741600839014584,0.03986532241106033,0.0,0.0,0.000445766665507108,1.0592354759587979,0.05754521968109267,0.34512906334239585,0.7105629444122314,0.0,0.7105629444122314,0.7105629444122314
26,3328,62.266593397875745,64,0.7105629444122314,0.0,0.7105629444122314,0.7105629444122314,500.0,0.0,500.0,500.0,10.343143463134766,0.04692929983139038,-0.01777627505362034,0.0005527101457118988,21.350031575181372,0.04077254235744476,0.0,0.007874015718698502,0.0022118715569376945,1.0607608399550859,0.05898419075778553,0.34582316418918874,0.7105629444122314,0.0,0.7105629444122314,0.7105629444122314
27,3456,62.18563504656762,66,0.7105629444122314,0.0,0.7105629444122314,0.7105629444122314,500.0,0.0,500.0,500.0,10.352272033691406,0.06875796616077423,-0.01575060747563839,9.354691428598017e-05,20.756505520139047,0.04068244993686676,0.0,0.0,0.000495673157274723,1.0621081681636781,0.060253504131521494,0.346435337653419,0.7105629444122314,0.0,0.7105629444122314,0.7105629444122314
28,3584,62.14536784723797,68,0.8335325717926025,0.0,0.8335325717926025,0.8335325717926025,500.0,0.0,500.0,500.0,10.360748291015625,0.050248004496097565,-0.018845807760953903,0.0028850294183939695,17.40976693309566,0.029614068567752838,0.0,0.0,0.00020958497771061957,1.0633826036209284,0.06145261228084564,0.34701356805159117,0.8335325717926025,0.0,0.8335325717926025,0.8335325717926025
29,3712,62.424215349979995,71,0.8335325717926025,0.0,0.8335325717926025,0.8335325717926025,500.0,0.0,500.0,500.0,10.3687744140625,0.03784160688519478,-0.007756256498396397,0.0004852019192185253,20.432627133538205,0.033579807728528976,0.0,0.0,0.0002232489932794124,1.064578488483461,0.06257647169487816,0.3475554373330385,0.8335325717926025,0.0,0.8335325717926025,0.8335325717926025
30,3840,63.08749366329406,73,0.8335325717926025,0.0,0.8335325717926025,0.8335325717926025,500.0,0.0,500.0,500.0,10.376126289367676,0.030810369178652763,-0.014532577246427536,0.00046972729614935815,15.628517987348554,0.022345315665006638,0.0,0.0,5.9138335927855223e-05,1.0656834800095998,0.06361381283828191,0.3480555293869148,0.8335325717926025,0.0,0.8335325717926025,0.8335325717926025
31,3968,62.07941484697676,75,0.8335325717926025,0.0,0.8335325717926025,0.8335325717926025,500.0,0.0,500.0,500.0,10.383602142333984,0.04428360238671303,-0.017515357583761215,0.00016030472761485726,20.753222546550152,0.033848974853754044,0.0,0.0,4.968922439729795e-05,1.066821851317736,0.06468137513313975,0.34857012641810325,0.8335325717926025,0.0,0.8335325717926025,0.8335325717926025
32,4096,62.08457651838492,77,0.9951992034912109,0.0,0.9951992034912109,0.9951992034912109,500.0,0.0,500.0,500.0,10.390829086303711,0.03927374631166458,0.0007853711722418666,0.00014785148960072547,12.490398439074646,0.014059530571103096,0.0,0.0,3.7684232665924355e-05,1.067941930805251,0.0657306792480605,0.3490758577975917,0.9951992034912109,0.0,0.9951992034912109,0.9951992034912109
33,4224,61.304003257543975,79,0.9951992034912109,0.0,0.9951992034912109,0.9951992034912109,500.0,0.0,500.0,500.0,10.400768280029297,0.03168141469359398,-0.008213618770241737,0.00028483764617703855,23.043967060313573,0.04190107434988022,0.0,0.0,0.00012428368791006505,1.0695378460202627,0.06722390971013478,0.34979543803078933,0.9951992034912109,0.0,0.9951992034912109,0.9951992034912109
34,4352,62.51866543540106,81,0.9951992034912109,0.0,0.9951992034912109,0.9951992034912109,500.0,0.0,500.0,500.0,10.410318374633789,0.034843768924474716,-0.014592522755265236,0.00023952184710651636,11.325950129302809,0.013322869315743446,0.0,0.0,3.0016921300557442e-05,1.0709980236866372,0.06858810782432556,0.35045271530786193,0.9951992034912109,0.0,0.9951992034912109,0.9951992034912109
35,4480,61.822207477541454,83,0.9951992034912109,0.0,0.9951992034912109,0.9951992034912109,500.0,0.0,500.0,500.0,10.42159652709961,0.061356693506240845,-0.018163608387112617,2.0394145394675434e-05,21.305377056656884,0.03886978328227997,0.0,0.0,0.00021416564413812011,1.0727617301185777,0.07023347807782036,0.3512453138776822,0.9951992034912109,0.0,0.9951992034912109,0.9951992034912109
36,4608,63.841465762460494,86,0.6944866180419922,0.0,0.6944866180419922,0.6944866180419922,500.0,0.0,500.0,500.0,10.432079315185547,0.04527932405471802,0.007568242959678173,0.00030326179694384336,10.044817867687868,0.012192987836897373,0.0,0.0,5.107989636599086e-05,1.0743678542355055,0.07172949612140656,0.3519658194781849,0.6944866180419922,0.0,0.6944866180419922,0.6944866180419922
37,4736,62.75624755986656,88,0.6944866180419922,0.0,0.6944866180419922,0.6944866180419922,500.0,0.0,500.0,500.0,10.443772315979004,0.03258947655558586,-0.009029501117765903,0.0003201834624633193,20.02448962953252,0.03621150180697441,0.0,0.0,0.00020800271886400878,1.0761743678151545,0.07340955840689796,0.3527747958418735,0.6944866180419922,0.0,0.6944866180419922,0.6944866180419922
38,4864,62.6970453365422,90,0.6944866180419922,0.0,0.6944866180419922,0.6944866180419922,500.0,0.0,500.0,500.0,10.454366683959961,0.03790430724620819,-0.014802015386521816,0.00015819685359019786,10.821823870492413,0.013872873038053513,0.0,0.0,2.8029962777509354e-05,1.0777883729813535,0.0749081979904856,0.3534962575136647,0.6944866180419922,0.0,0.6944866180419922,0.6944866180419922
39,4992,63.41621695687251,92,0.6944866180419922,0.0,0.6944866180419922,0.6944866180419922,500.0,0.0,500.0,500.0,10.47083854675293,0.05702029913663864,-0.018916156142950058,9.988521196646616e-05,3.9471944546769437,0.00849707331508398,0.0,0.0,0.0008524224394932389,1.0806833062997108,0.07759031653404236,0.35478706260607756,0.6944866180419922,0.0,0.6944866180419922,0.6944866180419922
40,5120,63.13098831748859,94,0.6836477518081665,0.0,0.6836477518081665,0.6836477518081665,500.0,0.0,500.0,500.0,10.490479469299316,0.09934606403112411,-0.055550720542669296,0.006621536798775196,2.007023563905249,0.0041319685988128185,0.0,0.0,0.0009300612728111446,1.0837942893746515,0.08046494211469378,0.3561699841152111,0.6836477518081665,0.0,0.6836477518081665,0.6836477518081665
41,5248,63.199776146012695,96,0.6836477518081665,0.0,0.6836477518081665,0.6836477518081665,500.0,0.0,500.0,500.0,10.512784004211426,0.13189415633678436,-0.00516359182074666,0.001857041148468852,5.812494887952822,0.011567681096494198,0.0,0.0,0.0006899947184138,1.0874466458769037,0.08382919430732727,0.35778769548166994,0.6836477518081665,0.0,0.6836477518081665,0.6836477518081665
42,5376,62.733940164306624,98,0.6836477518081665,0.0,0.6836477518081665,0.6836477518081665,500.0,0.0,500.0,500.0,10.537723541259766,0.11638779193162918,0.003091081976890564,0.005015590228140354,3.800356183326283,0.03829779103398323,0.0,0.0,0.0007748562493361533,1.091168560481836,0.08724582195281982,0.35942972481692304,0.6836477518081665,0.0,0.6836477518081665,0.6836477518081665
43,5504,63.036700995291774,100,1.4077972173690796,0.0,1.4077972173690796,1.4077972173690796,500.0,0.0,500.0,500.0,10.557731628417969,0.024592867121100426,-0.0009997423039749265,0.005356265231966972,2.9009209466682435,0.010484250262379646,0.0,0.0,0.0011787257390096784,1.0941290112238966,0.08995511595691953,0.3607311713272914,1.4077972173690796,0.0,1.4077972173690796,1.4077972173690796
44,5632,62.96646552038581,102,1.4077972173690796,0.0,1.4077972173690796,1.4077972173690796,500.0,0.0,500.0,500.0,10.576417922973633,0.24346420168876648,-0.14657407999038696,0.005748727358877659,12.447213157339744,0.04081883281469345,0.0,0.0,0.002031227806583047,1.0970353557159835,0.09260742366313934,0.3620046513482699,1.4077972173690796,0.0,1.4077972173690796,1.4077972173690796
45,5760,63.89409643211459,105,1.4077972173690796,0.0,1.4077972173690796,1.4077972173690796,500.0,0.0,500.0,500.0,10.592955589294434,0.2526363134384155,-0.03290906921029091,0.005823663901537657,7.580044011118221,0.03791188821196556,0.0,0.0,0.00020289511303417385,1.099518017056025,0.09486699742930275,0.3630890686587285,1.4077972173690796,0.0,1.4077972173690796,1.4077972173690796
46,5888,63.165237165432,107,1.4077972173690796,0.0,1.4077972173690796,1.4077972173690796,500.0,0.0,500.0,500.0,10.609888076782227,0.22619397938251495,-0.011623917147517204,0.00013762805610895157,10.917320240939073,0.02520514279603958,0.0,0.0,0.0016878522001206875,1.1024618524010907,0.09754006777490888,0.3643714119770839,1.4077972173690796,0.0,1.4077972173690796,1.4077972173690796
47,6016,63.38855036144294,109,2.9657936096191406,0.0,2.9657936096191406,2.9657936096191406,500.0,0.0,500.0,500.0,10.629859924316406,0.3704947531223297,0.06657154858112335,0.016758641228079796,9.71107056605056,0.10834188014268875,0.0,0.0,0.0005191935924813151,1.1054570656271203,0.10025265919310707,0.36567210648146276,2.9657936096191406,0.0,2.9657936096191406,2.9657936096191406
48,6144,62.369470319863865,111,2.9657936096191406,0.0,2.9657936096191406,2.9657936096191406,500.0,0.0,500.0,500.0,10.646507263183594,0.03202357888221741,0.019955672323703766,0.05606921762228012,5.584950364437582,0.01361291017383337,0.0,0.06299212574958801,0.005906559526920319,1.1079759961974098,0.102528059056827,0.3667626560134312,2.9657936096191406,0.0,2.9657936096191406,2.9657936096191406
49,6272,63.2239721926635,113,2.9657936096191406,0.0,2.9657936096191406,2.9657936096191406,500.0,0.0,500.0,500.0,10.66051959991455,-0.016557790338993073,-0.015957359224557877,0.0017421251395717263,12.783442924602749,0.0238252691924572,0.0,0.0,0.0011245462810620666,1.1101008989525785,0.10444353840180806,0.3676803486640853,2.9657936096191406,0.0,2.9657936096191406,2.9657936096191406
50,6400,62.27484168875229,115,2.9657936096191406,0.0,2.9657936096191406,2.9657936096191406,500.0,0.0,500.0,500.0,10.673504829406738,0.06364023685455322,-0.022945888340473175,0.0020243192557245493,21.45271560683633,0.031202230602502823,0.0,0.0,0.0010771672241389751,1.112274722255082,0.10639959680182594,0.3686171643928181,2.9657936096191406,0.0,2.9657936096191406,2.9657936096191406
51,6528,63.684999228953394,117,1.273643970489502,0.0,1.273643970489502,1.273643970489502,500.0,0.0,500.0,500.0,10.687076568603516,0.14799156785011292,-0.0023397374898195267,0.0033401912078261375,7.117512851558782,0.07909496873617172,0.0,0.0,0.00181760813575238,1.1142705565375053,0.10819224055324282,0.36947541724445393,1.273643970489502,0.0,1.273643970489502,1.273643970489502
52,6656,62.138527465119985,119,1.273643970489502,0.0,1.273643970489502,1.273643970489502,500.0,0.0,500.0,500.0,10.697595596313477,0.1308446228504181,-0.0038673183880746365,0.0032772792037576437,17.259865482658675,0.06361499428749084,0.0,0.0,0.00035612491774372756,1.115876316960641,0.109632280256067,0.37016464747691435,1.273643970489502,0.0,1.273643970489502,1.273643970489502
53,6784,62.288128775530495,122,1.273643970489502,0.0,1.273643970489502,1.273643970489502,500.0,0.0,500.0,500.0,10.70628547668457,0.08053761720657349,-6.226601544767618e-05,0.0012796439696103334,14.334765472247115,0.017177259549498558,0.0,0.0,0.0007891534478403628,1.117184195494167,0.11080374888011388,0.3707251999670192,1.273643970489502,0.0,1.273643970489502,1.273643970489502
54,6912,62.44984775207335,124,1.273643970489502,0.0,1.273643970489502,1.273643970489502,500.0,0.0,500.0,500.0,10.71323013305664,0.04407481104135513,-0.01681426726281643,0.0014163668965920806,8.442172659357166,0.01904609613120556,0.0,0.0,0.00040587817784398794,1.1182448461155614,0.1117527431675366,0.3711791996865286,1.273643970489502,0.0,1.273643970489502,1.273643970489502
55,7040,62.759864289198724,126,1.022470474243164,0.0,1.022470474243164,1.022470474243164,500.0,0.0,500.0,500.0,10.721080780029297,0.10018434375524521,-0.0338873416185379,0.0031091414857655764,18.399397872765558,0.020140133798122406,0.0,0.0,0.0011582716833800077,1.1197227626232762,0.11307347246578761,0.371810883982817,1.022470474243164,0.0,1.022470474243164,1.022470474243164
56,7168,61.126128856625556,128,1.022470474243164,0.0,1.022470474243164,1.022470474243164,500.0,0.0,500.0,500.0,10.730932235717773,0.29236161708831787,-0.4716460704803467,0.3245265781879425,15.46954248764553,0.14076921343803406,0.0,0.0,0.0026564497966319323,1.1210857098551008,0.11428962222167424,0.3723923706234995,1.022470474243164,0.0,1.022470474243164,1.022470474243164
57,7296,62.981283257156925,130,1.022470474243164,0.0,1.022470474243164,1.022470474243164,500.0,0.0,500.0,500.0,10.7377347946167,0.45997920632362366,-0.11165313422679901,0.006417140364646912,15.458430129438975,0.1533443033695221,0.0,0.0,0.00032420080970041454,1.1222183114290438,0.11529886829001564,0.3728747942122284,1.022470474243164,0.0,1.022470474243164,1.022470474243164
58,7424,62.95975329791416,132,1.022470474243164,0.0,1.022470474243164,1.022470474243164,500.0,0.0,500.0,500.0,10.744961738586426,0.24101729691028595,0.034649576991796494,0.024471526965498924,4.264050941475271,0.023368842899799347,0.0,0.06299212574958801,0.004681099206209183,1.1233748026002828,0.11632839803184782,0.37336681490196705,1.022470474243164,0.0,1.022470474243164,1.022470474243164
59,7552,61.90097267850416,134,7.513883113861084,0.0,7.513883113861084,7.513883113861084,500.0,0.0,500.0,500.0,10.754995346069336,0.10948268324136734,0.03675609827041626,0.003397522494196892,15.746077257592956,0.017340127378702164,0.0,0.0,0.0004115713818464428,1.1253450950711192,0.11808024772575923,0.374203825720586,7.513883113861084,0.0,7.513883113861084,7.513883113861084
60,7680,61.35043544142367,137,7.513883113861084,0.0,7.513883113861084,7.513883113861084,500.0,0.0,500.0,500.0,10.769872665405273,0.194306418299675,0.008389603346586227,0.004090046510100365,1.4173719313426225,0.10845082253217697,0.0,0.0,0.0014953040517866611,1.127698846557511,0.12016915317092623,0.3752014853370943,7.513883113861084,0.0,7.513883113861084,7.513883113861084
61,7808,62.54972407424538,139,7.513883113861084,0.0,7.513883113861084,7.513883113861084,500.0,0.0,500.0,500.0,10.783653259277344,0.01269175298511982,0.00032237445702776313,0.01589791849255562,25.057567951947988,0.05056566745042801,0.0,0.0,0.0011672162218019366,1.1297519154990219,0.12198782499347414,0.37606973598345766,7.513883113861084,0.0,7.513883113861084,7.513883113861084
62,7936,63.33510509784972,141,7.513883113861084,0.0,7.513883113861084,7.513883113861084,500.0,0.0,500.0,500.0,10.793785095214844,-0.015555130317807198,-0.024621598422527313,0.0013724029995501041,31.698429798146027,0.11835402995347977,0.0,0.0,0.0003393070655874908,1.131277807696494,0.12333736249378749,0.3767137959694093,7.513883113861084,0.0,7.513883113861084,7.513883113861084
63,8064,62.6549214320267,143,0.6784231066703796,0.0,0.6784231066703796,0.6784231066703796,500.0,0.0,500.0,500.0,10.801351547241211,0.02282596193253994,-0.1423836499452591,0.038473546504974365,7.8603024761870275,0.06992292404174805,0.0,0.0,0.0001427790557499975,1.132411801635033,0.12433881312608719,0.37719157797446323,0.6784231066703796,0.0,0.6784231066703796,0.6784231066703796
64,8192,63.54800703054932,145,0.6784231066703796,0.0,0.6784231066703796,0.6784231066703796,500.0,0.0,500.0,500.0,10.807311058044434,0.1489548236131668,-0.038637708872556686,0.014273740351200104,6.36001200417035,0.011837616562843323,0.0,0.0,0.0005563117447309196,1.1333725538255575,0.12518633476325444,0.37759582297021893,0.6784231066703796,0.0,0.6784231066703796,0.6784231066703796
65,8320,64.59746009576199,147,0.6784231066703796,0.0,0.6784231066703796,0.6784231066703796,500.0,0.0,500.0,500.0,10.81348991394043,0.01585310325026512,-0.00843403022736311,0.005561226978898048,17.161665278431954,0.017417674884200096,0.0,0.0,7.658681715838611e-05,1.1343514531120078,0.12604947068861552,0.3780074740319243,0.6784231066703796,0.0,0.6784231066703796,0.6784231066703796
66,8448,64.09543323052517,149,0.6784231066703796,0.0,0.6784231066703796,0.6784231066703796,500.0,0.0,500.0,500.0,10.824789047241211,0.1684754490852356,-0.02246048115193844,0.018344813957810402,5.4945489742449904,0.019051842391490936,0.0,0.0,0.0009572174749337137,1.1365580332269685,0.12799222341605596,0.3789337131759626,0.6784231066703796,0.0,0.6784231066703796,0.6784231066703796
67,8576,63.18666250185663,151,2.9118833541870117,0.0,2.9118833541870117,2.9118833541870117,500.0,0.0,500.0,500.0,10.839338302612305,0.1405143141746521,0.03451474756002426,0.002715041860938072,9.25662505699668,0.011112667620182037,0.0,0.0,0.0005686893127858639,1.13887230272864,0.13002645650080272,0.3799032078102407,2.9118833541870117,0.0,2.9118833541870117,2.9118833541870117
68,8704,62.27093395107343,153,2.9118833541870117,0.0,2.9118833541870117,2.9118833541870117,500.0,0.0,500.0,500.0,10.853346824645996,0.04259377717971802,0.0029969699680805206,0.005915849935263395,5.5592884994413705,0.009213559329509735,0.0,0.0,0.00036570001975633204,1.1411086151207817,0.13198852326188767,0.3808379127650185,2.9118833541870117,0.0,2.9118833541870117,2.9118833541870117
69,8832,62.84418678505597,155,2.9118833541870117,0.0,2.9118833541870117,2.9118833541870117,500.0,0.0,500.0,500.0,10.864387512207031,0.0036227914970368147,-0.015597736462950706,0.0011432900791987777,8.20460818660027,0.019892221316695213,0.0,0.0,3.9479211409343407e-05,1.1427729942271885,0.1334462719304221,0.3815320891528952,2.9118833541870117,0.0,2.9118833541870117,2.9118833541870117
70,8960,62.91856614307864,158,2.9118833541870117,0.0,2.9118833541870117,2.9118833541870117,500.0,0.0,500.0,500.0,10.872483253479004,0.031035682186484337,-0.02213602513074875,0.0001486396067775786,32.27115934385161,0.0545654259622097,0.0,0.0,4.162714321864769e-05,1.143983184649232,0.13450489512511662,0.38203605593584566,2.9118833541870117,0.0,2.9118833541870117,2.9118833541870117
71,9088,61.97604655901175,160,0.8146008849143982,0.0,0.8146008849143982,0.8146008849143982,500.0,0.0,500.0,500.0,10.878840446472168,0.06111966818571091,-0.0017830920405685902,0.0005840802332386374,7.096500385489893,0.006317917723208666,0.0,0.0,8.662682375870645e-05,1.145008696749029,0.13540108927658626,0.3824625984813948,0.8146008849143982,0.0,0.8146008849143982,0.8146008849143982
72,9216,61.77789499605309,162,0.8146008849143982,0.0,0.8146008849143982,0.8146008849143982,500.0,0.0,500.0,500.0,10.885234832763672,0.08215169608592987,-0.004191884305328131,0.0001437474275007844,15.067495230942448,0.009965229779481888,0.0,0.0,6.173172732815146e-05,1.1460665544493127,0.13632468453475408,0.3829020851071018,0.8146008849143982,0.0,0.8146008849143982,0.8146008849143982
73,9344,63.32325720684603,164,0.8146008849143982,0.0,0.8146008849143982,0.8146008849143982,500.0,0.0,500.0,500.0,10.893815994262695,0.09446515142917633,-0.010307585820555687,1.1641606761259027e-05,40.3841818986944,0.06269965320825577,0.0,0.0,7.194883073680103e-05,1.147599241432353,0.1376611739397049,0.38353785508311417,0.8146008849143982,0.0,0.8146008849143982,0.8146008849143982
74,9472,63.029581600141164,166,0.8146008849143982,0.0,0.8146008849143982,0.8146008849143982,500.0,0.0,500.0,500.0,10.902435302734375,0.1069960817694664,-0.011189805343747139,0.00010149312583962455,43.92534909058275,0.0824279934167862,0.0,0.0,2.217347537225578e-05,1.1489148150452861,0.13880692209516252,0.3840827268184103,0.8146008849143982,0.0,0.8146008849143982,0.8146008849143982
75,9600,60.97270786868795,168,0.6848913431167603,0.0,0.6848913431167603,0.6848913431167603,500.0,0.0,500.0,500.0,10.909154891967773,0.10141026228666306,0.009500089101493359,0.0008261115290224552,15.754761167937355,0.016072923317551613,0.0,0.0,4.378020094009116e-06,1.1500024511874436,0.1397532778126853,0.3845326744524106,0.6848913431167603,0.0,0.6848913431167603,0.6848913431167603
76,9728,62.445896230908566,170,0.6848913431167603,0.0,0.6848913431167603,0.6848913431167603,500.0,0.0,500.0,500.0,10.920074462890625,0.2629234194755554,-0.5965485572814941,0.6409974098205566,2.868927801188063,0.01748845912516117,0.0,0.0,0.0005455935606732965,1.152299845480676,0.1417447349854878,0.3854786440463247,0.6848913431167603,0.0,0.6848913431167603,0.6848913431167603
77,9856,61.3183219227562,173,0.6848913431167603,0.0,0.6848913431167603,0.6848913431167603,500.0,0.0,500.0,500.0,10.936929702758789,0.6143059134483337,-0.11704687774181366,0.007703978102654219,19.77652163308295,0.1728643923997879,0.0,0.0,0.0006565762450918555,1.1548891538044284,0.14397984530244554,0.3865392310020615,0.6848913431167603,0.0,0.6848913431167603,0.6848913431167603
78,9984,59.88199763069042,175,0.6848913431167603,0.0,0.6848913431167603,0.6848913431167603,500.0,0.0,500.0,500.0,10.949440002441406,0.5976487994194031,-0.16584664583206177,0.0424361415207386,17.546599367035604,0.13499093055725098,0.0,0.0,0.00039582312456332147,1.156821069075331,0.14564371960503714,0.3873282948078748,0.6848913431167603,0.0,0.6848913431167603,0.6848913431167603
79,10112,62.450247290322025,177,10.29582405090332,0.0,10.29582405090332,10.29582405090332,500.0,0.0,500.0,500.0,10.960214614868164,0.36378946900367737,0.10087551176548004,0.025459451600909233,1.5710939703755573,0.04315321519970894,0.0,0.0,0.0008848764700815082,1.1587565899999215,0.147309843982969,0.3881183117623535,10.29582405090332,0.0,10.29582405090332,10.29582405090332
80,10240,63.55242275813755,179,10.29582405090332,0.0,10.29582405090332,10.29582405090332,500.0,0.0,500.0,500.0,10.975057601928711,-0.09198400378227234,0.030419230461120605,0.11466071009635925,21.3181476663836,0.03662436828017235,0.0,0.0,0.001086069387383759,1.1611855959496558,0.14940038536276137,0.38910951511855824,10.29582405090332,0.0,10.29582405090332,10.29582405090332
81,10368,63.81614249565185,181,10.29582405090332,0.0,10.29582405090332,10.29582405090332,500.0,0.0,500.0,500.0,10.986793518066406,-0.12296024709939957,-0.03703846037387848,0.0017336586024612188,18.987659442111276,0.06905341148376465,0.0,0.0,0.00039751105941832066,1.162983414718775,0.15094536330018724,0.3898417571860953,10.29582405090332,0.0,10.29582405090332,10.29582405090332
82,10496,61.95182381788385,183,10.29582405090332,0.0,10.29582405090332,10.29582405090332,500.0,0.0,500.0,500.0,10.995658874511719,-0.05988551676273346,-0.03960059583187103,0.00020671049423981458,17.213995395121366,0.05010465905070305,0.0,0.0,0.00010691506759030744,1.1643729583254523,0.15213825021471297,0.3904069710912822,10.29582405090332,0.0,10.29582405090332,10.29582405090332
83,10624,63.31896288085872,186,0.8205700516700745,0.0,0.8205700516700745,0.8205700516700745,500.0,0.0,500.0,500.0,11.00284194946289,0.04528603330254555,-0.01308192778378725,0.0038201070856302977,24.123022442212076,0.034516409039497375,0.0,0.0,0.00019533865270204842,1.1655344587568042,0.1531348696776799,0.3908791265751975,0.8205700516700745,0.0,0.8205700516700745,0.8205700516700745
84,10752,63.53134262407773,188,0.8205700516700745,0.0,0.8205700516700745,0.8205700516700745,500.0,0.0,500.0,500.0,11.009075164794922,0.12678341567516327,-0.005932481028139591,0.002120053395628929,9.323171723880572,0.006215567700564861,0.0,0.0,0.0004879769985564053,1.1665495273025546,0.15400553601128714,0.3912915722961633,0.8205700516700745,0.0,0.8205700516700745,0.8205700516700745
85,10880,63.94359985645558,190,0.8205700516700745,0.0,0.8205700516700745,0.8205700516700745,500.0,0.0,500.0,500.0,11.018512725830078,0.10074328631162643,-0.0046515073627233505,0.0015778426313772798,15.444243228892827,0.014025900512933731,0.0,0.0,0.00022409087978303432,1.168240290329923,0.15545543602534703,0.39197836724957125,0.8205700516700745,0.0,0.8205700516700745,0.8205700516700745
86,11008,63.29197051464736,192,0.7148169875144958,0.0,0.7148169875144958,0.7148169875144958,500.0,0.0,500.0,500.0,11.026884078979492,0.0758582279086113,-0.0011242808541283011,0.0009159438777714968,15.649391149202438,0.019741734489798546,0.0,0.0,3.9857422962086275e-05,1.1695696802530353,0.1565939805337361,0.3925174950431665,0.7148169875144958,0.0,0.7148169875144958,0.7148169875144958
87,11136,62.21489998375302,194,0.7148169875144958,0.0,0.7148169875144958,0.7148169875144958,500.0,0.0,500.0,500.0,11.033638000488281,0.07963241636753082,0.0025201644748449326,1.0663468856364489e-05,16.09058009579564,0.016018396243453026,0.0,0.0,2.730781488935463e-05,1.1706390005460718,0.15750886287008012,0.39295059675765437,0.7148169875144958,0.0,0.7148169875144958,0.7148169875144958
88,11264,62.811696033417775,196,0.7148169875144958,0.0,0.7148169875144958,0.7148169875144958,500.0,0.0,500.0,500.0,11.039383888244629,0.08653207868337631,-0.00577972736209631,1.4649964214186184e-05,10.68823439061557,0.006227272097021341,0.0,0.0,2.7235773814027198e-05,1.171568660240473,0.15830360778740474,0.393326744046845,0.7148169875144958,0.0,0.7148169875144958,0.7148169875144958
89,11392,62.884621024958896,198,0.7148169875144958,0.0,0.7148169875144958,0.7148169875144958,500.0,0.0,500.0,500.0,11.04448127746582,0.10659320652484894,-0.011203628964722157,2.0539388060569763e-05,15.013001028331317,0.01146868895739317,0.0,0.0,3.304050551378168e-05,1.1724047730212017,0.15901789282049453,0.3936647482478192,0.7148169875144958,0.0,0.7148169875144958,0.7148169875144958
90,11520,63.500293153294514,200,0.6977454423904419,0.0,0.6977454423904419,0.6977454423904419,500.0,0.0,500.0,500.0,11.049155235290527,0.11305823922157288,0.000422464101575315,0.0013375600101426244,15.615622720779063,0.01266508735716343,0.0,0.0,1.5136381989577785e-05,1.17317035695271,0.15967140666076116,0.3939739290692924,0.6977454423904419,0.0,0.6977454423904419,0.6977454423904419
91,11648,61.94115951733812,203,0.6977454423904419,0.0,0.6977454423904419,0.6977454423904419,500.0,0.0,500.0,500.0,11.053619384765625,0.09522703289985657,0.0007009034161455929,1.907802106870804e-05,10.208768776792589,0.00553147541359067,0.0,0.0,4.481403721001698e-06,1.1739121800039156,0.1603041695696967,0.3942732325923272,0.6977454423904419,0.0,0.6977454423904419,0.6977454423904419
92,11776,62.38160905863968,205,0.6977454423904419,0.0,0.6977454423904419,0.6977454423904419,500.0,0.0,500.0,500.0,11.05803394317627,0.10076521337032318,-0.004085686057806015,1.4023072253621649e-05,15.026453537628544,0.010651933960616589,0.0,0.0,4.813716259377543e-06,1.17466031359314,0.16094200100217546,0.3945748932925204,0.6977454423904419,0.0,0.6977454423904419,0.6977454423904419
93,11904,63.06031307518197,207,0.6977454423904419,0.0,0.6977454423904419,0.6977454423904419,500.0,0.0,500.0,500.0,11.0623779296875,0.10244233161211014,-0.010236409492790699,0.0002166924241464585,13.144700649988465,0.008480262011289597,0.0,0.0,1.0937645129160956e-05,1.1753782845405756,0.1615537703037262,0.3948641834147816,0.6977454423904419,0.0,0.6977454423904419,0.6977454423904419
94,12032,62.21887279810151,209,0.8682866096496582,0.0,0.8682866096496582,0.8682866096496582,500.0,0.0,500.0,500.0,11.066788673400879,0.10522306710481644,0.001847017090767622,0.0007539402577094734,11.539188316895732,0.006496532820165157,0.0,0.0,6.667986326647224e-06,1.176120083144379,0.1621854943888528,0.3951628647318235,0.8682866096496582,0.0,0.8682866096496582,0.8682866096496582
95,12160,64.34763460788665,211,0.8682866096496582,0.0,0.8682866096496582,0.8682866096496582,500.0,0.0,500.0,500.0,11.071146011352539,0.11170542985200882,0.0049215080216526985,3.767601083382033e-05,13.353111988862914,0.009002672508358955,0.0,0.0,3.2486225336469943e-06,1.1768561940748066,0.16281200519629888,0.3954590333234246,0.8682866096496582,0.0,0.8682866096496582,0.8682866096496582
96,12288,64.63997256776067,213,0.8682866096496582,0.0,0.8682866096496582,0.8682866096496582,500.0,0.0,500.0,500.0,11.07552719116211,0.1008472889661789,-0.002943185158073902,0.0002099568664561957,16.517230437087374,0.013378463685512543,0.0,0.0,4.93003517476609e-06,1.1775845369947897,0.16343150394303457,0.39575183511156087,0.8682866096496582,0.0,0.8682866096496582,0.8682866096496582
97,12416,63.4756975640635,215,0.8682866096496582,0.0,0.8682866096496582,0.8682866096496582,500.0,0.0,500.0,500.0,11.079943656921387,0.09847890585660934,-0.013319473713636398,0.00014062343689147383,11.433884681949078,0.006422481965273619,0.0,0.0,4.9319469326292165e-06,1.1783270165224884,0.1640626106943403,0.3960500691429883,0.8682866096496582,0.0,0.8682866096496582,0.8682866096496582
98,12544,63.22685373125188,217,0.7529115080833435,0.0,0.7529115080833435,0.7529115080833435,500.0,0.0,500.0,500.0,11.084280014038086,0.12901350855827332,-0.053119927644729614,0.012948762625455856,15.436161581562258,0.011858280748128891,0.0,0.0,1.8466549590812065e-05,1.179063190933958,0.1646886361496789,0.39634593998635825,0.7529115080833435,0.0,0.7529115080833435,0.7529115080833435
99,12672,62.47194626074264,219,0.7529115080833435,0.0,0.7529115080833435,0.7529115080833435,500.0,0.0,500.0,500.0,11.088791847229004,0.1765742301940918,-0.12762399017810822,0.022316841408610344,11.147371239173232,0.009156967513263226,0.0,0.0,1.5322375475079753e-05,1.179847616779165,0.1653556546994618,0.39666118117968,0.7529115080833435,0.0,0.7529115080833435,0.7529115080833435
100,12800,62.528480826161406,222,0.7529115080833435,0.0,0.7529115080833435,0.7529115080833435,500.0,0.0,500.0,500.0,11.094711303710938,0.22230419516563416,-0.04322943091392517,0.001227573142386973,13.917090804594856,0.015744585543870926,0.0,0.0,1.8284597899764776e-05,1.1808660107696,0.1662188661949975,0.39706878050378114,0.7529115080833435,0.0,0.7529115080833435,0.7529115080833435
101,12928,63.565372577319465,224,0.7529115080833435,0.0,0.7529115080833435,0.7529115080833435,500.0,0.0,500.0,500.0,11.100290298461914,0.20530515909194946,-0.03596073016524315,0.00304319872520864,12.970092651954827,0.013127671554684639,0.0,0.0,6.063509772502584e-06,1.18180463879316,0.16701333863394602,0.3974437715591988,0.7529115080833435,0.0,0.7529115080833435,0.7529115080833435
102,13056,63.43251373076998,226,4.1889328956604,0.0,4.1889328956604,4.1889328956604,500.0,0.0,500.0,500.0,11.105830192565918,0.14620421826839447,0.004840037785470486,0.005916752386838198,16.001502710744376,0.013844977132976055,0.0,0.0,2.545844836276956e-05,1.1827392194684971,0.16780390909739903,0.39781685715943355,4.1889328956604,0.0,4.1889328956604,4.1889328956604
103,13184,61.14970313052416,228,4.1889328956604,0.0,4.1889328956604,4.1889328956604,500.0,0.0,500.0,500.0,11.1114501953125,0.1185760498046875,-0.043960511684417725,0.0048560695722699165,8.890233754224042,0.0041433353908360004,0.0,0.0,1.3446843695419375e-05,1.1836945916809523,0.16861163718359812,0.39819798200522094,4.1889328956604,0.0,4.1889328956604,4.1889328956604
104,13312,60.8972528621785,230,4.1889328956604,0.0,4.1889328956604,4.1889328956604,500.0,0.0,500.0,500.0,11.117145538330078,0.12990379333496094,-0.03107372857630253,0.0019131872104480863,9.94546132269252,0.005275105591863394,0.0,0.0,5.028615760238608e-06,1.1846702973291794,0.16943604392664774,0.39858690789431117,4.1889328956604,0.0,4.1889328956604,4.1889328956604
105,13440,60.42114911068395,232,4.1889328956604,0.0,4.1889328956604,4.1889328956604,500.0,0.0,500.0,500.0,11.123004913330078,0.1775209605693817,-0.15140274167060852,0.05516476184129715,15.114482803027261,0.013941725715994835,0.0,0.0,2.1161917175049894e-05,1.1856495901816186,0.1702639205115182,0.398977528776003,4.1889328956604,0.0,4.1889328956604,4.1889328956604
106,13568,61.75634862973769,235,3.473252058029175,0.0,3.473252058029175,3.473252058029175,500.0,0.0,500.0,500.0,11.128698348999023,0.21958458423614502,-0.0019957348704338074,0.002937468932941556,8.100875334356033,0.008983700536191463,0.0,0.0,1.5391175111290067e-05,1.1866137268878159,0.1710782221385411,0.3993616420524195,3.473252058029175,0.0,3.473252058029175,3.473252058029175
107,13696,61.954461868822754,237,3.473252058029175,0.0,3.473252058029175,3.473252058029175,500.0,0.0,500.0,500.0,11.134231567382812,0.1617668867111206,0.0074533941224217415,0.0005990725476294756,9.185367968848153,0.005710585042834282,0.0,0.0,1.531498674012255e-05,1.1875421486636273,0.1718613909823554,0.39973093956379746,3.473252058029175,0.0,3.473252058029175,3.473252058029175
108,13824,61.95986735784495,239,3.473252058029175,0.0,3.473252058029175,3.473252058029175,500.0,0.0,500.0,500.0,11.139671325683594,0.1112411692738533,-0.0029814173467457294,0.002054571406915784,15.22318500397898,0.011997250840067863,0.0,0.0,1.5683599485782906e-05,1.188455524012866,0.1726310827902385,0.40009377593406864,3.473252058029175,0.0,3.473252058029175,3.473252058029175
109,13952,61.72702369025037,241,3.473252058029175,0.0,3.473252058029175,3.473252058029175,500.0,0.0,500.0,500.0,11.14515495300293,0.09553317725658417,-0.009771555662155151,0.0006738181691616774,9.4491018711314,0.004590252414345741,0.0,0.0,7.761783308524173e-06,1.189390065588775,0.17341782578400203,0.4004645435364463,3.473252058029175,0.0,3.473252058029175,3.473252058029175
110,14080,62.092281137716206,243,0.84947669506073,0.0,0.84947669506073,0.84947669506073,500.0,0.0,500.0,500.0,11.15062141418457,0.09627076238393784,-0.0009730347665026784,0.0009196975734084845,9.9055015993678,0.005199271719902754,0.0,0.0,4.351799816504354e-06,1.1903327928168577,0.17421069741249084,0.400838094911692,0.84947669506073,0.0,0.84947669506073,0.84947669506073
111,14208,61.840330650023276,245,0.84947669506073,0.0,0.84947669506073,0.84947669506073,500.0,0.0,500.0,500.0,11.15627670288086,0.09433452785015106,-0.003945762291550636,1.5266414266079664e-05,14.8607703564716,0.011532876640558243,0.0,0.0,5.140140274306759e-06,1.191283627607094,0.1750097210918154,0.4012144529938854,0.84947669506073,0.0,0.84947669506073,0.84947669506073
112,14336,60.76673139445756,248,0.84947669506073,0.0,0.84947669506073,0.84947669506073,500.0,0.0,500.0,500.0,11.161844253540039,0.11554829031229019,-0.00660602655261755,2.101924292219337e-05,7.730869293728407,0.0032920364756137133,0.0,0.0,3.835404640994966e-06,1.1922360378619692,0.1758094025509698,0.4015910288677636,0.84947669506073,0.0,0.84947669506073,0.84947669506073
113,14464,61.276679827009836,250,0.84947669506073,0.0,0.84947669506073,0.84947669506073,500.0,0.0,500.0,500.0,11.167253494262695,0.12354239076375961,-0.017643719911575317,0.0002062442945316434,8.158153532208805,0.003656084882095456,0.0,0.0,2.890336190830567e-06,1.1931501441324008,0.17657638660499028,0.401952132972336,0.84947669506073,0.0,0.84947669506073,0.84947669506073
114,14592,62.00836586571557,252,1.4574602842330933,0.0,1.4574602842330933,1.4574602842330933,500.0,0.0,500.0,500.0,11.172689437866211,0.14338664710521698,-0.042362555861473083,0.006694325711578131,14.285728377531239,0.011418306268751621,0.0,0.0,5.45175635124906e-06,1.1940709480850527,0.17734883299895696,0.402315787719751,1.4574602842330933,0.0,1.4574602842330933,1.4574602842330933
115,14720,60.85075207285167,254,1.4574602842330933,0.0,1.4574602842330933,1.4574602842330933,500.0,0.0,500.0,500.0,11.17745590209961,0.32117053866386414,-0.41543182730674744,0.15362925827503204,5.881660252588235,0.0218446534126997,0.0,0.0,0.00034716783557087183,1.1948317958362846,0.17798660695552826,0.4026159728355845,1.4574602842330933,0.0,1.4574602842330933,1.4574602842330933
116,14848,62.259495261400254,256,1.4574602842330933,0.0,1.4574602842330933,1.4574602842330933,500.0,0.0,500.0,500.0,11.182263374328613,0.6803790926933289,-0.9837958216667175,1.20228111743927,5.139454762421835,0.13766540586948395,0.0,0.0,0.0008671486866660416,1.1957836408428706,0.1787741631269455,0.4029852027929085,1.4574602842330933,0.0,1.4574602842330933,1.4574602842330933
117,14976,63.51703896364485,258,1.4574602842330933,0.0,1.4574602842330933,1.4574602842330933,500.0,0.0,500.0,500.0,11.189383506774902,0.34371301531791687,0.022834818810224533,0.08070654422044754,3.0032180958421284,0.026315513998270035,0.0,0.0,0.001407486735843122,1.1970645644001012,0.17982615956238338,0.40347728844882125,1.4574602842330933,0.0,1.4574602842330933,1.4574602842330933
118,15104,63.279571896218705,261,15.999948501586914,0.0,15.999948501586914,15.999948501586914,500.0,0.0,500.0,500.0,11.197176933288574,0.0419725738465786,0.045265160501003265,0.030230585485696793,9.964503813197387,0.008163376711308956,0.0,0.0,0.0005289962282404304,1.1984002191196443,0.18092448796544755,0.4039912355450593,15.999948501586914,0.0,15.999948501586914,15.999948501586914
119,15232,62.37352811875243,263,15.999948501586914,0.0,15.999948501586914,15.999948501586914,500.0,0.0,500.0,500.0,11.209487915039062,0.12207391858100891,-0.011468959972262383,0.008676624856889248,4.245934395665525,0.0029994798824191093,0.0,0.0,0.0005617303540930152,1.2008073791955856,0.1829181228365217,0.404926138307284,15.999948501586914,0.0,15.999948501586914,15.999948501586914
120,15360,61.75366349388929,265,15.999948501586914,0.0,15.999948501586914,15.999948501586914,500.0,0.0,500.0,500.0,11.222735404968262,0.1591416597366333,-0.00427235197275877,0.0002624463231768459,19.48081087408834,0.022007524967193604,0.0,0.0,4.019109837827273e-05,1.2030306592853677,0.1847582118851798,0.4057888348874373,15.999948501586914,0.0,15.999948501586914,15.999948501586914
121,15488,61.6477729181324,267,15.999948501586914,0.0,15.999948501586914,15.999948501586914,500.0,0.0,500.0,500.0,11.234065055847168,0.13189023733139038,-0.007197610102593899,0.0007360005984082818,23.956241694351938,0.024550937116146088,0.0,0.0,6.91958557581529e-05,1.204868564972749,0.18627787700721196,0.40650107984325107,15.999948501586914,0.0,15.999948501586914,15.999948501586914
122,15616,62.197803206100325,269,0.8037855625152588,0.0,0.8037855625152588,0.8037855625152588,500.0,0.0,500.0,500.0,11.242738723754883,0.11384684592485428,0.02050008624792099,0.0007211080519482493,0.8998571500477114,0.002321244217455387,0.0,0.0,7.194839417934418e-05,1.206501860370103,0.18762806483677455,0.4071338402041098,0.8037855625152588,0.0,0.8037855625152588,0.8037855625152588
123,15744,63.47111239949173,271,0.8037855625152588,0.0,0.8037855625152588,0.8037855625152588,500.0,0.0,500.0,500.0,11.25461196899414,0.09942610561847687,-0.0014715695288032293,9.843291627475992e-05,12.758666885796748,0.00896873977035284,0.0,0.0,2.9285962227731943e-05,1.2084354776032582,0.18922703393868037,0.40788325571635464,0.8037855625152588,0.0,0.8037855625152588,0.8037855625152588
124,15872,62.18139279967866,273,0.8037855625152588,0.0,0.8037855625152588,0.8037855625152588,500.0,0.0,500.0,500.0,11.264171600341797,0.11702880263328552,-0.006740642711520195,3.8681249861838296e-05,16.667780158899383,0.015570882707834244,0.0,0.0,1.3880404367228039e-05,1.209997109595098,0.19051681884697505,0.4084875249327991,0.8037855625152588,0.0,0.8037855625152588,0.8037855625152588
125,16000,61.133277195619435,276,0.7081074714660645,0.0,0.7081074714660645,0.7081074714660645,500.0,0.0,500.0,500.0,11.276773452758789,0.13004684448242188,0.0017782486975193024,0.0010775988921523094,36.52753544904183,0.06646785885095596,0.0,0.0,8.022082329262048e-05,1.2123366103999451,0.19244743032114847,0.4093917679864503,0.7081074714660645,0.0,0.7081074714660645,0.7081074714660645
126,16128,63.14893629033946,278,0.7081074714660645,0.0,0.7081074714660645,0.7081074714660645,500.0,0.0,500.0,500.0,11.288639068603516,0.23026908934116364,-0.10257211327552795,0.013262194581329823,9.197614688054173,0.014287835918366909,0.0,0.0,0.00021702490630559623,1.2143773290904816,0.19412780233791896,0.410178257240574,0.7081074714660645,0.0,0.7081074714660645,0.7081074714660645
127,16256,60.76633247334524,280,0.7081074714660645,0.0,0.7081074714660645,0.7081074714660645,500.0,0.0,500.0,500.0,11.296451568603516,0.6433752775192261,-0.5552130937576294,0.3515523076057434,8.538065481255218,0.1044674664735794,0.0,0.0,0.0005373121239244938,1.2153248156341803,0.19489969738892146,0.41053832421515946,0.7081074714660645,0.0,0.7081074714660645,0.7081074714660645
128,16384,60.76515637434315,282,0.7081074714660645,0.0,0.7081074714660645,0.7081074714660645,500.0,0.0,500.0,500.0,11.298851013183594,0.8077874183654785,-0.26285094022750854,0.08802181482315063,1.5621085182082395,0.16364657878875732,0.0,0.0,0.0006494109984487295,1.2159172111107917,0.1953751210655485,0.41075901592395675,0.7081074714660645,0.0,0.7081074714660645,0.7081074714660645
129,16512,62.25017554828111,284,12.788448333740234,0.0,12.788448333740234,12.788448333740234,500.0,0.0,500.0,500.0,11.304920196533203,0.37997862696647644,0.039226286113262177,0.18053695559501648,10.051025673807134,0.030345061793923378,0.0,0.0,0.0006145047373138368,1.2170330237548392,0.1962844282388687,0.411183210682844,12.788448333740234,0.0,12.788448333740234,12.788448333740234
130,16640,62.38255136730231,286,12.788448333740234,0.0,12.788448333740234,12.788448333740234,500.0,0.0,500.0,500.0,11.311389923095703,0.13674379885196686,0.03287060558795929,0.014711721800267696,8.45942771330931,0.00640343502163887,0.0,0.0,6.021161607350223e-05,1.218174854736389,0.19721627235412598,0.41161810425763834,12.788448333740234,0.0,12.788448333740234,12.788448333740234
131,16768,61.84077941342645,289,12.788448333740234,0.0,12.788448333740234,12.788448333740234,500.0,0.0,500.0,500.0,11.31985855102539,0.10897913575172424,0.02031092345714569,0.0028405343182384968,4.082411175085147,0.0021312644239515066,0.0,0.0,0.0003613813896663487,1.219784914323705,0.19853215983935765,0.4122324950145151,12.788448333740234,0.0,12.788448333740234,12.788448333740234
132,16896,60.92970811624507,291,12.788448333740234,0.0,12.788448333740234,12.788448333740234,500.0,0.0,500.0,500.0,11.32859992980957,0.06848155707120895,-0.09257172048091888,0.027621034532785416,21.61141729726639,0.02092970535159111,0.0,0.0,0.00012060484732501209,1.2212095616164331,0.19969631944383895,0.4127760049769093,12.788448333740234,0.0,12.788448333740234,12.788448333740234
133,17024,63.07806524427655,293,1.5842804908752441,0.0,1.5842804908752441,1.5842804908752441,500.0,0.0,500.0,500.0,11.335567474365234,0.10371702909469604,-0.01766926422715187,0.0007235785597003996,7.631724726773451,0.007877560332417488,0.0,0.0,2.0594103261828423e-05,1.2224240979647012,0.20068842598370143,0.41323912851420136,1.5842804908752441,0.0,1.5842804908752441,1.5842804908752441
134,17152,61.65505087190524,295,1.5842804908752441,0.0,1.5842804908752441,1.5842804908752441,500.0,0.0,500.0,500.0,11.342508316040039,0.15956905484199524,-0.03250497207045555,0.0011386824771761894,23.264966922302087,0.018580500036478043,0.0,0.0,0.00015495342086069286,1.2235838856582721,0.20163450070789882,0.4136805601920387,1.5842804908752441,0.0,1.5842804908752441,1.5842804908752441
135,17280,60.354324825711686,297,1.5842804908752441,0.0,1.5842804908752441,1.5842804908752441,500.0,0.0,500.0,500.0,11.348012924194336,0.20432445406913757,0.013293691910803318,0.00131708150729537,30.48638032982524,0.03145265951752663,0.0,0.0,8.395151235163212e-05,1.2244824145832955,0.20236684381961823,0.41402217011297526,1.5842804908752441,0.0,1.5842804908752441,1.5842804908752441
136,17408,61.68632030297679,300,1.5842804908752441,0.0,1.5842804908752441,1.5842804908752441,500.0,0.0,500.0,500.0,11.352592468261719,0.18598255515098572,0.005126092117279768,0.0001948200660990551,57.34062561403101,0.10926249623298645,0.0,0.0,2.5199678930221125e-05,1.2252576482314395,0.2029987190450941,0.4143169173200804,1.5842804908752441,0.0,1.5842804908752441,1.5842804908752441
137,17536,61.879982291384636,302,1.1557189226150513,0.0,1.1557189226150513,1.1557189226150513,500.0,0.0,500.0,500.0,11.356908798217773,0.16472022235393524,0.026280757039785385,0.0015462394803762436,79.14742547174208,0.19077877700328827,0.0,0.0,3.6263296351535246e-05,1.2260329546800688,0.2036298428262983,0.414611186703613,1.1557189226150513,0.0,1.1557189226150513,1.1557189226150513
138,17664,62.87387618129129,304,1.1557189226150513,0.0,1.1557189226150513,1.1557189226150513,500.0,0.0,500.0,500.0,11.36068344116211,0.12430321425199509,0.00383138470351696,0.0006988845998421311,8.074488185682185,0.003151324111968279,0.0,0.0,2.8839349397458136e-05,1.2266625795289106,0.20414202128137862,0.41484994023179456,1.1557189226150513,0.0,1.1557189226150513,1.1557189226150513
139,17792,62.62996795771029,306,1.1557189226150513,0.0,1.1557189226150513,1.1557189226150513,500.0,0.0,500.0,500.0,11.363973617553711,0.09017813950777054,-0.012274552136659622,0.0005941719282418489,18.948919248363616,0.013196122832596302,0.0,0.0,1.2323441296757665e-05,1.2272206337584524,0.20459602773189545,0.415061583541215,1.1557189226150513,0.0,1.1557189226150513,1.1557189226150513
140,17920,61.88174402322979,308,1.1557189226150513,0.0,1.1557189226150513,1.1557189226150513,500.0,0.0,500.0,500.0,11.367058753967285,0.12331612408161163,-0.01089533045887947,8.36733597679995e-05,7.627278626535399,0.002820320427417755,0.0,0.0,1.1150162208650727e-05,1.227790173202944,0.20505961775779724,0.41527773141060853,1.1557189226150513,0.0,1.1557189226150513,1.1557189226150513
141,18048,60.022643256902896,310,0.8670871257781982,0.0,0.8670871257781982,0.8670871257781982,500.0,0.0,500.0,500.0,11.373819351196289,0.17444470524787903,-0.009813865646719933,0.002960638841614127,2.6272898397972426,0.0010746188927441835,0.0,0.0,7.205137080745772e-05,1.2292502792311726,0.20624749575342452,0.41583148127623887,0.8670871257781982,0.0,0.8670871257781982,0.8670871257781982
142,18176,61.889191479786305,313,0.8670871257781982,0.0,0.8670871257781982,0.8670871257781982,500.0,0.0,500.0,500.0,11.382498741149902,0.2018948793411255,-0.03554408252239227,0.006407701876014471,14.837929126355126,0.009972265921533108,0.0,0.0,1.3872308954887558e-05,1.2306450239816817,0.20738103772912705,0.41635971702704583,0.8670871257781982,0.0,0.8670871257781982,0.8670871257781982
143,18304,62.20397916163866,315,0.8670871257781982,0.0,0.8670871257781982,0.8670871257781982,500.0,0.0,500.0,500.0,11.388797760009766,0.17079639434814453,-0.014031114988029003,0.00012906522897537798,15.244631197412467,0.009631904773414135,0.0,0.0,3.531750962793012e-06,1.2316885132181337,0.20822841141905105,0.4167544860909164,0.8670871257781982,0.0,0.8670871257781982,0.8670871257781982
144,18432,61.53624192744382,317,0.8670871257781982,0.0,0.8670871257781982,0.8670871257781982,500.0,0.0,500.0,500.0,11.400272369384766,0.2501191794872284,-0.03138337284326553,0.0020134388469159603,5.22728435584563,0.007884757593274117,0.0,0.0,0.00019210713799111545,1.233994772153856,0.21010127237864903,0.4176269947757153,0.8670871257781982,0.0,0.8670871257781982,0.8670871257781982
145,18560,62.37673125430614,319,2.256814956665039,0.0,2.256814956665039,2.256814956665039,500.0,0.0,500.0,500.0,11.410755157470703,0.29046058654785156,0.014555197209119797,0.007090774830430746,7.790744043712958,0.02091320976614952,0.0,0.0,5.063406933913939e-05,1.235701367357024,0.21148386597633362,0.4182705845717912,2.256814956665039,0.0,2.256814956665039,2.256814956665039
146,18688,60.72446801567724,321,2.256814956665039,0.0,2.256814956665039,2.256814956665039,500.0,0.0,500.0,500.0,11.418498992919922,0.259194940328598,0.02429596334695816,0.00020446775306481868,26.245569372025955,0.0397067628800869,0.0,0.0,1.0561075214354787e-05,1.236954019611753,0.2124969278063093,0.4187418784420228,2.256814956665039,0.0,2.256814956665039,2.256814956665039
147,18816,62.37939836928699,323,2.256814956665039,0.0,2.256814956665039,2.256814956665039,500.0,0.0,500.0,500.0,11.42432975769043,0.1988683044910431,0.01199059747159481,0.0011051439214497805,7.069963023856154,0.00785120390355587,0.0,0.0,2.376951124460902e-05,1.2379501316349988,0.21330156283719198,0.41911605581204586,2.256814956665039,0.0,2.256814956665039,2.256814956665039
148,18944,63.59298285845868,326,2.256814956665039,0.0,2.256814956665039,2.256814956665039,500.0,0.0,500.0,500.0,11.431673049926758,0.16828063130378723,0.005045752041041851,0.0002172631793655455,10.808515320862028,0.004587655887007713,0.0,0.0,0.00011476412328192964,1.2395441366450852,0.21458757775170462,0.4197138359033116,2.256814956665039,0.0,2.256814956665039,2.256814956665039
149,19072,62.19837246690674,328,1.1607693433761597,0.0,1.1607693433761597,1.1607693433761597,500.0,0.0,500.0,500.0,11.442867279052734,0.16512379050254822,0.0181703083217144,0.0019336810801178217,6.485995992952794,0.011864405125379562,0.0,0.0,0.0001067336997948587,1.2414337093647596,0.21610976116997854,0.4204210237607014,1.1607693433761597,0.0,1.1607693433761597,1.1607693433761597
150,19200,62.401120654204675,330,1.1607693433761597,0.0,1.1607693433761597,1.1607693433761597,500.0,0.0,500.0,500.0,11.451623916625977,0.1607780158519745,0.01444967184215784,0.00011655168782453984,1.4461832985479846,0.013621903955936432,0.0,0.0,1.0106369700224604e-05,1.2429871792006555,0.21735941086496627,0.4210013050885157,1.1607693433761597,0.0,1.1607693433761597,1.1607693433761597
151,19328,63.610553881378195,332,1.1607693433761597,0.0,1.1607693433761597,1.1607693433761597,500.0,0.0,500.0,500.0,11.461435317993164,0.13673509657382965,-0.0018533857073634863,8.325307862833142e-05,7.517586756737536,0.003534967778250575,0.0,0.0,0.00035723994369618595,1.2447344152293243,0.2187630044562476,0.421652755100856,1.1607693433761597,0.0,1.1607693433761597,1.1607693433761597
152,19456,62.09391134419725,334,1.1607693433761597,0.0,1.1607693433761597,1.1607693433761597,500.0,0.0,500.0,500.0,11.475578308105469,0.17250888049602509,-0.00586845725774765,0.00013351654342841357,19.696138277069934,0.015076068229973316,0.0,0.0,0.00029011821607127786,1.2474544172299356,0.22094418108463287,0.42266447016496606,1.1607693433761597,0.0,1.1607693433761597,1.1607693433761597
153,19584,61.33194661626718,336,0.7382370233535767,0.0,0.7382370233535767,0.7382370233535767,500.0,0.0,500.0,500.0,11.488422393798828,0.18306337296962738,-0.02392525225877762,0.00945114716887474,20.220904840808462,0.021372251212596893,0.0,0.0,5.559748024097644e-05,1.249574670709063,0.22264034833226884,0.42345054395149667,0.7382370233535767,0.0,0.7382370233535767,0.7382370233535767
154,19712,62.521752436780204,338,0.7382370233535767,0.0,0.7382370233535767,0.7382370233535767,500.0,0.0,500.0,500.0,11.49795150756836,0.16058534383773804,-0.041363589465618134,0.004115363582968712,4.515084079062404,0.007006197236478329,0.0,0.0,6.985712388996035e-06,1.2511945597955803,0.22393480794770376,0.42405021021515044,0.7382370233535767,0.0,0.7382370233535767,0.7382370233535767
155,19840,62.77109127649691,340,0.7382370233535767,0.0,0.7382370233535767,0.7382370233535767,500.0,0.0,500.0,500.0,11.505605697631836,0.19028818607330322,0.019350863993167877,0.001847745617851615,4.829372909947761,0.0031441710889339447,0.0,0.0,4.4681473809760064e-05,1.2524864158559856,0.22496668568679265,0.4245281569514144,0.7382370233535767,0.0,0.7382370233535767,0.7382370233535767
156,19968,62.24725965041325,343,0.7382370233535767,0.0,0.7382370233535767,0.7382370233535767,500.0,0.0,500.0,500.0,11.51274299621582,0.14460882544517517,0.01822522282600403,0.0002883566194213927,26.02589465983112,0.02404549904167652,0.0,0.0,5.067717575002462e-05,1.2537540336164645,0.2259783957685743,0.42499662678416,0.7382370233535767,0.0,0.7382370233535767,0.7382370233535767
157,20096,62.23861460860815,345,1.5691077709197998,0.0,1.5691077709197998,1.5691077709197998,500.0,0.0,500.0,500.0,11.519987106323242,0.1719239354133606,-0.00454713823273778,0.0039953188970685005,1.9814172120070215,0.0011318521574139595,0.0,0.0,2.0239222067175433e-05,1.255169517931923,0.22710365908486502,0.4255169327007588,1.5691077709197998,0.0,1.5691077709197998,1.5691077709197998
158,20224,61.4074578703028,347,1.5691077709197998,0.0,1.5691077709197998,1.5691077709197998,500.0,0.0,500.0,500.0,11.529967308044434,0.32159924507141113,-0.1674511730670929,0.040237635374069214,3.887755819145896,0.0095538180321455,0.0,0.0,0.000560188724193722,1.2570172285086743,0.2285732286317008,0.42619653282241593,1.5691077709197998,0.0,1.5691077709197998,1.5691077709197998
159,20352,61.895834354129995,349,1.5691077709197998,0.0,1.5691077709197998,1.5691077709197998,500.0,0.0,500.0,500.0,11.540628433227539,0.34841644763946533,-0.020918015390634537,0.002683280734345317,4.1397118978100185,0.012099213898181915,0.0,0.0,2.7713816962204874e-05,1.2589500211931584,0.23010805674961635,0.42690590259718186,1.5691077709197998,0.0,1.5691077709197998,1.5691077709197998
160,20480,63.730615595841726,351,1.5691077709197998,0.0,1.5691077709197998,1.5691077709197998,500.0,0.0,500.0,500.0,11.55331039428711,0.25564226508140564,-0.05113682895898819,0.021534524857997894,4.353388155037419,0.004024681635200977,0.0,0.0,0.000607165158726275,1.261412741229666,0.2320627804313387,0.4278091884806053,1.5691077709197998,0.0,1.5691077709197998,1.5691077709197998
161,20608,62.52785452966583,353,4.217372894287109,0.0,4.217372894287109,4.217372894287109,500.0,0.0,500.0,500.0,11.567367553710938,0.6121551990509033,-0.4371309280395508,0.23713013529777527,6.435426932171926,0.05659464746713638,0.0,0.0,0.0005818310892209411,1.2638173699551822,0.233966554914202,0.4286880597278136,4.217372894287109,0.0,4.217372894287109,4.217372894287109
162,20736,63.02433559078097,356,4.217372894287109,0.0,4.217372894287109,4.217372894287109,500.0,0.0,500.0,500.0,11.578706741333008,0.9310458898544312,-0.4490020275115967,0.35227683186531067,7.11330364617759,0.16467194259166718,0.0,0.0,0.0008901266264729202,1.2657955732619477,0.2355151048728398,0.4293998026252169,4.217372894287109,0.0,4.217372894287109,4.217372894287109
163,20864,63.432296385356544,358,4.217372894287109,0.0,4.217372894287109,4.217372894287109,500.0,0.0,500.0,500.0,11.587854385375977,0.802130401134491,0.05466407537460327,0.008044063113629818,13.393872568276091,0.11825048923492432,0.0,0.0,0.00046746438601985574,1.2673841136653583,0.2367482909134456,0.4299647157033989,4.217372894287109,0.0,4.217372894287109,4.217372894287109
164,20992,62.80894773577211,360,4.217372894287109,0.0,4.217372894287109,4.217372894287109,500.0,0.0,500.0,500.0,11.597275733947754,0.3868963420391083,0.034701183438301086,0.08635755628347397,6.8911455148498115,0.013585102744400501,0.0,0.0,0.0007866448722779751,1.2693738883308903,0.23829523367541178,0.43067382768962054,4.217372894287109,0.0,4.217372894287109,4.217372894287109
165,21120,62.615541438595656,362,10.665907859802246,0.0,10.665907859802246,10.665907859802246,500.0,0.0,500.0,500.0,11.609249114990234,0.09794669598340988,-0.013893282040953636,0.06851214170455933,17.296829704559663,0.04456884413957596,0.0,0.0,0.0013349534710869193,1.271402218391459,0.23987244282449996,0.43139688827233424,10.665907859802246,0.0,10.665907859802246,10.665907859802246
166,21248,61.695457754765826,364,10.665907859802246,0.0,10.665907859802246,10.665907859802246,500.0,0.0,500.0,500.0,11.618729591369629,0.08249978721141815,-0.06306737661361694,0.01035408116877079,24.507621717219997,0.051035914570093155,0.0,0.0,2.536359716032166e-05,1.2730609920194638,0.24116129534585135,0.4319875727855577,10.665907859802246,0.0,10.665907859802246,10.665907859802246
167,21376,59.979230354061976,366,10.665907859802246,0.0,10.665907859802246,10.665907859802246,500.0,0.0,500.0,500.0,11.626327514648438,0.17144060134887695,-0.031880803406238556,0.0027497410774230957,5.250575482797706,0.006095585413277149,0.0,0.0,0.0011613259557634592,1.274412534358445,0.24221174206052506,0.43246905559984894,10.665907859802246,0.0,10.665907859802246,10.665907859802246
168,21504,60.93120177957349,369,2.289095163345337,0.0,2.289095163345337,2.289095163345337,500.0,0.0,500.0,500.0,11.632661819458008,0.1895928531885147,0.01209217682480812,0.0017279584426432848,1.755251393397544,0.011347092688083649,0.0,0.0,0.0009469530778005719,1.2755920037364914,0.24312992181096757,0.43289018415386454,2.289095163345337,0.0,2.289095163345337,2.289095163345337
169,21632,62.304205129228755,371,2.289095163345337,0.0,2.289095163345337,2.289095163345337,500.0,0.0,500.0,500.0,11.639995574951172,0.05677672103047371,0.014174954034388065,0.005858514457941055,20.984453010892622,0.019596684724092484,0.0,0.0,0.0008258501184172928,1.2768957582202844,0.24414815221514022,0.4333578107772011,2.289095163345337,0.0,2.289095163345337,2.289095163345337
170,21760,62.56304853426261,373,2.289095163345337,0.0,2.289095163345337,2.289095163345337,500.0,0.0,500.0,500.0,11.645771026611328,0.04130566865205765,-0.018935326486825943,0.0009534093551337719,18.759376891185035,0.02532009407877922,0.0,0.0,1.2516762581071816e-05,1.2778811231557217,0.2449174906526293,0.4337110933304117,2.289095163345337,0.0,2.289095163345337,2.289095163345337
171,21888,63.2872999472479,375,2.289095163345337,0.0,2.289095163345337,2.289095163345337,500.0,0.0,500.0,500.0,11.650324821472168,0.09886966645717621,-0.013887444511055946,0.0005328665720298886,17.448453655320435,0.017180554568767548,0.0,0.0,1.3044873412582092e-05,1.2786683966556365,0.24553198686667851,0.43399324033851727,2.289095163345337,0.0,2.289095163345337,2.289095163345337
172,22016,60.67206593305505,377,0.9874259829521179,0.0,0.9874259829521179,0.9874259829521179,500.0,0.0,500.0,500.0,11.654212951660156,0.1451473981142044,-0.007303025107830763,0.002437638584524393,24.575316916453183,0.0187872014939785,0.0,0.0,3.078014560742304e-05,1.2793773074730324,0.2460854457957404,0.43424738830881443,0.9874259829521179,0.0,0.9874259829521179,0.9874259829521179
173,22144,60.970803635097056,379,0.9874259829521179,0.0,0.9874259829521179,0.9874259829521179,500.0,0.0,500.0,500.0,11.65788745880127,0.2451099455356598,-0.23960401117801666,0.0637119933962822,19.06247274774795,0.012890706770122051,0.0,0.0,4.27849663537927e-05,1.2800347260076956,0.24659882272992814,0.4344831603690929,0.9874259829521179,0.0,0.9874259829521179,0.9874259829521179
174,22272,63.166768126456155,381,0.9874259829521179,0.0,0.9874259829521179,0.9874259829521179,500.0,0.0,500.0,500.0,11.66136360168457,0.34031349420547485,-0.05027683824300766,0.0013850695686414838,17.976077723620577,0.016234243288636208,0.0,0.0,3.3934218663489446e-05,1.2806527884870604,0.2470810455935342,0.4347045505711438,0.9874259829521179,0.0,0.9874259829521179,0.9874259829521179
175,22400,61.55050699660474,384,0.9874259829521179,0.0,0.9874259829521179,0.9874259829521179,500.0,0.0,500.0,500.0,11.664546966552734,0.3738205134868622,-0.03280501812696457,0.0002707152161747217,22.408720258503756,0.024014413356781006,0.0,0.0,6.433438102249056e-06,1.2812433104737837,0.24754147231578827,0.4349158773186401,0.9874259829521179,0.0,0.9874259829521179,0.9874259829521179
176,22528,61.28694862016985,386,4.813443183898926,0.0,4.813443183898926,4.813443183898926,500.0,0.0,500.0,500.0,11.6676664352417,0.3600526452064514,0.04986263066530228,0.00827073585242033,13.804574166581649,0.014183533377945423,0.0,0.0,1.0263365766149946e-05,1.281811916318741,0.24798567593097687,0.4351199192488611,4.813443183898926,0.0,4.813443183898926,4.813443183898926
177,22656,62.25449215601921,388,4.813443183898926,0.0,4.813443183898926,4.813443183898926,500.0,0.0,500.0,500.0,11.670991897583008,0.3239704370498657,-0.005813361145555973,0.008570306934416294,15.838803903388305,0.012781169265508652,0.0,0.0,2.405210216238629e-05,1.282415659270354,0.24845723594938005,0.43533651135617635,4.813443183898926,0.0,4.813443183898926,4.813443183898926
178,22784,61.71025780285096,390,4.813443183898926,0.0,4.813443183898926,4.813443183898926,500.0,0.0,500.0,500.0,11.674285888671875,0.23506420850753784,0.0068794963881373405,0.009081557393074036,21.525785921146838,0.015201725997030735,0.0,0.0,1.8077724234899506e-05,1.2830325013916333,0.24893903519426072,0.4355578063022277,4.813443183898926,0.0,4.813443183898926,4.813443183898926
179,22912,61.24814394607042,392,4.813443183898926,0.0,4.813443183898926,4.813443183898926,500.0,0.0,500.0,500.0,11.67755126953125,0.17818516492843628,0.013979261741042137,0.0003429383796174079,14.319757646786561,0.00695024011656642,0.0,0.0,4.008709311165148e-06,1.2836203013527692,0.24939815274306706,0.43576868355360504,4.813443183898926,0.0,4.813443183898926,4.813443183898926
180,23040,60.86790291854109,395,1.3994948863983154,0.0,1.3994948863983154,1.3994948863983154,500.0,0.0,500.0,500.0,11.681629180908203,0.14096161723136902,0.009647566825151443,0.002557209460064769,19.2099400802067,0.012102757580578327,0.0,0.0,4.930903287458932e-06,1.28439089028779,0.2500016859599522,0.43604619327450267,1.3994948863983154,0.0,1.3994948863983154,1.3994948863983154
181,23168,62.064537668707004,397,1.3994948863983154,0.0,1.3994948863983154,1.3994948863983154,500.0,0.0,500.0,500.0,11.685541152954102,0.14908623695373535,0.002059943275526166,0.0006530088721774518,20.687959551396936,0.013889635913074017,0.0,0.0,2.9235752663225867e-06,1.285111591818416,0.25056545649256023,0.43630529550698116,1.3994948863983154,0.0,1.3994948863983154,1.3994948863983154
182,23296,61.624131430308275,399,1.3994948863983154,0.0,1.3994948863983154,1.3994948863983154,500.0,0.0,500.0,500.0,11.689229965209961,0.1414048969745636,-0.0013804774498566985,0.00024850398767739534,13.450555296628485,0.006577394902706146,0.0,0.0,5.353121196094435e-06,1.28576742945875,0.25107769880975994,0.4365405725468504,1.3994948863983154,0.0,1.3994948863983154,1.3994948863983154
183,23424,62.3843200850397,401,1.3994948863983154,0.0,1.3994948863983154,1.3994948863983154,500.0,0.0,500.0,500.0,11.693084716796875,0.1544601023197174,-0.0024699601344764233,0.0003193412849213928,17.084268966672905,0.009819701313972473,0.0,0.0,4.717355750472052e-06,1.2864726223622787,0.25162755591528757,0.4367929551152651,1.3994948863983154,0.0,1.3994948863983154,1.3994948863983154
184,23552,61.93051317556827,403,1.097246766090393,0.0,1.097246766090393,1.097246766090393,500.0,0.0,500.0,500.0,11.696916580200195,0.20840053260326385,-0.026913192123174667,0.008123333565890789,19.0717320105389,0.012173105962574482,0.0,0.0,2.039544597209897e-06,1.287195589205732,0.2521903046539852,0.43705106993588555,1.097246766090393,0.0,1.097246766090393,1.097246766090393
185,23680,62.26091764738627,405,1.097246766090393,0.0,1.097246766090393,1.097246766090393,500.0,0.0,500.0,500.0,11.700579643249512,0.244561105966568,-0.04425863176584244,0.001013191998936236,13.731344803727055,0.007145825307816267,0.0,0.0,4.877374976786086e-06,1.2878435482328672,0.25269452801772524,0.4372823128617168,1.097246766090393,0.0,1.097246766090393,1.097246766090393
186,23808,60.628845422624245,408,1.097246766090393,0.0,1.097246766090393,1.097246766090393,500.0,0.0,500.0,500.0,11.703498840332031,0.3771536946296692,-0.3325192928314209,0.14206716418266296,10.961654448008131,0.012926687486469746,0.0,0.0,6.351826596073806e-05,1.288334037720057,0.2530740648508072,0.4374559571954498,1.097246766090393,0.0,1.097246766090393,1.097246766090393
187,23936,61.57017993136887,410,1.097246766090393,0.0,1.097246766090393,1.097246766090393,500.0,0.0,500.0,500.0,11.705452919006348,0.566977322101593,-0.2301870584487915,0.011455602012574673,17.124396816113048,0.04159731790423393,0.0,0.0,0.0001007344908430241,1.288651689183975,0.25331773928233553,0.43756703535679653,1.097246766090393,0.0,1.097246766090393,1.097246766090393
188,24064,62.50765227562187,412,8.663188934326172,0.0,8.663188934326172,8.663188934326172,500.0,0.0,500.0,500.0,11.707128524780273,0.6166031360626221,0.028362229466438293,0.03221512585878372,11.887127140477304,0.048847585916519165,0.0,0.0,5.38210269951378e-06,1.2890068962558647,0.2535921718393053,0.4376925145484217,8.663188934326172,0.0,8.663188934326172,8.663188934326172
189,24192,61.30195927977428,414,8.663188934326172,0.0,8.663188934326172,8.663188934326172,500.0,0.0,500.0,500.0,11.710687637329102,0.32337436079978943,0.04790576547384262,0.07877279072999954,8.110327570551725,0.007561144884675741,0.0,0.0,0.0005667636869475245,1.2897328517178903,0.2541561360870089,0.4379509724885569,8.663188934326172,0.0,8.663188934326172,8.663188934326172
190,24320,60.71240257952919,416,8.663188934326172,0.0,8.663188934326172,8.663188934326172,500.0,0.0,500.0,500.0,11.714423179626465,0.12134530395269394,-0.039305154234170914,0.03743334487080574,9.63651451917752,0.005672156345099211,0.0,0.0,9.402420255355537e-05,1.2904121332152907,0.2546832284757069,0.4381924248175593,8.663188934326172,0.0,8.663188934326172,8.663188934326172
191,24448,60.87663383073678,418,8.663188934326172,0.0,8.663188934326172,8.663188934326172,500.0,0.0,500.0,500.0,11.717852592468262,0.1376594752073288,-0.14634637534618378,0.03446841984987259,26.03349896918457,0.02291361801326275,0.0,0.0,3.399659908609465e-05,1.291009932487078,0.25514619265283855,0.4384043323352079,8.663188934326172,0.0,8.663188934326172,8.663188934326172
192,24576,62.880319700912864,421,3.47430157661438,0.0,3.47430157661438,3.47430157661438,500.0,0.0,500.0,500.0,11.721095085144043,0.23106123507022858,-0.07247002422809601,0.005927529651671648,0.6073992208891091,0.0009776727529242635,0.0,0.0,4.836814332520589e-05,1.2918679671347597,0.25581051622118267,0.4387083857893477,3.47430157661438,0.0,3.47430157661438,3.47430157661438
193,24704,62.01461887012229,423,3.47430157661438,0.0,3.47430157661438,3.47430157661438,500.0,0.0,500.0,500.0,11.728666305541992,0.22221572697162628,0.010374575853347778,0.0007724064053036273,4.701608419648551,0.0016198309604078531,0.0,0.0,2.55006380029954e-05,1.2931760950865716,0.2568227691309793,0.4391715953342617,3.47430157661438,0.0,3.47430157661438,3.47430157661438
194,24832,63.37551537450065,425,3.47430157661438,0.0,3.47430157661438,3.47430157661438,500.0,0.0,500.0,500.0,11.735332489013672,0.17074571549892426,-0.00014364946400746703,0.0004537455679383129,27.81595765040201,0.0234886072576046,0.0,0.0,9.189155207423028e-06,1.2943791012541028,0.25775363402707235,0.4395975617770785,3.47430157661438,0.0,3.47430157661438,3.47430157661438
195,24960,61.145984066331444,427,3.47430157661438,0.0,3.47430157661438,3.47430157661438,500.0,0.0,500.0,500.0,11.740930557250977,0.19940906763076782,-0.0014440231025218964,7.619073585374281e-05,7.792796162584446,0.0022824425250291824,0.0,0.0,6.683189894829411e-06,1.2953694190465137,0.2585193599973406,0.4399478583536634,3.47430157661438,0.0,3.47430157661438,3.47430157661438
196,25088,62.77352798975271,429,1.0922452211380005,0.0,1.0922452211380005,1.0922452211380005,500.0,0.0,500.0,500.0,11.745607376098633,0.20098978281021118,0.035420555621385574,0.0029048339929431677,8.852806548740435,0.0028231481555849314,0.0,0.0,4.006748895335477e-06,1.2961973303120105,0.25915893060820444,0.44024033562503295,1.0922452211380005,0.0,1.0922452211380005,1.0922452211380005
197,25216,62.80517105597485,431,1.0922452211380005,0.0,1.0922452211380005,1.0922452211380005,500.0,0.0,500.0,500.0,11.750307083129883,0.16594332456588745,0.029175549745559692,0.0001428806863259524,28.15592209895653,0.023918872699141502,0.0,0.0,6.601424502150621e-06,1.2970814580356134,0.2598408907651901,0.4405519974325732,1.0922452211380005,0.0,1.0922452211380005,1.0922452211380005
198,25344,62.52992281230083,433,1.0922452211380005,0.0,1.0922452211380005,1.0922452211380005,500.0,0.0,500.0,500.0,11.75469970703125,0.09834382683038712,-0.01203111931681633,0.0007605125429108739,4.630443528197931,0.003152513178065419,0.0,0.0,3.5745395052799722e-06,1.2978953091443708,0.26046809554100037,0.44083853364405917,1.0922452211380005,0.0,1.0922452211380005,1.0922452211380005
199,25472,63.1034958104249,435,1.0922452211380005,0.0,1.0922452211380005,1.0922452211380005,500.0,0.0,500.0,500.0,11.758923530578613,0.15152543783187866,-0.011732435785233974,0.000428224477218464,11.254998535306552,0.004324381705373526,0.0,0.0,2.16602893488016e-06,1.2986436065872695,0.26104430641446796,0.4411016863426508,1.0922452211380005,0.0,1.0922452211380005,1.0922452211380005
200,25600,61.96728356444878,438,0.7890609502792358,0.0,0.7890609502792358,0.7890609502792358,500.0,0.0,500.0,500.0,11.762496948242188,0.2161943018436432,0.033172495663166046,0.003457525745034218,20.052241387512023,0.012356795370578766,0.0,0.0,1.545017539683613e-06,1.299275168232635,0.26153035036155153,0.44132360925787284,0.7890609502792358,0.0,0.7890609502792358,0.7890609502792358
201,25728,62.8041865487177,440,0.7890609502792358,0.0,0.7890609502792358,0.7890609502792358,500.0,0.0,500.0,500.0,11.765547752380371,0.1877012997865677,0.016507690772414207,0.00023164667072705925,7.9390940068271565,0.002121352357789874,0.0,0.0,2.5558315428497735e-06,1.2998321044037533,0.26195873745850157,0.4415191651614791,0.7890609502792358,0.0,0.7890609502792358,0.7890609502792358
202,25856,61.873307165118945,442,0.7890609502792358,0.0,0.7890609502792358,0.7890609502792358,500.0,0.0,500.0,500.0,11.768373489379883,0.17368656396865845,0.0008647225331515074,0.00032217937405221164,11.166842206819677,0.00416173879057169,0.0,0.0,1.2068505839124555e-06,1.3003514649575958,0.2623582205602101,0.4417015273435406,0.7890609502792358,0.0,0.7890609502792358,0.7890609502792358
203,25984,61.34990963853701,444,0.7890609502792358,0.0,0.7890609502792358,0.7890609502792358,500.0,0.0,500.0,500.0,11.771132469177246,0.20683573186397552,0.004517120774835348,0.00013545149704441428,17.203012221077838,0.009415363892912865,0.0,0.0,8.734953098610276e-07,1.3008573615066887,0.2627475197826113,0.44187927371248614,0.7890609502792358,0.0,0.7890609502792358,0.7890609502792358
204,26112,61.56811816581517,446,0.7508772015571594,0.0,0.7508772015571594,0.7508772015571594,500.0,0.0,500.0,500.0,11.773762702941895,0.1822381466627121,0.02573070302605629,0.0020133471116423607,10.601385570264679,0.003567964071407914,0.0,0.0,1.4399804513232084e-06,1.3013348666122677,0.2631148546934128,0.44204696823251144,0.7508772015571594,0.0,0.7508772015571594,0.7508772015571594
205,26240,60.997889556366005,449,0.7508772015571594,0.0,0.7508772015571594,0.7508772015571594,500.0,0.0,500.0,500.0,11.776256561279297,0.1497890204191208,0.013336997479200363,0.0001772278337739408,13.616683882025576,0.006525927688926458,0.0,0.0,7.928832701509236e-07,1.3018070301617528,0.2634778469800949,0.44221263552339446,0.7508772015571594,0.0,0.7508772015571594,0.7508772015571594
206,26368,60.385300460984475,451,0.7508772015571594,0.0,0.7508772015571594,0.7508772015571594,500.0,0.0,500.0,500.0,11.778841018676758,0.13942907750606537,-0.004309158772230148,0.00016084843082353473,12.432948541604006,0.005693676881492138,0.0,0.0,1.2813094372177147e-06,1.3022915419070917,0.2638502312558038,0.4423825712800486,0.7508772015571594,0.0,0.7508772015571594,0.7508772015571594
207,26496,60.191762127744404,453,0.7508772015571594,0.0,0.7508772015571594,0.7508772015571594,500.0,0.0,500.0,500.0,11.781871795654297,0.1615581512451172,-0.00952809676527977,0.0001951233425643295,15.496779128512479,0.007719967979937792,0.0,0.0,1.9977812826255104e-06,1.302864433058558,0.26429044561726706,0.44258344387540866,0.7508772015571594,0.0,0.7508772015571594,0.7508772015571594
208,26624,61.75393341762414,455,0.827407717704773,0.0,0.827407717704773,0.827407717704773,500.0,0.0,500.0,500.0,11.7848482131958,0.3207595646381378,-0.16220861673355103,0.02300122193992138,16.77091293767746,0.01270124688744545,0.0,0.0,2.442943696223665e-05,1.3034205609966016,0.26471926271915436,0.4427793981152964,0.827407717704773,0.0,0.827407717704773,0.827407717704773
209,26752,60.81791236104665,457,0.827407717704773,0.0,0.827407717704773,0.827407717704773,500.0,0.0,500.0,500.0,11.787809371948242,0.39353930950164795,-0.027195950970053673,0.0015187762910500169,12.16238836936175,0.014558902941644192,0.0,0.0,1.1752955288102385e-05,1.3039726503381195,0.26514514642102377,0.44297404501661336,0.827407717704773,0.0,0.827407717704773,0.827407717704773
210,26880,61.8484236379995,459,0.827407717704773,0.0,0.827407717704773,0.827407717704773,500.0,0.0,500.0,500.0,11.791255950927734,0.43979302048683167,-0.12374337762594223,0.013390036299824715,16.81439484082958,0.02245365083217621,0.0,0.0,3.6620244827645365e-06,1.304609185005757,0.2656345175845282,0.44319739224437893,0.827407717704773,0.0,0.827407717704773,0.827407717704773
211,27008,59.90799089134954,462,5.560863018035889,0.0,5.560863018035889,5.560863018035889,500.0,0.0,500.0,500.0,11.79485034942627,0.4158382713794708,-0.017582198604941368,0.016181418672204018,18.480416843247777,0.02163024991750717,0.0,0.0,1.1968051694566384e-05,1.3053342967459034,0.26619155279227663,0.4434515419441086,5.560863018035889,0.0,5.560863018035889,5.560863018035889
212,27136,63.684991674476976,464,5.560863018035889,0.0,5.560863018035889,5.560863018035889,500.0,0.0,500.0,500.0,11.798818588256836,0.2709182798862457,0.039185356348752975,0.0015551261603832245,13.282548387670943,0.0075119733810424805,0.0,0.0,2.5039955289685167e-05,1.3060487042999884,0.26673910660403116,0.4437011282051258,5.560863018035889,0.0,5.560863018035889,5.560863018035889
213,27264,61.58674261208701,466,5.560863018035889,0.0,5.560863018035889,5.560863018035889,500.0,0.0,500.0,500.0,11.804197311401367,0.1531134843826294,0.020186690613627434,0.011417608708143234,17.316591506964453,0.00982404313981533,0.0,0.0,3.357111199875362e-05,1.3071155295944155,0.26755870452948977,0.4440750988488264,5.560863018035889,0.0,5.560863018035889,5.560863018035889
214,27392,60.89634798346624,468,5.560863018035889,0.0,5.560863018035889,5.560863018035889,500.0,0.0,500.0,500.0,11.809581756591797,0.0978391170501709,-0.00664870161563158,0.0011855735210701823,18.992759333880297,0.013308991678059101,0.0,0.0,4.035105121147353e-06,1.308144935689915,0.2683479296309607,0.44443490449259915,5.560863018035889,0.0,5.560863018035889,5.560863018035889
215,27520,62.040159688398,470,0.7090387344360352,0.0,0.7090387344360352,0.7090387344360352,500.0,0.0,500.0,500.0,11.814958572387695,0.16984246671199799,-0.009033575654029846,0.004996863659471273,10.732942969423975,0.004207142628729343,0.0,0.0,2.6335783331887797e-05,1.309131530513668,0.2691025116613933,0.4447785733296362,0.7090387344360352,0.0,0.7090387344360352,0.7090387344360352
216,27648,59.77563404685711,472,0.7090387344360352,0.0,0.7090387344360352,0.7090387344360352,500.0,0.0,500.0,500.0,11.820738792419434,0.2324289232492447,-0.014725452288985252,0.00013982983364257962,16.258859462274646,0.0088566355407238,0.0,0.0,5.788568614661926e-06,1.310206208341567,0.2699227120195116,0.4451517964774539,0.7090387344360352,0.0,0.7090387344360352,0.7090387344360352
217,27776,61.07717255503444,475,0.7090387344360352,0.0,0.7090387344360352,0.7090387344360352,500.0,0.0,500.0,500.0,11.827173233032227,0.20954102277755737,-0.007832014933228493,0.0003273678303230554,20.66118999335151,0.013691192492842674,0.0,0.0,8.274001629615668e-06,1.3115876075406625,0.2709752640553883,0.44563041491121747,0.7090387344360352,0.0,0.7090387344360352,0.7090387344360352
218,27904,61.493796281055964,477,0.7090387344360352,0.0,0.7090387344360352,0.7090387344360352,500.0,0.0,500.0,500.0,11.835302352905273,0.16622333228588104,-0.007753927260637283,0.00024352762557100505,9.070098701464985,0.0032260778825730085,0.0,0.0,1.6467782188556157e-05,1.3130497839153847,0.2720879784652165,0.44613612569996725,0.7090387344360352,0.0,0.7090387344360352,0.7090387344360352
219,28032,61.78883026681929,479,1.841012954711914,0.0,1.841012954711914,1.841012954711914,500.0,0.0,500.0,500.0,11.844076156616211,0.17922796308994293,0.007440985180437565,0.0024133287370204926,1.4023377427523294,0.0005684039788320661,0.0,0.0,1.469814742449671e-05,1.3148627304310856,0.27346482021468027,0.4467613413963661,1.841012954711914,0.0,1.841012954711914,1.841012954711914
220,28160,63.07111433160498,481,1.841012954711914,0.0,1.841012954711914,1.841012954711914,500.0,0.0,500.0,500.0,11.856714248657227,0.16675975918769836,0.01811416819691658,0.0008723221835680306,3.501514114431425,0.0007441460620611906,0.0,0.0,2.2325260943034664e-05,1.317328042869347,0.2753342262336186,0.4476096689028623,1.841012954711914,0.0,1.841012954711914,1.841012954711914
221,28288,62.366253440262,483,1.841012954711914,0.0,1.841012954711914,1.841012954711914,500.0,0.0,500.0,500.0,11.870511054992676,0.3416481018066406,-0.09851938486099243,0.011615847237408161,18.312307862708487,0.01710345409810543,0.0,0.0,0.0001370659883832559,1.31996890050046,0.2773239420992987,0.4485100641774264,1.841012954711914,0.0,1.841012954711914,1.841012954711914
222,28416,62.16528617670881,485,1.841012954711914,0.0,1.841012954711914,1.841012954711914,500.0,0.0,500.0,500.0,11.882719993591309,0.6162835955619812,-0.32740306854248047,0.09062881022691727,22.182177239580053,0.05271109938621521,0.0,0.0,0.0001407655217917636,1.322133964844463,0.2789526326315744,0.44924658003602136,1.841012954711914,0.0,1.841012954711914,1.841012954711914
223,28544,62.345699330429674,488,8.960287094116211,0.0,8.960287094116211,8.960287094116211,500.0,0.0,500.0,500.0,11.896875381469727,0.8476942181587219,-0.2671821415424347,0.26438552141189575,7.334043943719116,0.09375826269388199,0.0,0.0,0.00040580483619123697,1.325038217523866,0.2811389969927924,0.4502356496773811,8.960287094116211,0.0,8.960287094116211,8.960287094116211
224,28672,61.67326036141639,490,8.960287094116211,0.0,8.960287094116211,8.960287094116211,500.0,0.0,500.0,500.0,11.910165786743164,0.6373739838600159,0.06974330544471741,0.01026004459708929,17.12643970632649,0.05193701386451721,0.0,0.0,0.00032978630042634904,1.3274240284143712,0.2829283071415765,0.45104377872257556,8.960287094116211,0.0,8.960287094116211,8.960287094116211
225,28800,63.05363266855458,492,8.960287094116211,0.0,8.960287094116211,8.960287094116211,500.0,0.0,500.0,500.0,11.920677185058594,0.18359266221523285,0.05919194966554642,0.07690109312534332,17.789939832073983,0.01405036635696888,0.0,0.0,0.00022001036268193275,1.3293013454525067,0.28433285653591156,0.45167745609225907,8.960287094116211,0.0,8.960287094116211,8.960287094116211
226,28928,60.88911682746998,494,8.960287094116211,0.0,8.960287094116211,8.960287094116211,500.0,0.0,500.0,500.0,11.92874526977539,-0.02119825780391693,-0.0065948995761573315,0.017239456996321678,15.387551507852756,0.018446531146764755,0.0,0.0,2.687867709028069e-05,1.33073766868897,0.2854062872273581,0.45216150991878595,8.960287094116211,0.0,8.960287094116211,8.960287094116211
227,29056,62.75359213355305,496,1.6983453035354614,0.0,1.6983453035354614,1.6983453035354614,500.0,0.0,500.0,500.0,11.934843063354492,-0.04635009169578552,-0.02891780622303486,0.0031851239036768675,14.997450047061529,0.02015393041074276,0.0,0.0,1.5149490536714438e-05,1.3318412619272695,0.28623016817229135,0.4525328534688775,1.6983453035354614,0.0,1.6983453035354614,1.6983453035354614
228,29184,61.05069654329035,498,1.6983453035354614,0.0,1.6983453035354614,1.6983453035354614,500.0,0.0,500.0,500.0,11.939712524414062,0.06522932648658752,-0.030086707323789597,0.0011668747756630182,13.220326245644637,0.009853488765656948,0.0,0.0,3.492474206723273e-05,1.332727451535042,0.2868913326944624,0.4528307726622142,1.6983453035354614,0.0,1.6983453035354614,1.6983453035354614
229,29312,59.75442394794127,501,1.6983453035354614,0.0,1.6983453035354614,1.6983453035354614,500.0,0.0,500.0,500.0,11.94430160522461,0.5908229351043701,-0.14638318121433258,0.13190360367298126,14.695057014764147,0.03873236104846001,0.0,0.0,0.0007483108784072101,1.3335875378716529,0.28753272550446646,0.4531197057391611,1.6983453035354614,0.0,1.6983453035354614,1.6983453035354614
230,29440,60.3641171030625,503,1.6983453035354614,0.0,1.6983453035354614,1.6983453035354614,500.0,0.0,500.0,500.0,11.948219299316406,0.6386260986328125,0.010573413223028183,0.003440229455009103,17.581200220073335,0.049554724246263504,0.0,0.0,1.0693347576307133e-05,1.334329791901498,0.2880866697856358,0.45336933390295264,1.6983453035354614,0.0,1.6983453035354614,1.6983453035354614
231,29568,60.77644467628818,505,3.8894524574279785,0.0,3.8894524574279785,3.8894524574279785,500.0,0.0,500.0,500.0,11.951910018920898,0.5816647410392761,0.028041981160640717,0.02622724324464798,22.073212206232757,0.046226292848587036,0.0,0.0,4.049698691233061e-05,1.3350183471715353,0.28860028300966534,0.4536007448453435,3.8894524574279785,0.0,3.8894524574279785,3.8894524574279785
232,29696,61.50982457579523,507,3.8894524574279785,0.0,3.8894524574279785,3.8894524574279785,500.0,0.0,500.0,500.0,11.955212593078613,0.43998217582702637,0.031598564237356186,0.005803131498396397,15.477841009648674,0.018808767199516296,0.0,0.0,3.678027860587463e-05,1.3356299791715167,0.2890556752681732,0.4538057593248425,3.8894524574279785,0.0,3.8894524574279785,3.8894524574279785
233,29824,60.832728580116196,509,3.8894524574279785,0.0,3.8894524574279785,3.8894524574279785,500.0,0.0,500.0,500.0,11.958541870117188,0.4806428849697113,-0.46701371669769287,0.3576204180717468,15.500489833417303,0.024173898622393608,0.0,0.0,2.549658893258311e-05,1.3363010676065006,0.28955132194927763,0.45402809810522055,3.8894524574279785,0.0,3.8894524574279785,3.8894524574279785
234,29952,61.795935289969165,512,3.8894524574279785,0.0,3.8894524574279785,3.8894524574279785,500.0,0.0,500.0,500.0,11.962162017822266,0.5586373805999756,-0.2005995810031891,0.01633775793015957,25.42612580822383,0.04698296636343002,0.0,0.0,8.033396443352103e-05,1.3370060124916257,0.2900688946247101,0.4542596552470109,3.8894524574279785,0.0,3.8894524574279785,3.8894524574279785
235,30080,61.355925361827005,514,8.620381355285645,0.0,8.620381355285645,8.620381355285645,500.0,0.0,500.0,500.0,11.966020584106445,0.7092751264572144,0.05157233029603958,0.028014712035655975,12.059984234340648,0.05589856207370758,0.0,0.0,9.528045666229445e-06,1.337779726289241,0.29063903859683443,0.4545151499741946,8.620381355285645,0.0,8.620381355285645,8.620381355285645
236,30208,61.462053225427184,516,8.620381355285645,0.0,8.620381355285645,8.620381355285645,500.0,0.0,500.0,500.0,11.969932556152344,0.6294915080070496,-0.03808322548866272,0.02039666846394539,17.535240406781984,0.04556425288319588,0.0,0.0,3.723930421983823e-05,1.3385140818878989,0.29118232641901287,0.4547590365383066,8.620381355285645,0.0,8.620381355285645,8.620381355285645
237,30336,64.01617840507254,518,8.620381355285645,0.0,8.620381355285645,8.620381355285645,500.0,0.0,500.0,500.0,11.973421096801758,0.47076043486595154,0.03532398119568825,0.008761122822761536,12.409878045032912,0.01925731636583805,0.0,0.0,5.7960074627771974e-05,1.3391821654917102,0.29167810508183073,0.45498189749645546,8.620381355285645,0.0,8.620381355285645,8.620381355285645
238,30464,64.6517266402426,520,8.620381355285645,0.0,8.620381355285645,8.620381355285645,500.0,0.0,500.0,500.0,11.979043960571289,0.17490342259407043,0.04254746437072754,0.04772024229168892,13.825331397815305,0.005677760113030672,0.0,0.0,0.000182872885488905,1.3403561431239956,0.2925544168267931,0.4553768397368853,8.620381355285645,0.0,8.620381355285645,8.620381355285645
239,30592,62.675672652990514,522,2.388115167617798,0.0,2.388115167617798,2.388115167617798,500.0,0.0,500.0,500.0,11.9842529296875,0.022270923480391502,-0.12896624207496643,0.07266220450401306,13.938824012079479,0.011807916685938835,0.0,0.0,1.467659149056999e-05,1.3413151296941466,0.29326966404914856,0.45569907840510787,2.388115167617798,0.0,2.388115167617798,2.388115167617798
240,30720,63.61723221014613,524,2.388115167617798,0.0,2.388115167617798,2.388115167617798,500.0,0.0,500.0,500.0,11.989158630371094,0.07736791670322418,-0.13333868980407715,0.0040246774442493916,22.977950218642402,0.02062838152050972,0.0,0.0,7.513794844271615e-05,1.3422564599083675,0.29397148745400564,0.45601521435283543,2.388115167617798,0.0,2.388115167617798,2.388115167617798
241,30848,60.54459617814225,527,2.388115167617798,0.0,2.388115167617798,2.388115167617798,500.0,0.0,500.0,500.0,11.993946075439453,0.19952833652496338,-0.09052512049674988,0.0007590900058858097,9.950951141336452,0.003910101018846035,0.0,0.0,4.762166281579994e-05,1.3431660281567894,0.29464962227003916,0.4563206765235074,2.388115167617798,0.0,2.388115167617798,2.388115167617798
242,30976,59.33437700004653,529,2.388115167617798,0.0,2.388115167617798,2.388115167617798,500.0,0.0,500.0,500.0,11.998271942138672,0.3295923173427582,-0.044296424835920334,0.0015273279277607799,13.863565045152004,0.009357589296996593,0.0,0.0,1.9649325622594915e-05,1.3439565811656278,0.29523820536477224,0.45658563730797674,2.388115167617798,0.0,2.388115167617798,2.388115167617798
243,31104,62.039163173572774,531,4.658075332641602,0.0,4.658075332641602,4.658075332641602,500.0,0.0,500.0,500.0,12.001823425292969,0.33965256810188293,0.05787227302789688,0.005622728727757931,22.411640319859487,0.01915564201772213,0.0,0.0,8.497559065290261e-06,1.3445956639864323,0.2957137737955366,0.4567996744532497,4.658075332641602,0.0,4.658075332641602,4.658075332641602
244,31232,58.627687461785925,533,4.658075332641602,0.0,4.658075332641602,4.658075332641602,500.0,0.0,500.0,500.0,12.00478744506836,0.30074504017829895,0.024256467819213867,0.0004253718361724168,8.105539012957392,0.003858318319544196,0.0,0.0,1.3345960724109318e-05,1.3451722812533884,0.2961430421897343,0.4569929092634682,4.658075332641602,0.0,4.658075332641602,4.658075332641602
245,31360,61.29653499966033,535,4.658075332641602,0.0,4.658075332641602,4.658075332641602,500.0,0.0,500.0,500.0,12.007955551147461,0.23625490069389343,0.039974018931388855,0.0006133740535005927,14.817746886945551,0.0067664035595953465,0.0,0.0,1.5234358215820976e-05,1.3457839376468201,0.29659850682531086,0.45719795998998486,4.658075332641602,0.0,4.658075332641602,4.658075332641602
246,31488,61.3659541894163,538,4.658075332641602,0.0,4.658075332641602,4.658075332641602,500.0,0.0,500.0,500.0,12.010950088500977,0.17653095722198486,0.017830658704042435,0.0005346841644495726,18.9871611971924,0.011189102195203304,0.0,0.0,4.532202638074523e-06,1.3463348327102338,0.2970080929143088,0.4573822308048691,4.658075332641602,0.0,4.658075332641602,4.658075332641602
247,31616,62.2535248373598,540,0.5478577017784119,0.0,0.5478577017784119,0.5478577017784119,500.0,0.0,500.0,500.0,12.013650894165039,0.16909682750701904,0.018460869789123535,0.002183550503104925,11.840820661331698,0.0047442009672522545,0.0,0.0,1.5442246876773424e-06,1.3468434614118772,0.29738626735551016,0.4575523729247903,0.5478577017784119,0.0,0.5478577017784119,0.5478577017784119
248,31744,63.039794955157596,542,0.5478577017784119,0.0,0.5478577017784119,0.5478577017784119,500.0,0.0,500.0,500.0,12.016141891479492,0.14775100350379944,0.007021263241767883,3.992116398876533e-05,13.835861825978448,0.006506639067083597,0.0,0.0,1.4980774949435727e-06,1.3473246710158422,0.2977440186909267,0.457713319106785,0.5478577017784119,0.0,0.5478577017784119,0.5478577017784119
249,31872,63.777032253159476,544,0.5478577017784119,0.0,0.5478577017784119,0.5478577017784119,500.0,0.0,500.0,500.0,12.018698692321777,0.1569380909204483,-0.006672981660813093,0.00012137841258663684,18.80373836175072,0.011183126829564571,0.0,0.0,3.3911398986674612e-06,1.3478170550561666,0.29810998695237295,0.45787794422588,0.5478577017784119,0.0,0.5478577017784119,0.5478577017784119
250,32000,62.432229567687166,546,1.136176347732544,0.0,1.136176347732544,1.136176347732544,500.0,0.0,500.0,500.0,12.02130126953125,0.18342573940753937,-0.01714909076690674,0.000956771313212812,12.285998291607088,0.004823395516723394,0.0,0.0,3.405870756978402e-06,1.3483163556268118,0.29848119616508484,0.4580449463874719,1.136176347732544,0.0,1.136176347732544,1.136176347732544
251,32128,61.99780380309983,548,1.136176347732544,0.0,1.136176347732544,1.136176347732544,500.0,0.0,500.0,500.0,12.024024963378906,0.22372722625732422,0.013217649422585964,0.0007315310649573803,16.96444734578102,0.008559529669582844,0.0,0.0,7.939335660012148e-07,1.3488579379624084,0.29888308899743216,0.4582256016025145,1.136176347732544,0.0,1.136176347732544,1.136176347732544
252,32256,60.72038157402452,550,1.136176347732544,0.0,1.136176347732544,1.136176347732544,500.0,0.0,500.0,500.0,12.02692699432373,0.2264084368944168,-0.0014142419677227736,0.00042273293365724385,16.36416437880391,0.008078346960246563,0.0,0.0,1.177890794679115e-06,1.3494215243521304,0.29930078983306885,0.45841325874931144,1.136176347732544,0.0,1.136176347732544,1.136176347732544
253,32384,62.311241143757,552,1.136176347732544,0.0,1.136176347732544,1.136176347732544,500.0,0.0,500.0,500.0,12.03028678894043,0.20516453683376312,0.007341221906244755,0.00016111155855469406,15.337261397035856,0.00697369733825326,0.0,0.0,1.2242785487615038e-06,1.3500816435183107,0.29978996089526583,0.4586330120680456,1.136176347732544,0.0,1.136176347732544,1.136176347732544
254,32512,62.67671167243929,555,0.9180858731269836,0.0,0.9180858731269836,0.9180858731269836,500.0,0.0,500.0,500.0,12.033658981323242,0.18943604826927185,0.011181492358446121,0.006080285646021366,18.9795521876677,0.010779856704175472,0.0,0.0,1.5586095969410962e-06,1.3507441826318973,0.30027990681784494,0.4588529027485379,0.9180858731269836,0.0,0.9180858731269836,0.9180858731269836
255,32640,60.315648248032645,557,0.9180858731269836,0.0,0.9180858731269836,0.9180858731269836,500.0,0.0,500.0,500.0,12.037049293518066,0.22670021653175354,0.005505289416760206,0.0004487468977458775,15.259063759392792,0.00734019186347723,0.0,0.0,1.2173827599326614e-06,1.3513931118633433,0.30075954113687786,0.45906811623680044,0.9180858731269836,0.0,0.9180858731269836,0.9180858731269836
256,32768,62.66654978548763,559,0.9180858731269836,0.0,0.9180858731269836,0.9180858731269836,500.0,0.0,500.0,500.0,12.040846824645996,0.17954298853874207,0.02514984831213951,0.00014257252041716129,15.87753183267565,0.00807905849069357,0.0,0.0,1.757162294779846e-06,1.3521393467019593,0.30131155252456665,0.4593158996561119,0.9180858731269836,0.0,0.9180858731269836,0.9180858731269836
257,32896,61.15552639432814,561,0.9180858731269836,0.0,0.9180858731269836,0.9180858731269836,500.0,0.0,500.0,500.0,12.044672012329102,0.16941243410110474,0.013472231104969978,7.234912482090294e-05,17.616310351806234,0.009968981146812439,0.0,0.0,1.5515606719418429e-06,1.352898382294533,0.30187274302755085,0.4595677457156909,0.9180858731269836,0.0,0.9180858731269836,0.9180858731269836
258,33024,59.690359579131815,563,0.9681435823440552,0.0,0.9681435823440552,0.9681435823440552,500.0,0.0,500.0,500.0,12.048514366149902,0.1697566658258438,0.030214864760637283,0.0018466581823304296,13.496993897231471,0.0061200764030218124,0.0,0.0,1.5058969893289031e-06,1.3536268351146528,0.3024109261376517,0.4598091866300291,0.9681435823440552,0.0,0.9681435823440552,0.9681435823440552
259,33152,59.818705962930004,566,0.9681435823440552,0.0,0.9681435823440552,0.9681435823440552,500.0,0.0,500.0,500.0,12.051729202270508,0.24295839667320251,-0.09583233296871185,0.013441166840493679,11.745646690099896,0.00450660428032279,0.0,0.0,4.924754193780245e-06,1.3541917259794154,0.3028293550014496,0.4599971205420425,0.9681435823440552,0.0,0.9681435823440552,0.9681435823440552
260,33280,59.127175690134344,568,0.9681435823440552,0.0,0.9681435823440552,0.9681435823440552,500.0,0.0,500.0,500.0,12.054527282714844,0.2837756276130676,-0.01317339763045311,0.0004067412519361824,15.338327867982791,0.008440203964710236,0.0,0.0,3.1657762065151474e-06,1.3547548133994598,0.30324662157467436,0.46018456907775,0.9681435823440552,0.0,0.9681435823440552,0.9681435823440552
261,33408,58.881447643013225,570,0.9681435823440552,0.0,0.9681435823440552,0.9681435823440552,500.0,0.0,500.0,500.0,12.057541847229004,0.28016698360443115,-0.01630379445850849,0.0005096762906759977,13.45227668188976,0.006905681453645229,0.0,0.0,1.1955021363974083e-06,1.3553367554702547,0.3036771076066153,0.460377805557199,0.9681435823440552,0.0,0.9681435823440552,0.9681435823440552
262,33536,58.674532037330785,572,2.710162878036499,0.0,2.710162878036499,2.710162878036499,500.0,0.0,500.0,500.0,12.0609769821167,0.2640143632888794,0.0009084462653845549,0.005852279718965292,13.374994360793147,0.006289683748036623,0.0,0.0,2.2529370653501246e-06,1.3560165217795823,0.30417912346976145,0.4606029774400367,2.710162878036499,0.0,2.710162878036499,2.710162878036499
263,33664,60.244615142405046,575,2.710162878036499,0.0,2.710162878036499,2.710162878036499,500.0,0.0,500.0,500.0,12.064627647399902,0.2429424524307251,0.0021745411213487387,0.0005770730786025524,16.468935401608864,0.008748747408390045,0.0,0.0,2.556186245783465e-06,1.35674949255275,0.30471981848989216,0.4608453750004102,2.710162878036499,0.0,2.710162878036499,2.710162878036499
264,33792,60.427895451037806,577,2.710162878036499,0.0,2.710162878036499,2.710162878036499,500.0,0.0,500.0,500.0,12.068418502807617,0.21593885123729706,-0.01344216801226139,0.001307181897573173,12.719290377028258,0.005358084104955196,0.0,0.0,1.202032308356138e-06,1.3574786762966706,0.30525740555354525,0.46108631650432724,2.710162878036499,0.0,2.710162878036499,2.710162878036499
265,33920,60.99491654979791,579,2.710162878036499,0.0,2.710162878036499,2.710162878036499,500.0,0.0,500.0,500.0,12.072623252868652,0.29280826449394226,-0.11781947314739227,0.005521830637007952,13.416675979000772,0.0071967365220189095,0.0,0.0,1.6719455743441358e-05,1.3583015400334233,0.30586561134883333,0.4613592444813581,2.710162878036499,0.0,2.710162878036499,2.710162878036499
266,34048,61.67424515605785,581,2.851139545440674,0.0,2.851139545440674,2.851139545440674,500.0,0.0,500.0,500.0,12.076900482177734,0.3159940242767334,0.004412911832332611,0.005621845833957195,17.505917010489853,0.011937132105231285,0.0,0.0,2.799092271743575e-06,1.3591561597390487,0.30649528333118986,0.46164140068353976,2.851139545440674,0.0,2.851139545440674,2.851139545440674
267,34176,60.04290935232682,583,2.851139545440674,0.0,2.851139545440674,2.851139545440674,500.0,0.0,500.0,500.0,12.081209182739258,0.2844431698322296,0.02730007842183113,0.0009154509752988815,12.039597629572285,0.006098349113017321,0.0,0.0,1.4238299627322704e-05,1.3599758577160206,0.3070990102631705,0.46191188559971985,2.851139545440674,0.0,2.851139545440674,2.851139545440674
268,34304,62.70988326966419,586,2.851139545440674,0.0,2.851139545440674,2.851139545440674,500.0,0.0,500.0,500.0,12.085657119750977,0.2140939086675644,0.01845397800207138,0.001469524810090661,13.478045721023111,0.006028612144291401,0.0,0.0,9.982868505176157e-06,1.3608371165653155,0.30773240327835083,0.46219546148563007,2.851139545440674,0.0,2.851139545440674,2.851139545440674
269,34432,60.68187243050227,588,2.851139545440674,0.0,2.851139545440674,2.851139545440674,500.0,0.0,500.0,500.0,12.090343475341797,0.1675894409418106,-0.0014789592241868377,0.00016772098024375737,18.589449779549014,0.011703378520905972,0.0,0.0,3.478190592431929e-06,1.361808450167242,0.30844612206731525,0.4625148670538485,2.851139545440674,0.0,2.851139545440674,2.851139545440674
270,34560,61.21088880882561,590,1.0442885160446167,0.0,1.0442885160446167,1.0442885160446167,500.0,0.0,500.0,500.0,12.09531021118164,0.2413293719291687,-0.05450475215911865,0.016784990206360817,7.868153907017908,0.002528208075091243,0.0,0.0,1.60351992235519e-05,1.3627384887829035,0.30912950209208895,0.4628207012975575,1.0442885160446167,0.0,1.0442885160446167,1.0442885160446167
271,34688,61.5892507455009,592,1.0442885160446167,0.0,1.0442885160446167,1.0442885160446167,500.0,0.0,500.0,500.0,12.10209846496582,0.5864049196243286,-0.3945605754852295,0.12826037406921387,15.046187407534863,0.0355357900261879,0.0,0.0,0.0002916158991865814,1.3641680102785172,0.3101937472820282,0.4632998498367381,1.0442885160446167,0.0,1.0442885160446167,1.0442885160446167
272,34816,63.193415757988944,594,1.0442885160446167,0.0,1.0442885160446167,1.0442885160446167,500.0,0.0,500.0,500.0,12.108739852905273,0.9215649962425232,-0.5275641679763794,0.25260648131370544,20.47256553654442,0.11297664791345596,0.0,0.0,0.00013402776676230133,1.3653755155846332,0.31108790210315157,0.4637014091816019,1.0442885160446167,0.0,1.0442885160446167,1.0442885160446167
273,34944,62.75161904793074,596,1.0442885160446167,0.0,1.0442885160446167,1.0442885160446167,500.0,0.0,500.0,500.0,12.114055633544922,0.9587106704711914,0.054507773369550705,0.0010009846882894635,25.824396600534218,0.1530051976442337,0.0,0.0,5.286555824568495e-05,1.3663610148070184,0.3118127499307905,0.4640259172280996,1.0442885160446167,0.0,1.0442885160446167,1.0442885160446167
274,35072,61.03737693094171,598,11.857834815979004,0.0,11.857834815979004,11.857834815979004,500.0,0.0,500.0,500.0,12.118412017822266,0.7935544848442078,0.1745043694972992,0.04747463017702103,5.39402053087591,0.06981930136680603,0.0,0.0,6.524164200527593e-05,1.3671787129228488,0.31241038867405485,0.46429269011901475,11.857834815979004,0.0,11.857834815979004,11.857834815979004
275,35200,62.116168271855166,601,11.857834815979004,0.0,11.857834815979004,11.857834815979004,500.0,0.0,500.0,500.0,12.122604370117188,0.4021230936050415,0.08368181437253952,0.03449380397796631,1.6092330375141521,0.00892423465847969,0.0,0.0,0.0001316495327046141,1.3681163582105358,0.31309383681842257,0.4645973927444883,11.857834815979004,0.0,11.857834815979004,11.857834815979004
276,35328,61.21762419646802,603,11.857834815979004,0.0,11.857834815979004,11.857834815979004,500.0,0.0,500.0,500.0,12.12859058380127,0.3449041247367859,0.03686115890741348,0.001088242745026946,7.7085928484929855,0.0062189544551074505,0.0,0.0,7.111092418199405e-05,1.3692422006641218,0.31391647458076477,0.46496458745598,11.857834815979004,0.0,11.857834815979004,11.857834815979004
277,35456,61.73313489656524,605,11.857834815979004,0.0,11.857834815979004,11.857834815979004,500.0,0.0,500.0,500.0,12.13888931274414,0.2218531221151352,0.014295477420091629,0.007354747503995895,6.351146140090631,0.003463360480964184,0.0,0.0,9.092145774047822e-05,1.3716210556747355,0.3156496669564928,0.46573717437579937,11.857834815979004,0.0,11.857834815979004,11.857834815979004
278,35584,61.78703826676644,607,1.2522002458572388,0.0,1.2522002458572388,1.2522002458572388,500.0,0.0,500.0,500.0,12.152240753173828,0.19778433442115784,0.037092216312885284,0.0017764337826520205,14.37125938904844,0.007403552066534758,0.0,0.0,2.231851794931572e-05,1.3742965620267233,0.31759420888764517,0.4666029673904042,1.2522002458572388,0.0,1.2522002458572388,1.2522002458572388
279,35712,62.89643796381168,609,1.2522002458572388,0.0,1.2522002458572388,1.2522002458572388,500.0,0.0,500.0,500.0,12.165046691894531,0.20386244356632233,0.02341253124177456,5.2384020818863064e-05,14.604120750192134,0.012753954157233238,0.0,0.0,6.902810127940029e-05,1.376681415242913,0.3193236419132778,0.46737217031644857,1.2522002458572388,0.0,1.2522002458572388,1.2522002458572388
280,35840,62.82508088772472,611,1.2522002458572388,0.0,1.2522002458572388,1.2522002458572388,500.0,0.0,500.0,500.0,12.177339553833008,0.19337081909179688,0.005430282559245825,0.0006632478325627744,40.33639749789416,0.04508168622851372,0.0,0.0,4.3918884330196306e-05,1.3791487571066041,0.321110018662044,0.4681660991424001,1.2522002458572388,0.0,1.2522002458572388,1.2522002458572388
281,35968,60.87263041383613,614,1.2522002458572388,0.0,1.2522002458572388,1.2522002458572388,500.0,0.0,500.0,500.0,12.187942504882812,0.21154306828975677,-0.0033167339861392975,0.0004524624964687973,44.871304945021144,0.07184721529483795,0.0,0.0,4.40954536315985e-05,1.3810696988430256,0.3224987132208688,0.46878284527494724,1.2522002458572388,0.0,1.2522002458572388,1.2522002458572388
282,36096,61.310920193272906,616,0.7480736374855042,0.0,0.7480736374855042,0.7480736374855042,500.0,0.0,500.0,500.0,12.195505142211914,0.23751410841941833,-0.02317875623703003,0.008060649037361145,22.979272045716552,0.050401847809553146,0.0,0.0,6.6029056142724585e-06,1.3824614083161937,0.3235034389155252,0.46922877103432115,0.7480736374855042,0.0,0.7480736374855042,0.7480736374855042
283,36224,61.76950775008284,618,0.7480736374855042,0.0,0.7480736374855042,0.7480736374855042,500.0,0.0,500.0,500.0,12.201562881469727,0.2816508114337921,-0.09807170927524567,0.004394827410578728,8.878831838576595,0.01644979976117611,0.0,0.0,1.680049899732694e-05,1.3836209047833858,0.32434271914618357,0.46960173663698745,0.7480736374855042,0.0,0.7480736374855042,0.7480736374855042
284,36352,61.1762929875339,620,0.7480736374855042,0.0,0.7480736374855042,0.7480736374855042,500.0,0.0,500.0,500.0,12.205684661865234,0.43251529335975647,-0.13112854957580566,0.01557223405689001,2.0781330005332297,0.011354334652423859,0.0,0.0,3.316210859338753e-05,1.3841639566855066,0.3247393327099936,0.4697787310694301,0.7480736374855042,0.0,0.7480736374855042,0.7480736374855042
285,36480,60.75475916375466,622,0.7480736374855042,0.0,0.7480736374855042,0.7480736374855042,500.0,0.0,500.0,500.0,12.211404800415039,0.45059889554977417,-0.079494908452034,0.0101417051628232,8.44508255609343,0.017263004556298256,0.0,0.0,6.575531006092206e-05,1.3856171555747405,0.32580824409212383,0.470257373001968,0.7480736374855042,0.0,0.7480736374855042,0.7480736374855042
286,36608,61.90363495147064,624,5.06036901473999,0.0,5.06036901473999,5.06036901473999,500.0,0.0,500.0,500.0,12.220528602600098,0.3055165112018585,0.0583115853369236,0.011799441650509834,5.883772224922441,0.00625808397307992,0.0,0.0,3.691868914756924e-05,1.3877940619535212,0.32739255683762686,0.47096325444855847,5.06036901473999,0.0,5.06036901473999,5.06036901473999
287,36736,62.569348285525614,627,5.06036901473999,0.0,5.06036901473999,5.06036901473999,500.0,0.0,500.0,500.0,12.234415054321289,0.08210095763206482,-0.06525105237960815,0.05424767732620239,11.826466245765747,0.03735322505235672,0.0,0.0,3.50122936652042e-05,1.3903610444046908,0.3292519577911922,0.47178983866433455,5.06036901473999,0.0,5.06036901473999,5.06036901473999
288,36864,61.093839486442555,629,5.06036901473999,0.0,5.06036901473999,5.06036901473999,500.0,0.0,500.0,500.0,12.245935440063477,0.127999410033226,-0.09991757571697235,0.00047423725482076406,11.661851246317973,0.03363414853811264,0.0,0.0,6.558487075380981e-05,1.392566474784876,0.3308468290737697,0.472498280285837,5.06036901473999,0.0,5.06036901473999,5.06036901473999
289,36992,62.785009509479714,631,5.06036901473999,0.0,5.06036901473999,5.06036901473999,500.0,0.0,500.0,500.0,12.25550651550293,0.2703612148761749,-0.058694712817668915,0.0029456722550094128,1.345617654370768,0.0055636027827858925,0.0,0.0,2.977037183882203e-05,1.394523215759947,0.3322602765900748,0.47312580514310254,5.06036901473999,0.0,5.06036901473999,5.06036901473999
290,37120,62.76603496616483,633,2.8039908409118652,0.0,2.8039908409118652,2.8039908409118652,500.0,0.0,500.0,500.0,12.265708923339844,0.1855146437883377,0.023511838167905807,0.003213711315765977,21.949683154020086,0.020390469580888748,0.0,0.0,0.00014701977488584816,1.3963753032486106,0.33359753234045847,0.47371938346047776,2.8039908409118652,0.0,2.8039908409118652,2.8039908409118652
291,37248,62.84577578938114,635,2.8039908409118652,0.0,2.8039908409118652,2.8039908409118652,500.0,0.0,500.0,500.0,12.273109436035156,0.15677344799041748,0.013225985690951347,0.00022819318110123277,20.946276814722232,0.03471618518233299,0.0,0.0,3.475621633697301e-05,1.3977386182017184,0.3345801021371569,0.4741551465682052,2.8039908409118652,0.0,2.8039908409118652,2.8039908409118652
292,37376,61.94344645749439,637,2.8039908409118652,0.0,2.8039908409118652,2.8039908409118652,500.0,0.0,500.0,500.0,12.279577255249023,0.16943930089473724,-0.004428476095199585,0.00046297881635837257,20.228993411175484,0.017627514898777008,0.0,0.0,2.7169668101123534e-05,1.3990384215275165,0.3355139451367514,0.4745686676774675,2.8039908409118652,0.0,2.8039908409118652,2.8039908409118652
293,37504,61.9547407003423,639,0.8828765749931335,0.0,0.8828765749931335,0.8828765749931335,500.0,0.0,500.0,500.0,12.286480903625488,0.18993131816387177,0.01711590774357319,0.0026782348286360502,50.65723832432323,0.05843592435121536,0.0,0.0,7.194250065367669e-05,1.4004306301825642,0.33651227184704374,0.47501033249511654,0.8828765749931335,0.0,0.8828765749931335,0.8828765749931335
294,37632,63.52875651429865,641,0.8828765749931335,0.0,0.8828765749931335,0.8828765749931335,500.0,0.0,500.0,500.0,12.291723251342773,0.3576330840587616,-0.7222710251808167,0.482505202293396,47.27198127627472,0.0565427727997303,0.0,0.0,8.77880520420149e-05,1.4013030400104314,0.33713981083461214,0.47528837862265677,0.8828765749931335,0.0,0.8828765749931335,0.8828765749931335
295,37760,62.70367236379491,644,0.8828765749931335,0.0,0.8828765749931335,0.8828765749931335,500.0,0.0,500.0,500.0,12.294596672058105,0.5784710645675659,-0.19856582581996918,0.04552460461854935,42.748231208073875,0.07596801221370697,0.0,0.0,0.00015509838704019785,1.4018207443886506,0.33751353195735384,0.4754542486185134,0.8828765749931335,0.0,0.8828765749931335,0.8828765749931335
296,37888,62.728574676753325,646,0.8828765749931335,0.0,0.8828765749931335,0.8828765749931335,500.0,0.0,500.0,500.0,12.296895980834961,0.5860465168952942,-0.12008491903543472,0.05794462934136391,50.17262684571192,0.10047529637813568,0.0,0.0,3.7629461075994186e-06,1.4022760969283603,0.3378410424504961,0.4755993564361281,0.8828765749931335,0.0,0.8828765749931335,0.8828765749931335
297,38016,59.98342539893262,648,12.694262504577637,0.0,12.694262504577637,12.694262504577637,500.0,0.0,500.0,500.0,12.299163818359375,0.6851418614387512,-0.004606151953339577,0.03242814913392067,33.140041183724875,0.06899414211511612,0.0,0.0,1.0114715223608073e-05,1.4027358292673908,0.3381707583154951,0.47574523829140614,12.694262504577637,0.0,12.694262504577637,12.694262504577637
298,38144,60.90265506401988,650,12.694262504577637,0.0,12.694262504577637,12.694262504577637,500.0,0.0,500.0,500.0,12.303340911865234,0.7988902926445007,-0.49324700236320496,0.31565651297569275,9.142019312603555,0.07131292670965195,0.0,0.0,1.4487653970718384e-05,1.403859356934993,0.3389744119984763,0.4761003479042819,12.694262504577637,0.0,12.694262504577637,12.694262504577637
299,38272,62.38870606784828,652,12.694262504577637,0.0,12.694262504577637,12.694262504577637,500.0,0.0,500.0,500.0,12.311037063598633,1.0401818752288818,-0.3278070092201233,0.17973826825618744,10.69327552541019,0.12821349501609802,0.0,0.0,6.790111365262419e-05,1.4053586529453688,0.3400384954043797,0.4765687378850294,12.694262504577637,0.0,12.694262504577637,12.694262504577637
300,38400,63.339558541004116,654,12.694262504577637,0.0,12.694262504577637,12.694262504577637,500.0,0.0,500.0,500.0,12.317859649658203,1.010655164718628,-0.025314539670944214,0.014605624601244926,1.3169426042825403,0.11627328395843506,0.0,0.0,2.225709795311559e-05,1.4068565771148236,0.3411010376044682,0.47703632222493564,12.694262504577637,0.0,12.694262504577637,12.694262504577637
301,38528,61.246124652256256,657,12.798187255859375,0.0,12.798187255859375,12.798187255859375,500.0,0.0,500.0,500.0,12.326896667480469,0.6514536142349243,0.05399841070175171,0.1482473611831665,20.20904888867435,0.04394160583615303,0.0,0.0,0.0003125861694570631,1.4086034998807715,0.34234590615545,0.47758537572129456,12.798187255859375,0.0,12.798187255859375,12.798187255859375
302,38656,62.299643054414474,659,12.798187255859375,0.0,12.798187255859375,12.798187255859375,500.0,0.0,500.0,500.0,12.333213806152344,0.636104166507721,-1.0863983631134033,1.448636770248413,16.318370452956476,0.04843755438923836,0.0,0.0,7.633228960912675e-06,1.40958697741195,0.34304904511996676,0.4778959987572554,12.798187255859375,0.0,12.798187255859375,12.798187255859375
303,38784,63.14191776710366,661,12.798187255859375,0.0,12.798187255859375,12.798187255859375,500.0,0.0,500.0,500.0,12.336559295654297,0.8037672638893127,-0.14821171760559082,0.00762944808229804,11.198712163383004,0.05776272341609001,0.0,0.0,0.0001388103555655107,1.4103296769691036,0.34358053122247967,0.4781308944144496,12.798187255859375,0.0,12.798187255859375,12.798187255859375
304,38912,59.41209405392042,663,12.798187255859375,0.0,12.798187255859375,12.798187255859375,500.0,0.0,500.0,500.0,12.340690612792969,0.8586358428001404,-0.04200666397809982,0.0027306934352964163,5.974962655111461,0.06691371649503708,0.0,0.0,7.182361514423974e-06,1.4111473993570554,0.34416249820164274,0.4783874078289706,12.798187255859375,0.0,12.798187255859375,12.798187255859375
305,39040,61.669746530386256,665,15.349077224731445,0.0,15.349077224731445,15.349077224731445,500.0,0.0,500.0,500.0,12.345857620239258,0.6770862340927124,0.13697507977485657,0.02890337072312832,11.586619011096348,0.037230391055345535,0.0,0.0,7.69524704082869e-05,1.4123090842257242,0.344986549445561,0.47875003516243925,15.349077224731445,0.0,15.349077224731445,15.349077224731445
306,39168,60.830295468379,667,15.349077224731445,0.0,15.349077224731445,15.349077224731445,500.0,0.0,500.0,500.0,12.354269027709961,0.25825056433677673,0.08699187636375427,0.07399676740169525,31.65240624695382,0.022541513666510582,0.0,0.0,0.00016595632769167423,1.4141516718535647,0.3462879955768585,0.47932152011124723,15.349077224731445,0.0,15.349077224731445,15.349077224731445
307,39296,59.89837944293163,670,15.349077224731445,0.0,15.349077224731445,15.349077224731445,500.0,0.0,500.0,500.0,12.362531661987305,-0.1430930197238922,-0.007208429276943207,0.06799164414405823,29.580935322678947,0.043335605412721634,0.0,0.0,0.00010477874457137659,1.4156942026835908,0.3473758271762303,0.47979883535809575,15.349077224731445,0.0,15.349077224731445,15.349077224731445
308,39424,60.98457911885742,672,15.349077224731445,0.0,15.349077224731445,15.349077224731445,500.0,0.0,500.0,500.0,12.36892318725586,-0.10087359696626663,-0.050980985164642334,0.0011089569889008999,19.878953847134706,0.03380928933620453,0.0,0.0,1.4082532288739458e-05,1.416927224783789,0.3482451055731092,0.48018019415204993,15.349077224731445,0.0,15.349077224731445,15.349077224731445
309,39552,60.927370956689856,674,0.7941029667854309,0.0,0.7941029667854309,0.7941029667854309,500.0,0.0,500.0,500.0,12.374939918518066,0.14670367538928986,-0.03202833980321884,0.017784737050533295,50.644698397668,0.05989648401737213,0.0,0.0,4.353340409579687e-05,1.4181702287727311,0.3491214896951403,0.4805646873709869,0.7941029667854309,0.0,0.7941029667854309,0.7941029667854309
310,39680,62.11053428134253,676,0.7941029667854309,0.0,0.7941029667854309,0.7941029667854309,500.0,0.0,500.0,500.0,12.380674362182617,0.34433427453041077,-0.041275784373283386,0.0014669420197606087,2.632118933116983,0.0028833006508648396,0.0,0.0,1.3234795005701017e-05,1.4193749241547076,0.3499703194413866,0.48093697341384634,0.7941029667854309,0.0,0.7941029667854309,0.7941029667854309
311,39808,60.61277335792749,678,0.7941029667854309,0.0,0.7941029667854309,0.7941029667854309,500.0,0.0,500.0,500.0,12.387816429138184,0.39104947447776794,-0.1277250200510025,0.006844501011073589,10.930536972218176,0.006861185654997826,0.0,0.0,1.8907987396232784e-05,1.4208806950193686,0.35103143964494976,0.481402399980849,0.7941029667854309,0.0,0.7941029667854309,0.7941029667854309
312,39936,59.335721332242564,681,0.7941029667854309,0.0,0.7941029667854309,0.7941029667854309,500.0,0.0,500.0,500.0,12.395544052124023,0.4957970678806305,-0.07672025263309479,0.0006921134190633893,13.960447936223167,0.014631545171141624,0.0,0.0,1.62781525432365e-05,1.4223845781176412,0.3520892219884055,0.481865916736938,0.7941029667854309,0.0,0.7941029667854309,0.7941029667854309
313,40064,60.85966433889549,683,3.979194402694702,0.0,3.979194402694702,3.979194402694702,500.0,0.0,500.0,500.0,12.401532173156738,0.4739636182785034,0.06526196002960205,0.014663307927548885,8.801137491547127,0.010535266250371933,0.0,0.0,4.271626494301017e-06,1.4235464988145394,0.3529051031385149,0.48222313034113096,3.979194402694702,0.0,3.979194402694702,3.979194402694702
314,40192,62.173154843052046,685,3.979194402694702,0.0,3.979194402694702,3.979194402694702,500.0,0.0,500.0,500.0,12.407097816467285,0.39453455805778503,0.03971322625875473,0.0018907913472503424,33.825355967639325,0.030169133096933365,0.0,0.0,1.3383672921918333e-05,1.4246632840711482,0.3536882145064218,0.4825657591984594,3.979194402694702,0.0,3.979194402694702,3.979194402694702
315,40320,63.300679307680134,687,3.979194402694702,0.0,3.979194402694702,3.979194402694702,500.0,0.0,500.0,500.0,12.412113189697266,0.2764885127544403,0.039033688604831696,0.0016819469165056944,1.3518275744045762,0.0013510179705917835,0.0,0.0,1.2779988537658937e-05,1.4258195708346941,0.35449811816215515,0.4829199085772986,3.979194402694702,0.0,3.979194402694702,3.979194402694702
316,40448,61.56988336754705,689,3.979194402694702,0.0,3.979194402694702,3.979194402694702,500.0,0.0,500.0,500.0,12.418941497802734,0.21324226260185242,-0.01991090178489685,0.0018778658704832196,6.0372200770973174,0.0015622994396835566,0.0,0.0,4.558514319796814e-06,1.4271154703980091,0.35540488362312317,0.4833162060309394,3.979194402694702,0.0,3.979194402694702,3.979194402694702
317,40576,61.32082925238561,691,1.2294847965240479,0.0,1.2294847965240479,1.2294847965240479,500.0,0.0,500.0,500.0,12.427972793579102,0.3289013206958771,-0.027097485959529877,0.013021491467952728,5.817758281067742,0.0020304333884269,0.0,0.0,2.338052036066074e-05,1.4292633143810716,0.3569030293396541,0.4839698948504368,1.2294847965240479,0.0,1.2294847965240479,1.2294847965240479
318,40704,61.05566772635662,694,1.2294847965240479,0.0,1.2294847965240479,1.2294847965240479,500.0,0.0,500.0,500.0,12.446069717407227,0.21067340672016144,0.03096284717321396,0.008479833602905273,13.040844958614777,0.00499298982322216,0.0,0.0,6.909780495334417e-05,1.433310918586127,0.3597299797194345,0.48520421855728496,1.2294847965240479,0.0,1.2294847965240479,1.2294847965240479
319,40832,61.915307402688,696,1.2294847965240479,0.0,1.2294847965240479,1.2294847965240479,500.0,0.0,500.0,500.0,12.4625244140625,0.14108923077583313,0.008508452214300632,0.0005085581797175109,4.952523043909235,0.004385391715914011,0.0,0.0,2.983361264341511e-05,1.4364573389635742,0.36192176171711515,0.4861599268354838,1.2294847965240479,0.0,1.2294847965240479,1.2294847965240479
320,40960,61.1564738244312,698,1.2294847965240479,0.0,1.2294847965240479,1.2294847965240479,500.0,0.0,500.0,500.0,12.475147247314453,0.17780087888240814,-0.005564601626247168,0.0006087958463467658,3.13496304774025,0.002059346064925194,0.0,0.0,2.6802656066138297e-05,1.4389446998528739,0.3636508711746761,0.48691309071952044,1.2294847965240479,0.0,1.2294847965240479,1.2294847965240479
321,41088,60.876695956872155,700,1.4990870952606201,0.0,1.4990870952606201,1.4990870952606201,500.0,0.0,500.0,500.0,12.48570442199707,0.2518085539340973,-0.06880846619606018,0.0124339135363698,3.3827855254208674,0.0009659422212280333,0.0,0.0,1.8583916244097054e-05,1.4409799874764293,0.36506230916295734,0.4875271153081118,1.4990870952606201,0.0,1.4990870952606201,1.4990870952606201
322,41216,62.177086322778294,702,1.4990870952606201,0.0,1.4990870952606201,1.4990870952606201,500.0,0.0,500.0,500.0,12.494482040405273,0.356404572725296,-0.06910085678100586,0.00427589938044548,3.2913059847487984,0.003244411665946245,0.0,0.0,1.3131462765159085e-05,1.4428232832522863,0.36633849143981934,0.48808182174273756,1.4990870952606201,0.0,1.4990870952606201,1.4990870952606201
323,41344,62.62649037600677,704,1.4990870952606201,0.0,1.4990870952606201,1.4990870952606201,500.0,0.0,500.0,500.0,12.503795623779297,0.3810671269893646,-0.09803596138954163,0.0020689493976533413,33.24568401628026,0.02881881408393383,0.0,0.0,8.972881914814934e-06,1.4447198268258121,0.36765165839876446,0.4886526319664036,1.4990870952606201,0.0,1.4990870952606201,1.4990870952606201
324,41472,61.21597685593717,707,1.4990870952606201,0.0,1.4990870952606201,1.4990870952606201,500.0,0.0,500.0,500.0,12.511968612670898,0.5788059234619141,-0.08448880910873413,0.0026004596147686243,20.089357697364203,0.026097554713487625,0.0,0.0,1.4283396922110114e-05,1.4462658399577606,0.3687214766229902,0.4891175179764361,1.4990870952606201,0.0,1.4990870952606201,1.4990870952606201
325,41600,59.98613305575906,709,4.662809371948242,0.0,4.662809371948242,4.662809371948242,500.0,0.0,500.0,500.0,12.517833709716797,0.5886183381080627,0.11712437868118286,0.027592409402132034,15.820273567817818,0.02753647044301033,0.0,0.0,4.0240611269837245e-06,1.447388850416839,0.3694983550480434,0.489455057442734,4.662809371948242,0.0,4.662809371948242,4.662809371948242
326,41728,58.81000098040236,711,4.662809371948242,0.0,4.662809371948242,4.662809371948242,500.0,0.0,500.0,500.0,12.522319793701172,0.5437604188919067,0.07343542575836182,0.0014390329597517848,33.012395378757944,0.03770485520362854,0.0,0.0,1.150712250819197e-05,1.4482736229122968,0.37011082257543293,0.48972125432257435,4.662809371948242,0.0,4.662809371948242,4.662809371948242
327,41856,62.469743701925566,713,4.662809371948242,0.0,4.662809371948242,4.662809371948242,500.0,0.0,500.0,500.0,12.525991439819336,0.39179912209510803,0.05257848650217056,0.004036553669720888,4.568673006776624,0.004884176421910524,0.0,0.0,2.5364641260239296e-05,1.4490225848926777,0.3706291275365012,0.4899464917358662,4.662809371948242,0.0,4.662809371948242,4.662809371948242
328,41984,63.940424161524,715,4.662809371948242,0.0,4.662809371948242,4.662809371948242,500.0,0.0,500.0,500.0,12.529781341552734,0.30081236362457275,0.02497994527220726,0.0014811919536441565,10.16084540732532,0.0034884149208664894,0.0,0.0,5.632648026221432e-06,1.4497995605131102,0.37116593973977224,0.49017957292272885,4.662809371948242,0.0,4.662809371948242,4.662809371948242
329,42112,61.09450690909455,718,0.8979122042655945,0.0,0.8979122042655945,0.8979122042655945,500.0,0.0,500.0,500.0,12.533785820007324,0.31649133563041687,-0.07928586006164551,0.02552420273423195,15.574728293328084,0.00652468204498291,0.0,0.0,5.043013061367674e-06,1.4506348667367501,0.3717443517276219,0.4904310129144069,0.8979122042655945,0.0,0.8979122042655945,0.8979122042655945
330,42240,60.9598444866333,720,0.8979122042655945,0.0,0.8979122042655945,0.8979122042655945,500.0,0.0,500.0,500.0,12.540434837341309,0.31530654430389404,-0.028619740158319473,0.0006320597603917122,19.46205730767021,0.009426006115972996,0.0,0.0,1.9777973648160696e-05,1.4522168481723055,0.3728357468332563,0.49090453131819484,0.8979122042655945,0.0,0.8979122042655945,0.8979122042655945
331,42368,60.70890127331635,722,0.8979122042655945,0.0,0.8979122042655945,0.8979122042655945,500.0,0.0,500.0,500.0,12.547988891601562,0.34427016973495483,0.00958556029945612,0.0008174710674211383,32.326594253413546,0.026225771754980087,0.0,0.0,6.860433586552972e-06,1.4536954174278667,0.37385442427226473,0.4913461877553288,0.8979122042655945,0.0,0.8979122042655945,0.8979122042655945
332,42496,60.84822786510207,724,0.8979122042655945,0.0,0.8979122042655945,0.8979122042655945,500.0,0.0,500.0,500.0,12.553711891174316,0.33419010043144226,0.038578182458877563,0.0013677339302375913,43.75370265416102,0.04491697624325752,0.0,0.0,3.4191364193247864e-06,1.4548016099489172,0.37461539251463755,0.4916758493197474,0.8979122042655945,0.0,0.8979122042655945,0.8979122042655945
333,42624,62.912933110870334,726,2.5393753051757812,0.0,2.5393753051757812,2.5393753051757812,500.0,0.0,500.0,500.0,12.558055877685547,0.31251266598701477,0.0400918684899807,0.0026726573705673218,17.682143715921786,0.009126715362071991,0.0,0.0,3.3156734389194753e-06,1.4556627077074826,0.3752075135707855,0.4919323089915139,2.5393753051757812,0.0,2.5393753051757812,2.5393753051757812
334,42752,60.42482812768889,728,2.5393753051757812,0.0,2.5393753051757812,2.5393753051757812,500.0,0.0,500.0,500.0,12.563013076782227,0.24670878052711487,0.031818438321352005,0.0014848117716610432,6.355236760116419,0.0012374860234558582,0.0,0.0,2.2546493710251525e-05,1.4567718999982548,0.375969226871218,0.49226199372914803,2.5393753051757812,0.0,2.5393753051757812,2.5393753051757812
335,42880,60.21225065489558,731,2.5393753051757812,0.0,2.5393753051757812,2.5393753051757812,500.0,0.0,500.0,500.0,12.568492889404297,0.20769569277763367,-0.0054727718234062195,0.0005064693395979702,1.0713012376562063,0.0011886738939210773,0.0,0.0,4.946498847857583e-06,1.4581150768312916,0.3768908040864127,0.49266068320072565,2.5393753051757812,0.0,2.5393753051757812,2.5393753051757812
336,43008,60.683086462202525,733,0.784250020980835,0.0,0.784250020980835,0.784250020980835,500.0,0.0,500.0,500.0,12.577152252197266,0.32166171073913574,0.04503156989812851,0.0123715465888381,15.909519947502059,0.007018006406724453,0.0,0.0,8.138967132254038e-06,1.4598308270336646,0.3780656542096819,0.493168402196646,0.784250020980835,0.0,0.784250020980835,0.784250020980835
337,43136,60.66613556909591,735,0.784250020980835,0.0,0.784250020980835,0.784250020980835,500.0,0.0,500.0,500.0,12.585195541381836,0.4036109447479248,-0.1495039463043213,0.02038326859474182,27.311168058580186,0.022587500512599945,0.0,0.0,2.1386489606811665e-05,1.4614932386851616,0.37920041169439045,0.4936579773988757,0.784250020980835,0.0,0.784250020980835,0.784250020980835
338,43264,61.6673168370545,737,0.784250020980835,0.0,0.784250020980835,0.784250020980835,500.0,0.0,500.0,500.0,12.591617584228516,0.49459195137023926,-0.12591049075126648,0.00839123222976923,41.45439912309622,0.049881596118211746,0.0,0.0,1.988652002182789e-05,1.462739189839017,0.3800485304423741,0.4940233416415007,0.784250020980835,0.0,0.784250020980835,0.784250020980835
339,43392,62.69523687740017,739,0.784250020980835,0.0,0.784250020980835,0.784250020980835,500.0,0.0,500.0,500.0,12.596545219421387,0.5357113480567932,-0.13680225610733032,0.011445539072155952,14.792985032503648,0.019004374742507935,0.0,0.0,6.396962362487102e-06,1.4637431848516866,0.38073042035102844,0.4943167421273568,0.784250020980835,0.0,0.784250020980835,0.784250020980835
340,43520,62.357872274540966,742,6.757283687591553,0.0,6.757283687591553,6.757283687591553,500.0,0.0,500.0,500.0,12.602535247802734,0.5075373649597168,-0.021383751183748245,0.03029882162809372,26.35235841138109,0.02738139219582081,0.0,0.0,1.214417443407001e-05,1.4652443704685456,0.3817522781235831,0.49475695373038536,6.757283687591553,0.0,6.757283687591553,6.757283687591553
341,43648,61.83303025559997,744,6.757283687591553,0.0,6.757283687591553,6.757283687591553,500.0,0.0,500.0,500.0,12.61107063293457,0.36278781294822693,0.014852702617645264,0.008974147029221058,35.175416882028486,0.032228145748376846,0.0,0.0,3.620558709371835e-05,1.4669723069348275,0.3829289972782135,0.4952639975058815,6.757283687591553,0.0,6.757283687591553,6.757283687591553
342,43776,62.32557117939163,746,6.757283687591553,0.0,6.757283687591553,6.757283687591553,500.0,0.0,500.0,500.0,12.618066787719727,0.25063395500183105,0.02913840487599373,0.0018253783928230405,4.065916433016601,0.002330964896827936,0.0,0.0,9.982127266994212e-06,1.468353377865903,0.3838688518319811,0.49566882655510847,6.757283687591553,0.0,6.757283687591553,6.757283687591553
343,43904,62.513737058029605,748,6.757283687591553,0.0,6.757283687591553,6.757283687591553,500.0,0.0,500.0,500.0,12.623649597167969,0.23836517333984375,0.0023795347660779953,0.0005460782558657229,52.43347277644218,0.06950011849403381,0.0,0.0,2.958412551379297e-06,1.4694273735983852,0.3845993195261274,0.495983369159282,6.757283687591553,0.0,6.757283687591553,6.757283687591553
344,44032,61.69626600725042,750,2.105454206466675,0.0,2.105454206466675,2.105454206466675,500.0,0.0,500.0,500.0,12.627742767333984,0.2547096908092499,-0.021107183769345284,0.00582091836258769,38.95171105988813,0.03658624738454819,0.0,0.0,1.9898070604540408e-06,1.4702356034858457,0.3851484315735953,0.49621968095800345,2.105454206466675,0.0,2.105454206466675,2.105454206466675
345,44160,62.415593652819126,752,2.105454206466675,0.0,2.105454206466675,2.105454206466675,500.0,0.0,500.0,500.0,12.631820678710938,0.3159012198448181,-0.1404542624950409,0.01703949086368084,7.762624210346401,0.0028183567337691784,0.0,0.0,1.0353871402912773e-05,1.4711916194854688,0.385795784848077,0.4964977698836592,2.105454206466675,0.0,2.105454206466675,2.105454206466675
346,44288,62.62949305508731,754,2.105454206466675,0.0,2.105454206466675,2.105454206466675,500.0,0.0,500.0,500.0,12.636895179748535,0.3693690598011017,-0.07115985453128815,0.0005537046235986054,20.69079416341506,0.013089069165289402,0.0,0.0,1.95087068277644e-05,1.472239964295373,0.38650523338999065,0.4968024353624137,2.105454206466675,0.0,2.105454206466675,2.105454206466675
347,44416,61.28085548097862,757,2.105454206466675,0.0,2.105454206466675,2.105454206466675,500.0,0.0,500.0,500.0,12.641727447509766,0.44009700417518616,-0.09709616750478745,0.004380174446851015,8.42984973058318,0.007523371838033199,0.0,0.0,6.227454377949471e-06,1.4732939225868418,0.3872206083365849,0.4971101408987065,2.105454206466675,0.0,2.105454206466675,2.105454206466675
348,44544,60.958093326458666,759,4.7877702713012695,0.0,4.7877702713012695,4.7877702713012695,500.0,0.0,500.0,500.0,12.649038314819336,0.3725007474422455,0.0016088366974145174,0.02002742514014244,1.152006832558932,0.0025103227235376835,0.0,0.0,4.1410479752812535e-05,1.4749988641654976,0.3883713866983141,0.49760362875756164,4.7877702713012695,0.0,4.7877702713012695,4.7877702713012695
349,44672,62.060598886594036,761,4.7877702713012695,0.0,4.7877702713012695,4.7877702713012695,500.0,0.0,500.0,500.0,12.660367965698242,0.22892944514751434,0.02822778932750225,0.01315897237509489,10.226727440720635,0.0034516125451773405,0.0,0.0,2.991392284457106e-05,1.477653805902009,0.3901583637510027,0.4983687676771204,4.7877702713012695,0.0,4.7877702713012695,4.7877702713012695
350,44800,62.66027432658147,763,4.7877702713012695,0.0,4.7877702713012695,4.7877702713012695,500.0,0.0,500.0,500.0,12.672388076782227,0.0736994817852974,0.002074125688523054,0.006788400933146477,0.48806824788745656,0.007474865298718214,0.0,0.0,1.2552836778922938e-05,1.4804230524547672,0.39202188168253216,0.4991665871655638,4.7877702713012695,0.0,4.7877702713012695,4.7877702713012695
351,44928,62.35721317728434,765,4.7877702713012695,0.0,4.7877702713012695,4.7877702713012695,500.0,0.0,500.0,500.0,12.687911033630371,0.616945743560791,0.012657403945922852,0.14102604985237122,24.05820009047192,0.03152962028980255,0.0,0.0,0.00019324227469041944,1.4834666873074362,0.39407048906598774,0.500043752006722,4.7877702713012695,0.0,4.7877702713012695,4.7877702713012695
352,45056,61.75700219019748,767,1.3188592195510864,0.0,1.3188592195510864,1.3188592195510864,500.0,0.0,500.0,500.0,12.699058532714844,0.734592854976654,0.15818145871162415,0.05966910347342491,7.306558298193995,0.04693467542529106,0.0,0.0,1.2630645869649015e-05,1.4856539982887027,0.3955443629196712,0.5006752140723265,1.3188592195510864,0.0,1.3188592195510864,1.3188592195510864
353,45184,61.67288487246094,770,1.3188592195510864,0.0,1.3188592195510864,1.3188592195510864,500.0,0.0,500.0,500.0,12.707263946533203,0.5839905738830566,0.09859807789325714,0.0015590444672852755,12.058015363160308,0.024968499317765236,0.0,0.0,4.229847399983555e-05,1.4872580019584851,0.3966266001973833,0.5011392153766255,1.3188592195510864,0.0,1.3188592195510864,1.3188592195510864
354,45312,62.000245288984836,772,1.3188592195510864,0.0,1.3188592195510864,1.3188592195510864,500.0,0.0,500.0,500.0,12.713829040527344,0.4056537449359894,0.04249389469623566,0.006627012509852648,35.48078726066185,0.03296215459704399,0.0,0.0,2.9083497793180868e-05,1.4885989748365027,0.39752975531986784,0.5015260603621304,1.3188592195510864,0.0,1.3188592195510864,1.3188592195510864
355,45440,60.806326284559354,774,1.3188592195510864,0.0,1.3188592195510864,1.3188592195510864,500.0,0.0,500.0,500.0,12.7191801071167,0.35063207149505615,-0.1219971552491188,0.04624564200639725,7.118791613036944,0.0039383587427437305,0.0,0.0,1.0687776921258774e-05,1.4896890514842511,0.3982626029423305,0.5018396479965431,1.3188592195510864,0.0,1.3188592195510864,1.3188592195510864
356,45568,61.4077809669716,776,2.3555188179016113,0.0,2.3555188179016113,2.3555188179016113,500.0,0.0,500.0,500.0,12.72374153137207,0.3437627851963043,0.010253030806779861,0.009267708286643028,8.01426751134604,0.00321444240398705,0.0,0.0,3.0143014555505943e-06,1.4906421404519545,0.3989026929650988,0.5021133894380089,2.3555188179016113,0.0,2.3555188179016113,2.3555188179016113
357,45696,61.86575659501189,778,2.3555188179016113,0.0,2.3555188179016113,2.3555188179016113,500.0,0.0,500.0,500.0,12.724407196044922,0.5369953513145447,-0.6201140284538269,0.29780909419059753,21.054440684336768,0.02465377375483513,0.0,0.0,5.465512367663905e-05,1.4903511553523079,0.39870586565562655,0.5020288857430997,2.3555188179016113,0.0,2.3555188179016113,2.3555188179016113
358,45824,61.294029656318116,780,2.3555188179016113,0.0,2.3555188179016113,2.3555188179016113,500.0,0.0,500.0,500.0,12.722536087036133,0.7857072353363037,-0.1485832929611206,0.007628578692674637,17.26126274464846,0.059377092868089676,0.0,0.0,5.0335380365140736e-05,1.4901168912422595,0.39854866691998075,0.5019616891024721,2.3555188179016113,0.0,2.3555188179016113,2.3555188179016113
359,45952,60.82651867199984,783,2.3555188179016113,0.0,2.3555188179016113,2.3555188179016113,500.0,0.0,500.0,500.0,12.722721099853516,0.9277040362358093,0.07015153765678406,0.007819874212145805,14.547514749010729,0.08713454753160477,0.0,0.0,2.19889125219197e-06,1.4902444590751303,0.3986340250287737,0.5019981191732061,2.3555188179016113,0.0,2.3555188179016113,2.3555188179016113
360,46080,61.596585558380525,785,9.871075630187988,0.0,9.871075630187988,9.871075630187988,500.0,0.0,500.0,500.0,12.723071098327637,0.7630499601364136,0.19254207611083984,0.039995383471250534,28.14844962244259,0.05494533106684685,0.0,0.0,6.38458295725286e-05,1.4902445173914722,0.39862679157938274,0.5019933179442349,9.871075630187988,0.0,9.871075630187988,9.871075630187988
361,46208,58.81162445324628,787,9.871075630187988,0.0,9.871075630187988,9.871075630187988,500.0,0.0,500.0,500.0,12.723421096801758,0.462479829788208,0.08447428047657013,0.018150994554162025,4.146869337637218,0.009699990972876549,0.0,0.0,9.165862866211683e-05,1.4904777245215288,0.39877671003341675,0.5020558581089337,9.871075630187988,0.0,9.871075630187988,9.871075630187988
362,46336,58.461552667903405,789,9.871075630187988,0.0,9.871075630187988,9.871075630187988,500.0,0.0,500.0,500.0,12.726428985595703,0.28239548206329346,0.03694611042737961,0.007843375205993652,19.479642150303675,0.010376209393143654,0.0,0.0,1.3498906810127664e-05,1.4911894077692598,0.39925168241773334,0.5022582821321679,9.871075630187988,0.0,9.871075630187988,9.871075630187988
363,46464,59.35454181924839,792,9.871075630187988,0.0,9.871075630187988,9.871075630187988,500.0,0.0,500.0,500.0,12.730329513549805,0.19357264041900635,0.008964198641479015,0.0026804963126778603,47.92908519729078,0.04763465002179146,0.0,0.0,4.359645572549198e-06,1.4920306462660362,0.39981518047196524,0.5024989213994165,9.871075630187988,0.0,9.871075630187988,9.871075630187988
364,46592,60.83843647285664,794,0.8933762311935425,0.0,0.8933762311935425,0.8933762311935425,500.0,0.0,500.0,500.0,12.733824729919434,0.19679082930088043,0.00820685364305973,0.003659069538116455,49.67082120050006,0.05304468795657158,0.0,0.0,4.653463292925153e-06,1.4927355231903179,0.4002871939114162,0.5027004591312481,0.8933762311935425,0.0,0.8933762311935425,0.8933762311935425
365,46720,61.4547504154058,796,0.8933762311935425,0.0,0.8933762311935425,0.8933762311935425,500.0,0.0,500.0,500.0,12.73661994934082,0.1415175348520279,0.00968445185571909,0.0003575170412659645,28.009889281587572,0.019969522953033447,0.0,0.0,1.2833318123739446e-06,1.4933084274245711,0.40067058375903536,0.5028640983218592,0.8933762311935425,0.0,0.8933762311935425,0.8933762311935425
366,46848,60.45736033075087,798,0.8933762311935425,0.0,0.8933762311935425,0.8933762311935425,500.0,0.0,500.0,500.0,12.742754936218262,0.22309350967407227,-0.001370299607515335,0.007014998234808445,3.67236828732616,0.0011229142546653748,0.0,0.0,1.0055572602141183e-05,1.494988173480939,0.4017957363809858,0.503344588195488,0.8933762311935425,0.0,0.8933762311935425,0.8933762311935425
367,46976,62.877948332115686,800,0.8933762311935425,0.0,0.8933762311935425,0.8933762311935425,500.0,0.0,500.0,500.0,12.751184463500977,0.28437286615371704,0.002026522997766733,0.0033475414384156466,17.101393631518796,0.01023037452250719,0.0,0.0,7.974629625095986e-06,1.4966485844104647,0.40290686062404085,0.5038188343206308,0.8933762311935425,0.0,0.8933762311935425,0.8933762311935425
368,47104,60.97933552889008,803,1.07097327709198,0.0,1.07097327709198,1.07097327709198,500.0,0.0,500.0,500.0,12.757489204406738,0.34117814898490906,0.05550886690616608,0.00890956912189722,13.613400082980963,0.011816758662462234,0.0,0.0,3.1474614843318705e-06,1.4979274978811616,0.40376185945102144,0.5041835663621972,1.07097327709198,0.0,1.07097327709198,1.07097327709198
369,47232,61.791710484684344,805,1.07097327709198,0.0,1.07097327709198,1.07097327709198,500.0,0.0,500.0,500.0,12.764638900756836,0.2969122529029846,0.015212477184832096,0.0012625636300072074,29.902553921169183,0.019317882135510445,0.0,0.0,1.1096015441580676e-05,1.4995010441115721,0.4048110544681549,0.50463048570587,1.07097327709198,0.0,1.07097327709198,1.07097327709198
370,47360,60.59425450920622,807,1.07097327709198,0.0,1.07097327709198,1.07097327709198,500.0,0.0,500.0,500.0,12.775028228759766,0.2075331211090088,0.014016835018992424,0.0024568727239966393,71.42227097002046,0.10300969332456589,0.0,0.0,1.4261588148656301e-05,1.5018989431275516,0.4064078075545175,0.5053101503766848,1.07097327709198,0.0,1.07097327709198,1.07097327709198
371,47488,59.2236365525718,809,1.07097327709198,0.0,1.07097327709198,1.07097327709198,500.0,0.0,500.0,500.0,12.783516883850098,0.20023459196090698,-0.00041083386167883873,7.711125363130122e-05,68.27731138691205,0.10699986666440964,0.0,0.0,7.723945600446314e-06,1.5035720908276318,0.4075204687459128,0.5057834086755678,1.07097327709198,0.0,1.07097327709198,1.07097327709198
372,47616,61.45840160347693,811,1.0487667322158813,0.0,1.0487667322158813,1.0487667322158813,500.0,0.0,500.0,500.0,12.789314270019531,0.20604130625724792,-0.5746538639068604,0.637229323387146,19.476554086515836,0.016871703788638115,0.0,0.0,4.830609213968273e-06,1.504685408437478,0.4082569820540292,0.5060957641292723,1.0487667322158813,0.0,1.0487667322158813,1.0487667322158813
373,47744,60.4872287743276,814,1.0487667322158813,0.0,1.0487667322158813,1.0487667322158813,500.0,0.0,500.0,500.0,12.793396949768066,0.36789628863334656,-0.4122888743877411,0.1488802284002304,6.35986902351704,0.013488424010574818,0.0,0.0,1.196653101942502e-05,1.50563281364273,0.40887873087610516,0.5063582566061134,1.0487667322158813,0.0,1.0487667322158813,1.0487667322158813
374,47872,62.41234299143722,816,1.0487667322158813,0.0,1.0487667322158813,1.0487667322158813,500.0,0.0,500.0,500.0,12.798439979553223,0.5246331691741943,-0.11922740936279297,0.004327837377786636,20.965938202527553,0.02572346292436123,0.0,0.0,3.1259980460163206e-05,1.5066933596833487,0.40957660334450857,0.5066533368429383,1.0487667322158813,0.0,1.0487667322158813,1.0487667322158813
375,48000,61.480613547699186,818,12.595646858215332,0.0,12.595646858215332,12.595646858215332,500.0,0.0,500.0,500.0,12.803091049194336,0.5830125212669373,-0.01515384204685688,0.01855647750198841,20.056044584932927,0.028664905577898026,0.0,0.0,4.368630470708013e-06,1.5076774332825968,0.4102275584425245,0.5069293938042531,12.595646858215332,0.0,12.595646858215332,12.595646858215332
376,48128,62.751553036058674,820,12.595646858215332,0.0,12.595646858215332,12.595646858215332,500.0,0.0,500.0,500.0,12.807245254516602,0.5360790491104126,0.07705587148666382,0.0016554880421608686,23.922897327389958,0.026094555854797363,0.0,0.0,1.040471215674188e-05,1.5085561822045381,0.4108092486858368,0.5071761735026923,12.595646858215332,0.0,12.595646858215332,12.595646858215332
377,48256,63.17743489011956,822,12.595646858215332,0.0,12.595646858215332,12.595646858215332,500.0,0.0,500.0,500.0,12.811029434204102,0.4231688976287842,0.04734553024172783,0.00045933874207548797,12.966464011323872,0.0075952596962451935,0.0,0.0,1.0454099538037553e-05,1.5093710047383893,0.41134874309812275,0.5074050803093414,12.595646858215332,0.0,12.595646858215332,12.595646858215332
378,48384,62.18865322821657,824,12.595646858215332,0.0,12.595646858215332,12.595646858215332,500.0,0.0,500.0,500.0,12.815006256103516,0.3260025978088379,0.02907501719892025,0.004500991199165583,18.30712830338873,0.008106524124741554,0.0,0.0,1.2699443686869927e-05,1.510208792753813,0.41190408383096966,0.507640863083364,12.595646858215332,0.0,12.595646858215332,12.595646858215332
379,48512,61.73472500226243,826,0.79920893907547,0.0,0.79920893907547,0.79920893907547,500.0,0.0,500.0,500.0,12.818533897399902,0.2595428228378296,0.062404945492744446,0.004714660812169313,18.380901152097984,0.008649901486933231,0.0,0.0,5.009680535295047e-06,1.5109676708968203,0.4124061550412859,0.5078538003211323,0.79920893907547,0.0,0.79920893907547,0.79920893907547
380,48640,61.724035956630104,829,0.79920893907547,0.0,0.79920893907547,0.79920893907547,500.0,0.0,500.0,500.0,12.821928024291992,0.22663524746894836,0.021590538322925568,0.00045442403643392026,26.78389780068169,0.015145179815590382,0.0,0.0,2.2944977899896912e-06,1.5116825355599846,0.412878509078707,0.5080539915017483,0.79920893907547,0.0,0.79920893907547,0.79920893907547
381,48768,62.013193389305705,831,0.79920893907547,0.0,0.79920893907547,0.79920893907547,500.0,0.0,500.0,500.0,12.8251314163208,0.22839809954166412,0.004126221872866154,0.0001474762975703925,0.7601890085358541,0.00114063813816756,0.0,0.0,1.3505715514838812e-06,1.5126387202254397,0.41351006286484854,0.5083215928260554,0.79920893907547,0.0,0.79920893907547,0.79920893907547
382,48896,64.03874261603073,833,0.79920893907547,0.0,0.79920893907547,0.79920893907547,500.0,0.0,500.0,500.0,12.8322172164917,0.3042738437652588,0.011652462184429169,0.003624525386840105,0.8007282909727659,0.0009473081445321441,0.0,0.0,1.4900982932886109e-05,1.5143157997182157,0.41461739795548574,0.5087907042232533,0.79920893907547,0.0,0.79920893907547,0.79920893907547
383,49024,63.85318941304571,835,0.8301726579666138,0.0,0.8301726579666138,0.8301726579666138,500.0,0.0,500.0,500.0,12.842385292053223,0.16992613673210144,0.041164908558130264,0.00682925246655941,32.7025748092683,0.022461123764514923,0.0,0.0,1.715544203761965e-05,1.5164054062850496,0.41599810123443604,0.5093758611881344,0.8301726579666138,0.0,0.8301726579666138,0.8301726579666138
384,49152,62.57504394418736,837,0.8301726579666138,0.0,0.8301726579666138,0.8301726579666138,500.0,0.0,500.0,500.0,12.850262641906738,0.08625992387533188,0.0057646045461297035,0.0006933025433681905,14.79463447275056,0.01176636666059494,0.0,0.0,5.974130999675253e-06,1.5179984417494399,0.41704959528786795,0.5098212334580846,0.8301726579666138,0.0,0.8301726579666138,0.8301726579666138
385,49280,60.89045656820078,839,0.8301726579666138,0.0,0.8301726579666138,0.8301726579666138,500.0,0.0,500.0,500.0,12.856405258178711,0.10274118930101395,-0.01116849109530449,0.0004303906171116978,21.253816492090383,0.01577671431005001,0.0,0.0,3.0796370538155315e-06,1.5192629461350649,0.4178834855556488,0.5101742570530743,0.8301726579666138,0.0,0.8301726579666138,0.8301726579666138
386,49408,61.42891606243228,841,0.8301726579666138,0.0,0.8301726579666138,0.8301726579666138,500.0,0.0,500.0,500.0,12.861352920532227,0.11373583972454071,-0.01250237412750721,0.00011341705248923972,21.798801118223594,0.014449559152126312,0.0,0.0,2.233089617220685e-06,1.5202773305176833,0.4185519005571093,0.5104571005857736,0.8301726579666138,0.0,0.8301726579666138,0.8301726579666138
387,49536,61.54126428355679,844,0.9121999144554138,0.0,0.9121999144554138,0.9121999144554138,500.0,0.0,500.0,500.0,12.865442276000977,0.170093834400177,0.008117538876831532,0.0036149194929748774,15.518123082105692,0.007227375637739897,0.0,0.0,6.1519267546827905e-06,1.5211262371275234,0.4191109154905592,0.5106935647071833,0.9121999144554138,0.0,0.9121999144554138,0.9121999144554138
388,49664,61.48927464265512,846,0.9121999144554138,0.0,0.9121999144554138,0.9121999144554138,500.0,0.0,500.0,500.0,12.868936538696289,0.3359917402267456,-0.26498153805732727,0.06787155568599701,22.187504074297117,0.010721435770392418,0.0,0.0,1.6388810763601214e-05,1.5218749651048178,0.4196028539112636,0.5109013898752707,0.9121999144554138,0.0,0.9121999144554138,0.9121999144554138
389,49792,59.799123760039365,848,0.9121999144554138,0.0,0.9121999144554138,0.9121999144554138,500.0,0.0,500.0,500.0,12.872147560119629,0.4676705300807953,-0.014925573021173477,0.008134073577821255,20.171054278957108,0.014395494014024734,0.0,0.0,1.1450251804490108e-05,1.5225508453733558,0.4200463891029358,0.5110886370053142,0.9121999144554138,0.0,0.9121999144554138,0.9121999144554138
390,49920,58.87697915889859,850,0.9121999144554138,0.0,0.9121999144554138,0.9121999144554138,500.0,0.0,500.0,500.0,12.875323295593262,0.5313324332237244,-0.09282384067773819,0.0062924521043896675,12.817289290459529,0.015507162548601627,0.0,0.0,2.130238272002316e-06,1.5232590716314236,0.4205111563205719,0.5112848493520765,0.9121999144554138,0.0,0.9121999144554138,0.9121999144554138
391,50048,60.875467263518196,852,7.632284164428711,0.0,7.632284164428711,7.632284164428711,500.0,0.0,500.0,500.0,12.879587173461914,0.5671607851982117,-0.24215775728225708,0.2301652878522873,17.97220122400915,0.02140636183321476,0.0,0.0,5.982881248201011e-06,1.5243230945126267,0.42120176553726196,0.5115745707354533,7.632284164428711,0.0,7.632284164428711,7.632284164428711
392,50176,62.002264492962844,855,7.632284164428711,0.0,7.632284164428711,7.632284164428711,500.0,0.0,500.0,500.0,12.885079383850098,0.6747008562088013,-0.16300374269485474,0.07392542064189911,26.907233057951792,0.041904594749212265,0.0,0.0,1.3979557479615323e-05,1.525508829563589,0.4219702695097242,0.5118967025079708,7.632284164428711,0.0,7.632284164428711,7.632284164428711
393,50304,60.55651986770915,857,7.632284164428711,0.0,7.632284164428711,7.632284164428711,500.0,0.0,500.0,500.0,12.892038345336914,0.9643323421478271,-0.81531822681427,0.7522749900817871,1.6544360422980242,0.08338607102632523,0.0,0.0,0.00019900342158507556,1.5275707036835315,0.4232770800590515,0.5124372958928032,7.632284164428711,0.0,7.632284164428711,7.632284164428711
394,50432,60.61100102419965,859,7.632284164428711,0.0,7.632284164428711,7.632284164428711,500.0,0.0,500.0,500.0,12.904325485229492,0.6203891038894653,0.10148124396800995,0.021634742617607117,21.049223966083282,0.031345851719379425,0.0,0.0,0.0001752394309733063,1.5301636064876847,0.42488957728658405,0.5130966899264011,7.632284164428711,0.0,7.632284164428711,7.632284164428711
395,50560,62.70332816325005,861,10.148728370666504,0.0,10.148728370666504,10.148728370666504,500.0,0.0,500.0,500.0,12.912748336791992,0.4038381576538086,0.06575576215982437,0.05074557289481163,28.210047200705684,0.026872072368860245,0.0,0.0,0.00011930523760383949,1.5319256022212777,0.425965632711138,0.5135317420791086,10.148728370666504,0.0,10.148728370666504,10.148728370666504
396,50688,60.401272489414296,863,10.148728370666504,0.0,10.148728370666504,10.148728370666504,500.0,0.0,500.0,500.0,12.923049926757812,0.6115912199020386,-0.45285770297050476,0.24358569085597992,23.413797199104323,0.029246198013424873,0.0,0.0,0.00026610022177919745,1.5345126128445692,0.4276048413344792,0.5142097621203018,10.148728370666504,0.0,10.148728370666504,10.148728370666504
397,50816,61.47560812506756,866,10.148728370666504,0.0,10.148728370666504,10.148728370666504,500.0,0.0,500.0,500.0,12.932791709899902,0.7893848419189453,0.033420391380786896,0.015095076523721218,19.86033750110959,0.0564778596162796,0.0,0.0,7.551078306278214e-05,1.53653536167241,0.4288863497120993,0.5147397892333274,10.148728370666504,0.0,10.148728370666504,10.148728370666504
398,50944,60.837030081002965,868,10.148728370666504,0.0,10.148728370666504,10.148728370666504,500.0,0.0,500.0,500.0,12.939956665039062,0.8142195343971252,0.040934838354587555,0.003689868375658989,20.05853133039257,0.052328672260046005,0.0,0.0,1.4562292562914081e-05,1.538035998380121,0.4298365754740579,0.5151326763399401,10.148728370666504,0.0,10.148728370666504,10.148728370666504
399,51072,61.54934974157388,870,7.1300435066223145,0.0,7.1300435066223145,7.1300435066223145,500.0,0.0,500.0,500.0,12.946203231811523,0.6407960653305054,0.16281241178512573,0.02636549063026905,29.050798736021306,0.0355948843061924,0.0,0.0,1.427101142326137e-05,1.5394782574093449,0.430755866425378,0.5155142683033872,7.1300435066223145,0.0,7.1300435066223145,7.1300435066223145
400,51200,58.833891823497964,872,7.1300435066223145,0.0,7.1300435066223145,7.1300435066223145,500.0,0.0,500.0,500.0,12.951972007751465,0.4061732888221741,0.07218042016029358,0.011852304451167583,15.088553499979309,0.007053476758301258,0.0,0.0,4.125971099711023e-05,1.5406532801862887,0.43150625058582853,0.5158260998769061,7.1300435066223145,0.0,7.1300435066223145,7.1300435066223145
401,51328,58.63621655880797,874,7.1300435066223145,0.0,7.1300435066223145,7.1300435066223145,500.0,0.0,500.0,500.0,12.957027435302734,0.2137577086687088,0.03142706677317619,0.00939024519175291,30.00925767487566,0.017515107989311218,0.0,0.0,2.8951679269084707e-05,1.5417725773030326,0.43222393308367046,0.5161250515520539,7.1300435066223145,0.0,7.1300435066223145,7.1300435066223145
402,51456,60.1830578819976,877,7.1300435066223145,0.0,7.1300435066223145,7.1300435066223145,500.0,0.0,500.0,500.0,12.9623384475708,0.15156351029872894,0.0010098179336637259,0.00041628064354881644,5.098403816707106,0.0043524871580302715,0.0,0.0,2.983193098771153e-06,1.5430174463245652,0.4330252323831831,0.5164595940356406,7.1300435066223145,0.0,7.1300435066223145,7.1300435066223145
403,51584,61.856967742879526,879,0.8294912576675415,0.0,0.8294912576675415,0.8294912576675415,500.0,0.0,500.0,500.0,12.9683837890625,0.21070964634418488,0.011423700489103794,0.0034578535705804825,1.555729416926684,0.0017287074588239193,0.0,0.0,7.715734682278708e-06,1.5444772669876716,0.43396593417440144,0.5168525927321549,0.8294912576675415,0.0,0.8294912576675415,0.8294912576675415
404,51712,59.35124130300776,881,0.8294912576675415,0.0,0.8294912576675415,0.8294912576675415,500.0,0.0,500.0,500.0,12.975190162658691,0.3312627077102661,-0.504757821559906,0.33764365315437317,17.952211259993295,0.0065371072851121426,0.0,0.0,1.7016258425428532e-05,1.5458679206284727,0.4348598378045218,0.5172254977666259,0.8294912576675415,0.0,0.8294912576675415,0.8294912576675415
405,51840,61.23820248096026,883,0.8294912576675415,0.0,0.8294912576675415,0.8294912576675415,500.0,0.0,500.0,500.0,12.98006820678711,0.449832558631897,-0.12710440158843994,0.00759388180449605,15.784195595530889,0.010208623483777046,0.0,0.0,1.7013555407174863e-05,1.5468630625582958,0.43549746700695585,0.5174909946665525,0.8294912576675415,0.0,0.8294912576675415,0.8294912576675415
406,51968,60.21076502095491,885,0.8294912576675415,0.0,0.8294912576675415,0.8294912576675415,500.0,0.0,500.0,500.0,12.981873512268066,0.7351409792900085,-0.22865702211856842,0.04109073430299759,33.76504862916162,0.0501527264714241,0.0,0.0,8.456130308331922e-05,1.54710879125657,0.4356435409614018,0.5175490394618947,0.8294912576675415,0.0,0.8294912576675415,0.8294912576675415
407,52096,60.60737456393403,888,8.905049324035645,0.0,8.905049324035645,8.905049324035645,500.0,0.0,500.0,500.0,12.983175277709961,0.4578409492969513,0.12802207469940186,0.04788494482636452,42.00669216083291,0.037115637212991714,0.0,0.0,0.0001563322584843263,1.5474320496134717,0.435844429901668,0.517631172158487,8.905049324035645,0.0,8.905049324035645,8.905049324035645
408,52224,62.15131754271702,890,8.905049324035645,0.0,8.905049324035645,8.905049324035645,500.0,0.0,500.0,500.0,12.984579086303711,0.20675581693649292,-0.046484097838401794,0.05170473828911781,64.35187393837879,0.08060350269079208,0.0,0.0,7.11389075149782e-05,1.5477589104384604,0.43604885254587444,0.5177150725078791,8.905049324035645,0.0,8.905049324035645,8.905049324035645
409,52352,62.72574570453159,892,8.905049324035645,0.0,8.905049324035645,8.905049324035645,500.0,0.0,500.0,500.0,12.985941886901855,0.11503355950117111,-0.049293309450149536,0.005775302182883024,75.27052632232613,0.12981145083904266,0.0,0.0,1.6503929600730771e-06,1.5480641848423535,0.4362414479255676,0.5177945362786145,8.905049324035645,0.0,8.905049324035645,8.905049324035645
410,52480,62.24462547261349,894,8.905049324035645,0.0,8.905049324035645,8.905049324035645,500.0,0.0,500.0,500.0,12.987089157104492,0.06664811819791794,-0.04359839856624603,0.010833308100700378,16.392602578786175,0.022630227729678154,0.0,0.0,9.855454663920682e-06,1.548314221324031,0.43639971954481943,0.5178599681496089,8.905049324035645,0.0,8.905049324035645,8.905049324035645
411,52608,62.6855813249664,896,2.62331223487854,0.0,2.62331223487854,2.62331223487854,500.0,0.0,500.0,500.0,12.987922668457031,0.13985398411750793,-0.1797480434179306,0.04196702688932419,8.668811858669452,0.01339813508093357,0.0,0.0,5.806620720250066e-06,1.5484520313609387,0.43648690411022734,0.5178960002429184,2.62331223487854,0.0,2.62331223487854,2.62331223487854
412,52736,61.00233228108362,899,2.62331223487854,0.0,2.62331223487854,2.62331223487854,500.0,0.0,500.0,500.0,12.98808479309082,0.2536526024341583,-0.2437720000743866,0.05690569430589676,21.316950088922525,0.01145387627184391,0.0,0.0,1.502576287748525e-05,1.5484841610027362,0.43650529214314054,0.5179031198187675,2.62331223487854,0.0,2.62331223487854,2.62331223487854
413,52864,60.051915674891355,901,2.62331223487854,0.0,2.62331223487854,2.62331223487854,500.0,0.0,500.0,500.0,12.987709045410156,0.49349620938301086,-0.2933288812637329,0.06483674049377441,25.164168788923607,0.019262263551354408,0.0,0.0,5.597851486527361e-05,1.5483838142825914,0.4364305351461683,0.5178694287076321,2.62331223487854,0.0,2.62331223487854,2.62331223487854
414,52992,60.819131842268156,903,2.62331223487854,0.0,2.62331223487854,2.62331223487854,500.0,0.0,500.0,500.0,12.988750457763672,0.7445862293243408,-0.10261930525302887,0.011800666339695454,45.15331692992343,0.0670911967754364,0.0,0.0,5.9801910538226366e-05,1.548717200891237,0.4366441752229418,0.517958390030532,2.62331223487854,0.0,2.62331223487854,2.62331223487854
415,53120,62.75587343924443,905,9.450478553771973,0.0,9.450478553771973,9.450478553771973,500.0,0.0,500.0,500.0,12.990143775939941,0.7513899207115173,0.11145861446857452,0.022746726870536804,28.192141003436475,0.059413228183984756,0.0,0.0,7.011065918050008e-06,1.5490354577838361,0.4368483764784677,0.5180434831861993,9.450478553771973,0.0,9.450478553771973,9.450478553771973
416,53248,61.39025437227723,907,9.450478553771973,0.0,9.450478553771973,9.450478553771973,500.0,0.0,500.0,500.0,12.9918794631958,0.7531771063804626,0.08991003036499023,0.007319641299545765,37.62360957358208,0.05772790312767029,0.0,0.0,3.347925030539045e-06,1.5494345018187272,0.43710557903562275,0.518150948956338,9.450478553771973,0.0,9.450478553771973,9.450478553771973
417,53376,60.53905933735626,910,9.450478553771973,0.0,9.450478553771973,9.450478553771973,500.0,0.0,500.0,500.0,12.993459701538086,0.6082504987716675,0.08270677924156189,0.0012218767078593373,38.49573851504321,0.04836278781294823,0.0,0.0,1.697698280622717e-05,1.5497623539852732,0.43731687324387686,0.5182392276432791,9.450478553771973,0.0,9.450478553771973,9.450478553771973
418,53504,61.970137524830086,912,0.8128360509872437,0.0,0.8128360509872437,0.8128360509872437,500.0,0.0,500.0,500.0,12.995180130004883,0.5049902200698853,0.13361971080303192,0.015532261691987514,42.89339796001615,0.04099049046635628,0.0,0.0,9.9108156064176e-06,1.5501708745021319,0.43757996814591543,0.5183491042910077,0.8128360509872437,0.0,0.8128360509872437,0.8128360509872437
419,53632,62.05174741940782,914,0.8128360509872437,0.0,0.8128360509872437,0.8128360509872437,500.0,0.0,500.0,500.0,12.996988296508789,0.49326184391975403,-0.40087050199508667,0.31964606046676636,36.254376755472045,0.028611503541469574,0.0,0.0,2.7135920390719548e-06,1.5505590781499095,0.4378289112022945,0.5184528109962061,0.8128360509872437,0.0,0.8128360509872437,0.8128360509872437
420,53760,64.82185966109938,916,0.8128360509872437,0.0,0.8128360509872437,0.8128360509872437,500.0,0.0,500.0,500.0,13.001338958740234,0.3760909140110016,0.019441187381744385,0.007937752641737461,25.40592017748185,0.01255863718688488,0.0,0.0,2.2646830984740518e-05,1.5517317973648121,0.43858659693173,0.5187698397510018,0.8128360509872437,0.0,0.8128360509872437,0.8128360509872437
421,53888,61.822428167405185,918,0.8128360509872437,0.0,0.8128360509872437,0.8128360509872437,500.0,0.0,500.0,500.0,13.006203651428223,0.292955607175827,0.029040388762950897,0.001114208367653191,30.883034272089517,0.017015675082802773,0.0,0.0,7.695731255807914e-06,1.5527414442366416,0.439238360949925,0.5190424122680188,0.8128360509872437,0.0,0.8128360509872437,0.8128360509872437
422,54016,61.82632965479945,920,5.043797969818115,0.0,5.043797969818115,5.043797969818115,500.0,0.0,500.0,500.0,13.009986877441406,0.23260825872421265,0.0710907056927681,0.0033563796896487474,3.7390997936730668,0.003379812464118004,0.0,0.0,2.7114681415696396e-06,1.553549098820977,0.43976021664483206,0.5192607747126611,5.043797969818115,0.0,5.043797969818115,5.043797969818115
423,54144,61.94708446963949,923,5.043797969818115,0.0,5.043797969818115,5.043797969818115,500.0,0.0,500.0,500.0,13.013365745544434,0.1900387555360794,0.026079367846250534,0.00027545049670152366,17.687923924161996,0.010319345630705357,0.0,0.0,1.7892589312396012e-06,1.5542643815055948,0.4402228764125279,0.5194544869535083,5.043797969818115,0.0,5.043797969818115,5.043797969818115
424,54272,61.11357632712663,925,5.043797969818115,0.0,5.043797969818115,5.043797969818115,500.0,0.0,500.0,500.0,13.016239166259766,0.17446310818195343,-0.015385782346129417,0.001131866592913866,30.847150177443464,0.02194850519299507,0.0,0.0,1.2429964044713415e-06,1.5548709286042288,0.44061456833566937,0.5196183310072544,5.043797969818115,0.0,5.043797969818115,5.043797969818115
425,54400,60.435622949535265,927,5.043797969818115,0.0,5.043797969818115,5.043797969818115,500.0,0.0,500.0,500.0,13.018712043762207,0.2941846549510956,-0.003832640126347542,0.0008290784317068756,10.811766664508278,0.0028352178633213043,0.0,0.0,1.1742906735889846e-06,1.5554146981870496,0.44096492869513376,0.5197646933692406,5.043797969818115,0.0,5.043797969818115,5.043797969818115
426,54528,60.22257108112271,929,1.1546686887741089,0.0,1.1546686887741089,1.1546686887741089,500.0,0.0,500.0,500.0,13.021049499511719,0.25306832790374756,0.03127944469451904,0.0048112040385603905,14.294783462286786,0.0049639977514743805,0.0,0.0,1.2834685776397237e-06,1.5559231405017375,0.44129209007535664,0.5199012581618471,1.1546686887741089,0.0,1.1546686887741089,1.1546686887741089
427,54656,60.97484767671426,931,1.1546686887741089,0.0,1.1546686887741089,1.1546686887741089,500.0,0.0,500.0,500.0,13.023261070251465,0.19707855582237244,0.015950791537761688,0.0001779298618203029,30.953209491782985,0.018960285931825638,0.0,0.0,6.579882665391779e-07,1.5564027523702166,0.4416006462914603,0.5200300435039359,1.1546686887741089,0.0,1.1546686887741089,1.1546686887741089
428,54784,60.470509708751536,934,1.1546686887741089,0.0,1.1546686887741089,1.1546686887741089,500.0,0.0,500.0,500.0,13.025260925292969,0.2423620969057083,0.017565274611115456,0.0011095795780420303,10.028924629002438,0.0029441947117447853,0.0,0.0,4.996217626285215e-07,1.5568452940213862,0.4418855054037912,0.5201489747441084,1.1546686887741089,0.0,1.1546686887741089,1.1546686887741089
429,54912,61.47693156121162,936,1.1546686887741089,0.0,1.1546686887741089,1.1546686887741089,500.0,0.0,500.0,500.0,13.027220726013184,0.19948478043079376,0.0006281303940340877,0.00027654494624584913,12.644612806735083,0.004994148854166269,0.0,0.0,6.161669716675533e-07,1.5572786325416892,0.4421644168240683,0.5202654167512487,1.1546686887741089,0.0,1.1546686887741089,1.1546686887741089
430,55040,60.245385827573955,938,0.7144460678100586,0.0,0.7144460678100586,0.7144460678100586,500.0,0.0,500.0,500.0,13.029041290283203,0.26752737164497375,-0.03266321122646332,0.01965099200606346,33.539230758039615,0.020627794787287712,0.0,0.0,6.400457550626015e-07,1.5576523884471563,0.4424065521785191,0.5203668872510587,0.7144460678100586,0.0,0.7144460678100586,0.7144460678100586
431,55168,61.29741681727345,940,0.7144460678100586,0.0,0.7144460678100586,0.7144460678100586,500.0,0.0,500.0,500.0,13.029423713684082,0.5151050090789795,-1.1414713859558105,1.5694764852523804,15.727974303475019,0.009762200526893139,0.0,0.0,3.077014844166115e-05,1.5575604251645243,0.442340863602502,0.520337884358805,0.7144460678100586,0.0,0.7144460678100586,0.7144460678100586
432,55296,61.4293940186566,942,0.7144460678100586,0.0,0.7144460678100586,0.7144460678100586,500.0,0.0,500.0,500.0,13.02818489074707,0.7895325422286987,-0.22973889112472534,0.018995795398950577,8.109253449575458,0.044892873615026474,0.0,0.0,4.404987339512445e-05,1.5574369410240645,0.4422504050391061,0.5202974465395058,0.7144460678100586,0.0,0.7144460678100586,0.7144460678100586
433,55424,62.79187546768973,944,0.7144460678100586,0.0,0.7144460678100586,0.7144460678100586,500.0,0.0,500.0,500.0,13.029149055480957,0.8628759384155273,-0.08113996684551239,0.0021149669773876667,38.200615615766225,0.07422475516796112,0.0,0.0,1.0598651897453237e-05,1.5577103617411112,0.4424133002758026,0.5203622632321264,0.7144460678100586,0.0,0.7144460678100586,0.7144460678100586
434,55552,62.33872791682734,947,16.84425926208496,0.0,16.84425926208496,16.84425926208496,500.0,0.0,500.0,500.0,13.031234741210938,0.7074992060661316,0.13096949458122253,0.03538046032190323,49.21012517049974,0.07750160247087479,0.0,0.0,3.588921026675962e-05,1.5582656727351216,0.4427609443664551,0.5205050220379875,16.84425926208496,0.0,16.84425926208496,16.84425926208496
435,55680,61.209814075804864,949,16.84425926208496,0.0,16.84425926208496,16.84425926208496,500.0,0.0,500.0,500.0,13.03402328491211,0.6198205351829529,0.021420469507575035,0.013051501475274563,58.93321607153512,0.07794533669948578,0.0,0.0,1.0842100891750306e-05,1.558899964063048,0.4431627094745636,0.5206711780131786,16.84425926208496,0.0,16.84425926208496,16.84425926208496
436,55808,62.562764200413525,951,16.84425926208496,0.0,16.84425926208496,16.84425926208496,500.0,0.0,500.0,500.0,13.037132263183594,0.4235497713088989,0.024262405931949615,0.007171477656811476,16.250188347141815,0.008820990100502968,0.0,0.0,8.82650329003809e-06,1.559699024446034,0.44367140531539917,0.5208821904613162,16.84425926208496,0.0,16.84425926208496,16.84425926208496
437,55936,63.10677436031136,953,16.84425926208496,0.0,16.84425926208496,16.84425926208496,500.0,0.0,500.0,500.0,13.041479110717773,0.4035262167453766,0.012622619979083538,0.0011725625954568386,4.715384714736488,0.0033204006031155586,0.0,0.0,3.20189974445384e-06,1.5606646177305294,0.4442873511995588,0.5211379937781236,16.84425926208496,0.0,16.84425926208496,16.84425926208496
438,56064,62.05177610728084,955,2.460578203201294,0.0,2.460578203201294,2.460578203201294,500.0,0.0,500.0,500.0,13.045392990112305,0.5340657830238342,-0.19814305007457733,0.21064509451389313,6.069505793692155,0.010476147755980492,0.0,0.0,1.583695734552748e-06,1.5615107992524884,0.4448238866669791,0.5213600195801275,2.460578203201294,0.0,2.460578203201294,2.460578203201294
439,56192,60.80424649331666,958,2.460578203201294,0.0,2.460578203201294,2.460578203201294,500.0,0.0,500.0,500.0,13.048748970031738,0.5787458419799805,0.009320641867816448,0.01655653305351734,52.669343656186854,0.05917150527238846,0.0,0.0,3.720926315509132e-06,1.5622135580782517,0.4452667832374573,0.521542626421027,2.460578203201294,0.0,2.460578203201294,2.460578203201294
440,56320,60.66779458301824,960,2.460578203201294,0.0,2.460578203201294,2.460578203201294,500.0,0.0,500.0,500.0,13.051233291625977,0.6352455615997314,-0.22232073545455933,0.06645362824201584,76.1512956984775,0.1207270696759224,0.0,0.0,1.5621176316926721e-06,1.5627321772138634,0.44559385095323834,0.5216775331509341,2.460578203201294,0.0,2.460578203201294,2.460578203201294
441,56448,61.124966626510314,962,2.460578203201294,0.0,2.460578203201294,2.460578203201294,500.0,0.0,500.0,500.0,13.05339527130127,0.762956976890564,-0.40252751111984253,0.1514294296503067,60.20697727126382,0.09819144755601883,0.0,0.0,1.1064759746659547e-05,1.5632467975354654,0.4459195818219866,0.521812184509521,2.460578203201294,0.0,2.460578203201294,2.460578203201294
442,56576,62.199410133665886,964,11.042362213134766,0.0,11.042362213134766,11.042362213134766,500.0,0.0,500.0,500.0,13.055774688720703,0.7235924601554871,0.037567853927612305,0.03980409726500511,46.49244059938341,0.07159017771482468,0.0,0.0,2.0955972104275133e-06,1.5637856708153979,0.44626125267573763,0.5219535720064036,11.042362213134766,0.0,11.042362213134766,11.042362213134766
443,56704,60.97136450608816,966,11.042362213134766,0.0,11.042362213134766,11.042362213134766,500.0,0.0,500.0,500.0,13.058184623718262,0.6237164735794067,-0.3597550392150879,0.19192759692668915,34.9355052369966,0.03777822107076645,0.0,0.0,9.315069178228441e-07,1.5643302426291508,0.4466074194226946,0.5220970364019132,11.042362213134766,0.0,11.042362213134766,11.042362213134766
444,56832,61.338764737839405,968,11.042362213134766,0.0,11.042362213134766,11.042362213134766,500.0,0.0,500.0,500.0,13.060600280761719,0.6471573114395142,-0.14544227719306946,0.028706854209303856,30.869054724813008,0.03673282265663147,0.0,0.0,9.947017360900645e-07,1.5648408257556776,0.44693643280438017,0.5222344882610095,11.042362213134766,0.0,11.042362213134766,11.042362213134766
445,56960,61.271483786086684,971,11.042362213134766,0.0,11.042362213134766,11.042362213134766,500.0,0.0,500.0,500.0,13.064579010009766,0.6022658944129944,-0.08286541700363159,0.03347048535943031,20.28053239800803,0.022019164636731148,0.0,0.0,1.3021703125559725e-05,1.565838233253886,0.4475707582065037,0.5224974463948883,11.042362213134766,0.0,11.042362213134766,11.042362213134766
446,57088,61.81541669521184,973,8.981426239013672,0.0,8.981426239013672,8.981426239013672,500.0,0.0,500.0,500.0,13.068682670593262,0.5210220217704773,-0.016719600185751915,0.05141378939151764,31.27020159457376,0.028274592012166977,0.0,0.0,6.364302407746436e-06,1.566774838586237,0.4481637648173741,0.5227426256653277,8.981426239013672,0.0,8.981426239013672,8.981426239013672
447,57216,61.68783002881296,975,8.981426239013672,0.0,8.981426239013672,8.981426239013672,500.0,0.0,500.0,500.0,13.072477340698242,0.44340944290161133,-0.15759679675102234,0.02367834374308586,0.8018467466160207,0.004942427854984999,0.0,0.0,3.110661964456085e-06,1.56770754745172,0.4487559029034206,0.5229878412497647,8.981426239013672,0.0,8.981426239013672,8.981426239013672
448,57344,60.85116589738117,977,8.981426239013672,0.0,8.981426239013672,8.981426239013672,500.0,0.0,500.0,500.0,13.078315734863281,0.6799238920211792,-0.022829696536064148,0.004226128105074167,5.2030130491360795,0.02247048169374466,0.0,0.0,2.0366147509776056e-05,1.5690785193163947,0.4496298517499651,0.523350639555941,8.981426239013672,0.0,8.981426239013672,8.981426239013672
449,57472,61.057646704658886,979,8.981426239013672,0.0,8.981426239013672,8.981426239013672,500.0,0.0,500.0,500.0,13.08584976196289,0.5900447368621826,-0.09843200445175171,0.02429390698671341,25.46046509593107,0.024015625938773155,0.0,0.0,1.0404739441582933e-05,1.5708176995856529,0.4507357733590262,0.5238090746835561,8.981426239013672,0.0,8.981426239013672,8.981426239013672
450,57600,61.975753226861784,982,6.43898868560791,0.0,6.43898868560791,6.43898868560791,500.0,0.0,500.0,500.0,13.09257698059082,0.5712091326713562,0.08852022886276245,0.015398075804114342,26.890858912533712,0.022281473502516747,0.0,0.0,5.341442829376319e-06,1.57221874904512,0.45162604536329,0.524177965491781,6.43898868560791,0.0,6.43898868560791,6.43898868560791
451,57728,61.667635590574555,984,6.43898868560791,0.0,6.43898868560791,6.43898868560791,500.0,0.0,500.0,500.0,13.098322868347168,0.4751819968223572,-0.0018057891866192222,0.0157838836312294,55.37150886658978,0.06309285759925842,0.0,0.0,9.71520694292849e-06,1.573471869635894,0.45242324471473694,0.5245085175880541,6.43898868560791,0.0,6.43898868560791,6.43898868560791
452,57856,61.834867655962974,986,6.43898868560791,0.0,6.43898868560791,6.43898868560791,500.0,0.0,500.0,500.0,13.102872848510742,0.38069233298301697,0.04253638535737991,0.0006250189035199583,17.963969965337338,0.007514830678701401,0.0,0.0,6.747957286279416e-06,1.57445223887497,0.45304621543203083,0.5247666507574792,6.43898868560791,0.0,6.43898868560791,6.43898868560791
453,57984,60.532342754520776,988,6.43898868560791,0.0,6.43898868560791,6.43898868560791,500.0,0.0,500.0,500.0,13.107139587402344,0.32311075925827026,0.02482769638299942,0.000906754401512444,3.9506610391108135,0.0009686262928880751,0.0,0.0,2.829226787071093e-06,1.5754777159368534,0.4536973536014557,0.5250363320955738,6.43898868560791,0.0,6.43898868560791,6.43898868560791
454,58112,61.65781241296779,990,1.5493062734603882,0.0,1.5493062734603882,1.5493062734603882,500.0,0.0,500.0,500.0,13.112016677856445,0.3753454387187958,-0.23308931291103363,0.07722068578004837,1.206576099634495,0.0006431295187212527,0.0,0.0,8.921243534132373e-06,1.5766135285145815,0.4544051034109933,0.5253261370431808,1.5493062734603882,0.0,1.5493062734603882,1.5493062734603882
455,58240,62.60186612409554,992,1.5493062734603882,0.0,1.5493062734603882,1.5493062734603882,500.0,0.0,500.0,500.0,13.11709213256836,0.7458921074867249,-0.11138233542442322,0.028976991772651672,13.990687999047712,0.030870530754327774,0.0,0.0,7.611002365592867e-05,1.5777434116224072,0.45509176169122967,0.5256029241473339,1.5493062734603882,0.0,1.5493062734603882,1.5493062734603882
456,58368,62.23280689338997,994,1.5493062734603882,0.0,1.5493062734603882,1.5493062734603882,500.0,0.0,500.0,500.0,13.1229887008667,0.6737459301948547,-0.01720624603331089,0.015093219466507435,23.508270399075638,0.02996060624718666,0.0,0.0,3.410089266253635e-05,1.5792109201114604,0.45600336364337374,0.5259754851318137,1.5493062734603882,0.0,1.5493062734603882,1.5493062734603882
457,58496,61.50575154041934,997,1.5493062734603882,0.0,1.5493062734603882,1.5493062734603882,500.0,0.0,500.0,500.0,13.129005432128906,0.4075232744216919,-0.019220590591430664,0.04084863141179085,40.899315725416855,0.0360790453851223,0.0,0.0,3.982928683399223e-05,1.5805029524504766,0.4568097037928445,0.5263059736697565,1.5493062734603882,0.0,1.5493062734603882,1.5493062734603882
458,58624,62.387009598056686,999,6.34839391708374,0.0,6.34839391708374,6.34839391708374,500.0,0.0,500.0,500.0,13.133529663085938,0.30481797456741333,0.04220626503229141,0.008767144754529,58.04170832764487,0.07123484462499619,0.0,0.0,1.9211969629395753e-05,1.5814642853971284,0.4574106080191476,0.526552500082438,6.34839391708374,0.0,6.34839391708374,6.34839391708374
459,58752,63.443885221441676,1001,6.34839391708374,0.0,6.34839391708374,6.34839391708374,500.0,0.0,500.0,500.0,13.136825561523438,0.20766650140285492,-0.08350598812103271,0.014973078854382038,30.83368067713676,0.030379926785826683,0.0,0.0,1.5271792790372274e-06,1.5821638805320812,0.45784762501716614,0.5267317195827486,6.34839391708374,0.0,6.34839391708374,6.34839391708374
460,58880,62.5288376751243,1003,6.34839391708374,0.0,6.34839391708374,6.34839391708374,500.0,0.0,500.0,500.0,13.13956069946289,0.2078384906053543,-0.044747307896614075,0.0016524592647328973,47.42467420007463,0.049578238278627396,0.0,0.0,1.6370286175515503e-06,1.582766941039649,0.4582241858754839,0.5268861105678413,6.34839391708374,0.0,6.34839391708374,6.34839391708374
461,59008,62.56625658239906,1005,2.4569897651672363,0.0,2.4569897651672363,2.4569897651672363,500.0,0.0,500.0,500.0,13.141834259033203,0.24961631000041962,0.01014908030629158,0.004529006313532591,36.218885309953585,0.030309244990348816,0.0,0.0,4.277509106032085e-06,1.583269183985315,0.4585389367171696,0.5270154469175693,2.4569897651672363,0.0,2.4569897651672363,2.4569897651672363
462,59136,60.62349168451086,1007,2.4569897651672363,0.0,2.4569897651672363,2.4569897651672363,500.0,0.0,500.0,500.0,13.143808364868164,0.31805145740509033,0.017906205728650093,0.000911270675715059,36.25493630530282,0.026184218004345894,0.0,0.0,1.2984685326955514e-06,1.5837018787045773,0.4588103549821036,0.5271270402574361,2.4569897651672363,0.0,2.4569897651672363,2.4569897651672363
463,59264,59.704956791909666,1010,2.4569897651672363,0.0,2.4569897651672363,2.4569897651672363,500.0,0.0,500.0,500.0,13.145588874816895,0.35219258069992065,-0.014719581231474876,0.00016127429262269288,35.53531933888695,0.025319935753941536,0.0,0.0,1.686321184024564e-06,1.584101730108206,0.45906165667942594,0.5272304836779544,2.4569897651672363,0.0,2.4569897651672363,2.4569897651672363
464,59392,60.32647865749514,1012,2.4569897651672363,0.0,2.4569897651672363,2.4569897651672363,500.0,0.0,500.0,500.0,13.147245407104492,0.3687760531902313,-0.06585296988487244,0.010017938911914825,33.285103378228165,0.02203960530459881,0.0,0.0,9.963939646695508e-07,1.5844701921139477,0.4592935357775007,0.5273260065323288,2.4569897651672363,0.0,2.4569897651672363,2.4569897651672363
465,59520,60.96730707951799,1014,3.4066689014434814,0.0,3.4066689014434814,3.4066689014434814,500.0,0.0,500.0,500.0,13.14897346496582,0.3996482789516449,-0.08584506809711456,0.02868172526359558,30.280421095365337,0.019517868757247925,0.0,0.0,1.6645060441078385e-06,1.5848802632151544,0.4595521901335035,0.527432704693001,3.4066689014434814,0.0,3.4066689014434814,3.4066689014434814
466,59648,62.84676160097133,1016,3.4066689014434814,0.0,3.4066689014434814,3.4066689014434814,500.0,0.0,500.0,500.0,13.150973320007324,0.36453866958618164,0.021352751180529594,0.0015695022884756327,39.42971671315923,0.030830498784780502,0.0,0.0,5.692406261914584e-07,1.5853338491088744,0.459837943315506,0.5275504961730649,3.4066689014434814,0.0,3.4066689014434814,3.4066689014434814
467,59776,61.54696480444052,1018,3.4066689014434814,0.0,3.4066689014434814,3.4066689014434814,500.0,0.0,500.0,500.0,13.152811050415039,0.3521747589111328,0.03218318521976471,0.001029428094625473,29.35891380278371,0.017506325617432594,0.0,0.0,3.5383837371227855e-07,1.5857427806767999,0.4600956014224461,0.5276567165891893,3.4066689014434814,0.0,3.4066689014434814,3.4066689014434814
468,59904,62.321186834275515,1021,3.4066689014434814,0.0,3.4066689014434814,3.4066689014434814,500.0,0.0,500.0,500.0,13.154600143432617,0.34307873249053955,0.023851491510868073,0.0005381655064411461,35.783316741468894,0.025263050571084023,0.0,0.0,5.977107662147318e-07,1.586145882590513,0.4603495810713087,0.5277614193999326,3.4066689014434814,0.0,3.4066689014434814,3.4066689014434814
469,60032,63.92772453552545,1023,1.0033725500106812,0.0,1.0033725500106812,1.0033725500106812,500.0,0.0,500.0,500.0,13.156426429748535,0.35950326919555664,0.07495932281017303,0.008962045423686504,31.67188474177956,0.02054593153297901,0.0,0.0,8.82863446349802e-07,1.5865695573198682,0.4606152560029711,0.5278706305655085,1.0033725500106812,0.0,1.0033725500106812,1.0033725500106812
470,60160,60.143919908917745,1025,1.0033725500106812,0.0,1.0033725500106812,1.0033725500106812,500.0,0.0,500.0,500.0,13.157705307006836,0.4008098542690277,-0.311914324760437,0.1394864171743393,23.00885551191144,0.012257123365998268,0.0,0.0,6.3656943893875e-07,1.5867950286779102,0.4607566637652261,0.527928768443982,1.0033725500106812,0.0,1.0033725500106812,1.0033725500106812
471,60288,64.7399327507509,1027,1.0033725500106812,0.0,1.0033725500106812,1.0033725500106812,500.0,0.0,500.0,500.0,13.158556938171387,0.4587025046348572,0.03935805708169937,0.0063897110521793365,29.423808430330187,0.020589914172887802,0.0,0.0,7.335929694818333e-07,1.5870081697892278,0.460890850850514,0.5279840660137435,1.0033725500106812,0.0,1.0033725500106812,1.0033725500106812
472,60416,63.89983809338928,1029,1.0033725500106812,0.0,1.0033725500106812,1.0033725500106812,500.0,0.0,500.0,500.0,13.160099983215332,0.4723314642906189,0.04144950583577156,0.0013552511809393764,37.89253335847345,0.03146034851670265,0.0,0.0,5.76006868868717e-07,1.5873938576297164,0.4611345785004752,0.5280847247007968,1.0033725500106812,0.0,1.0033725500106812,1.0033725500106812
473,60544,63.31955284939273,1031,3.6729071140289307,0.0,3.6729071140289307,3.6729071140289307,500.0,0.0,500.0,500.0,13.161543846130371,0.42782431840896606,0.08854076266288757,0.013402340933680534,21.0334076075792,0.010542435571551323,0.0,0.0,1.843660697886662e-06,1.587686556402436,0.46132064717156546,0.5281618421224292,3.6729071140289307,0.0,3.6729071140289307,3.6729071140289307
474,60672,61.89998062998662,1033,3.6729071140289307,0.0,3.6729071140289307,3.6729071140289307,500.0,0.0,500.0,500.0,13.162153244018555,0.4901037812232971,-0.41249555349349976,0.16008901596069336,34.670880830404,0.029574720188975334,0.0,0.0,5.569327186094597e-06,1.5877728020962156,0.46137418491499765,0.5281837072199719,3.6729071140289307,0.0,3.6729071140289307,3.6729071140289307
475,60800,59.690976779185455,1036,3.6729071140289307,0.0,3.6729071140289307,3.6729071140289307,500.0,0.0,500.0,500.0,13.161972045898438,0.6147852540016174,-0.15726988017559052,0.04604043811559677,27.988044814372493,0.029082339257001877,0.0,0.0,4.87358056489029e-06,1.5876888724798517,0.46132337621280123,0.5281632716720286,3.6729071140289307,0.0,3.6729071140289307,3.6729071140289307
476,60928,60.69667046762145,1038,3.6729071140289307,0.0,3.6729071140289307,3.6729071140289307,500.0,0.0,500.0,500.0,13.161088943481445,0.756338357925415,-0.3249116539955139,0.09781312942504883,30.565738132335227,0.04819803684949875,0.0,0.0,1.2045020412188023e-05,1.5874506758548368,0.46117457321711947,0.5281022546566319,3.6729071140289307,0.0,3.6729071140289307,3.6729071140289307
477,61056,62.60937841110736,1040,11.070784568786621,0.0,11.070784568786621,11.070784568786621,500.0,0.0,500.0,500.0,13.160125732421875,0.772568941116333,0.040416114032268524,0.04745912179350853,20.59683582039285,0.04192260652780533,0.0,0.0,9.293868856730114e-07,1.5872691452331835,0.4610592893191746,0.5280545196067409,11.070784568786621,0.0,11.070784568786621,11.070784568786621
478,61184,62.16478950248568,1042,11.070784568786621,0.0,11.070784568786621,11.070784568786621,500.0,0.0,500.0,500.0,13.161293029785156,0.5571029782295227,0.10489596426486969,0.009511012583971024,4.914349605268594,0.00827289093285799,0.0,0.0,3.496646968415007e-05,1.587714130791019,0.46134346297809053,0.528172628474425,11.070784568786621,0.0,11.070784568786621,11.070784568786621
479,61312,61.31141732063155,1044,11.070784568786621,0.0,11.070784568786621,11.070784568786621,500.0,0.0,500.0,500.0,13.16403579711914,0.31992068886756897,0.0488111712038517,0.010404092259705067,20.733966717307524,0.009568165987730026,0.0,0.0,1.487151257606456e-05,1.5883411314729288,0.4617408386298588,0.528337034355687,11.070784568786621,0.0,11.070784568786621,11.070784568786621
480,61440,63.43752058227196,1046,11.070784568786621,0.0,11.070784568786621,11.070784568786621,500.0,0.0,500.0,500.0,13.16806411743164,0.2899453938007355,0.01567484438419342,0.0005886049475520849,10.0339315927622,0.0028635209891945124,0.0,0.0,2.6428249384480296e-06,1.589517541455742,0.4624818904059274,0.5286425082717716,11.070784568786621,0.0,11.070784568786621,11.070784568786621
481,61568,62.4780240932224,1049,0.740328848361969,0.0,0.740328848361969,0.740328848361969,500.0,0.0,500.0,500.0,13.176904678344727,0.3906627595424652,0.06905758380889893,0.010691579431295395,3.4526247559357754,0.00246270839124918,0.0,0.0,7.16380964149721e-06,1.5916524394946594,0.463819431407111,0.5291920489093769,0.740328848361969,0.0,0.740328848361969,0.740328848361969
482,61696,62.812570542198145,1051,0.740328848361969,0.0,0.740328848361969,0.740328848361969,500.0,0.0,500.0,500.0,13.186471939086914,0.32500189542770386,0.046677350997924805,0.001792790717445314,2.2027276093246817,0.001516285934485495,0.0,0.0,8.39906442706706e-06,1.5938706279902628,0.4652039962155478,0.5297596200389464,0.740328848361969,0.0,0.740328848361969,0.740328848361969
483,61824,62.287883068321875,1053,0.740328848361969,0.0,0.740328848361969,0.740328848361969,500.0,0.0,500.0,500.0,13.197422981262207,0.25118324160575867,0.02374636009335518,0.0003293170593678951,30.38169090702528,0.01849854364991188,0.0,0.0,1.4136599929770455e-05,1.5964018016895476,0.46678389821733746,0.530407258152785,0.740328848361969,0.0,0.740328848361969,0.740328848361969
484,61952,62.0262973862858,1055,0.740328848361969,0.0,0.740328848361969,0.740328848361969,500.0,0.0,500.0,500.0,13.206838607788086,0.2260371446609497,0.004681313876062632,4.566238931147382e-05,7.711755162761777,0.004126491490751505,0.0,0.0,9.023791790241376e-06,1.5984128172096081,0.46803838440350126,0.5309213160177045,0.740328848361969,0.0,0.740328848361969,0.740328848361969
485,62080,63.14919626560892,1057,0.8318735957145691,0.0,0.8318735957145691,0.8318735957145691,500.0,0.0,500.0,500.0,13.213957786560059,0.24644477665424347,0.0037267962470650673,0.00528295524418354,13.281965944244103,0.005885968916118145,0.0,0.0,4.2544634197838604e-06,1.5999239782941814,0.4689808360167912,0.5313074569381059,0.8318735957145691,0.0,0.8318735957145691,0.8318735957145691
486,62208,62.60882350608816,1059,0.8318735957145691,0.0,0.8318735957145691,0.8318735957145691,500.0,0.0,500.0,500.0,13.219388961791992,0.25629743933677673,0.003932856023311615,0.0006499019800685346,23.843472234036977,0.012948636896908283,0.0,0.0,3.7574782254523598e-06,1.601094689615609,0.46971029468945097,0.5316061642492123,0.8318735957145691,0.0,0.8318735957145691,0.8318735957145691
487,62336,61.94826387767065,1061,0.8318735957145691,0.0,0.8318735957145691,0.8318735957145691,500.0,0.0,500.0,500.0,13.223734855651855,0.268800288438797,0.004118272569030523,0.000761090312153101,10.883735785588355,0.0035548026207834482,0.0,0.0,1.4650647699454566e-06,1.6020544074450747,0.47030788234301973,0.5318507702300487,0.8318735957145691,0.0,0.8318735957145691,0.8318735957145691
488,62464,62.5547310146475,1063,0.8318735957145691,0.0,0.8318735957145691,0.8318735957145691,500.0,0.0,500.0,500.0,13.227473258972168,0.2893117368221283,0.013647804036736488,0.001102084293961525,13.22908090486069,0.004314448218792677,0.0,0.0,1.623940534045687e-06,1.6028864936609095,0.4708257828439985,0.5320627045142566,0.8318735957145691,0.0,0.8318735957145691,0.8318735957145691
489,62592,61.93160622192004,1066,2.013934373855591,0.0,2.013934373855591,2.013934373855591,500.0,0.0,500.0,500.0,13.23082160949707,0.3215795159339905,0.01844174787402153,0.0056886072270572186,23.08263384405633,0.01113113109022379,0.0,0.0,1.006981960927078e-06,1.6036288151059206,0.4712875783443451,0.5322516237478867,2.013934373855591,0.0,2.013934373855591,2.013934373855591
490,62720,61.794256678635996,1068,2.013934373855591,0.0,2.013934373855591,2.013934373855591,500.0,0.0,500.0,500.0,13.23392105102539,0.3228509724140167,0.02621201053261757,0.0006188943516463041,2.531629340788691,0.00044224262819625437,0.0,0.0,9.675522960606031e-07,1.6044139696901734,0.47177532741001676,0.5324509859783139,2.013934373855591,0.0,2.013934373855591,2.013934373855591
491,62848,61.314036124592214,1070,2.013934373855591,0.0,2.013934373855591,2.013934373855591,500.0,0.0,500.0,500.0,13.237825393676758,0.2906869649887085,0.01735365390777588,8.55752732604742e-05,4.510779126714332,0.0010366435162723064,0.0,0.0,9.237011227014591e-07,1.6052966087264697,0.4723228131021772,0.532674556657514,2.013934373855591,0.0,2.013934373855591,2.013934373855591
492,62976,62.34035661219805,1072,2.013934373855591,0.0,2.013934373855591,2.013934373855591,500.0,0.0,500.0,500.0,13.2421293258667,0.27380725741386414,0.016153477132320404,0.00012916044215671718,29.533486561394746,0.017545124515891075,0.0,0.0,1.966310264833737e-06,1.6062950860211014,0.4729427056653159,0.5329278343008891,2.013934373855591,0.0,2.013934373855591,2.013934373855591
493,63104,61.44721725394916,1074,0.8758910894393921,0.0,0.8758910894393921,0.8758910894393921,500.0,0.0,500.0,500.0,13.246139526367188,0.31067177653312683,-0.07502253353595734,0.019160430878400803,8.476140768735908,0.0021624104119837284,0.0,0.0,1.4686711438116618e-06,1.6072070280879984,0.47350957138197763,0.5331596208391405,0.8758910894393921,0.0,0.8758910894393921,0.8758910894393921
494,63232,62.105088104004416,1076,0.8758910894393921,0.0,0.8758910894393921,0.8758910894393921,500.0,0.0,500.0,500.0,13.249656677246094,0.36963894963264465,-0.1327497512102127,0.008871359750628471,11.52550501117452,0.0030306936241686344,0.0,0.0,3.29625140693679e-06,1.6079492837729534,0.47397235461643766,0.5333492024267864,0.8758910894393921,0.0,0.8758910894393921,0.8758910894393921
495,63360,62.23840536774758,1079,0.8758910894393921,0.0,0.8758910894393921,0.8758910894393921,500.0,0.0,500.0,500.0,13.252313613891602,0.4776003360748291,-0.10103084146976471,0.004291290417313576,27.86031565496449,0.018463119864463806,0.0,0.0,3.729331638169242e-06,1.6085163708026073,0.4743286796978542,0.5334958657337499,0.8758910894393921,0.0,0.8758910894393921,0.8758910894393921
496,63488,61.96003182533826,1081,0.8758910894393921,0.0,0.8758910894393921,0.8758910894393921,500.0,0.0,500.0,500.0,13.254522323608398,0.5304675102233887,-0.030623991042375565,0.00044845190132036805,3.017747455725589,0.006535558961331844,0.0,0.0,8.735577807783557e-07,1.6090459048854986,0.47466188243457247,0.5336331289227021,0.8758910894393921,0.0,0.8758910894393921,0.8758910894393921
497,63616,61.818505817921334,1083,5.318926811218262,0.0,5.318926811218262,5.318926811218262,500.0,0.0,500.0,500.0,13.256582260131836,0.5440446138381958,-0.18059265613555908,0.10803607851266861,6.98391492649717,0.007910617627203465,0.0,0.0,6.005198542879953e-07,1.6093996045930348,0.47488666432244436,0.5337262747186177,5.318926811218262,0.0,5.318926811218262,5.318926811218262
498,63744,60.4100467722195,1085,5.318926811218262,0.0,5.318926811218262,5.318926811218262,500.0,0.0,500.0,500.0,13.257161140441895,0.6371014714241028,-0.20129957795143127,0.022887857630848885,26.807749918600003,0.028114859014749527,0.0,0.0,5.908195817028172e-06,1.6095001309752244,0.4749532639980316,0.5337545158230722,5.318926811218262,0.0,5.318926811218262,5.318926811218262
499,63872,60.47597951838281,1087,5.318926811218262,0.0,5.318926811218262,5.318926811218262,500.0,0.0,500.0,500.0,13.256967544555664,0.7598634362220764,-0.5034099817276001,0.19682492315769196,10.245116006904327,0.028788171708583832,0.0,0.0,1.026302925311029e-05,1.609368553584147,0.4748769019331251,0.5337246391875229,5.318926811218262,0.0,5.318926811218262,5.318926811218262
500,64000,61.53365347696013,1090,11.1693696975708,0.0,11.1693696975708,11.1693696975708,500.0,0.0,500.0,500.0,13.256216049194336,0.9119076728820801,0.12111596763134003,0.07450936734676361,1.3731318657144045,0.05322327837347984,0.0,0.0,4.63613287138287e-06,1.6093460190756497,0.4748652832848685,0.533720485868188,11.1693696975708,0.0,11.1693696975708,11.1693696975708
501,64128,61.794206890709376,1092,11.1693696975708,0.0,11.1693696975708,11.1693696975708,500.0,0.0,500.0,500.0,13.258020401000977,0.49037906527519226,0.05053234100341797,0.060817621648311615,14.430754871394276,0.009171580895781517,0.0,0.0,5.149967546458356e-05,1.6097960470608916,0.47514015436172485,0.5338316652470478,11.1693696975708,0.0,11.1693696975708,11.1693696975708
502,64256,61.2743019869403,1094,11.1693696975708,0.0,11.1693696975708,11.1693696975708,500.0,0.0,500.0,500.0,13.261177062988281,0.2382616102695465,0.03487503156065941,0.015427254140377045,3.1310517445937998,0.003928964491933584,0.0,0.0,1.1675806490529794e-05,1.6106627361220822,0.4756753146648407,0.5340495953831316,11.1693696975708,0.0,11.1693696975708,11.1693696975708
503,64384,62.559520061264806,1096,11.1693696975708,0.0,11.1693696975708,11.1693696975708,500.0,0.0,500.0,500.0,13.26527214050293,0.19850540161132812,-0.015061479061841965,0.000679713673889637,23.563607084272384,0.014910721220076084,0.0,0.0,3.073163952649338e-06,1.6115563105248516,0.4762283648763384,0.534275134583442,11.1693696975708,0.0,11.1693696975708,11.1693696975708
504,64512,60.88778405111812,1098,1.8264408111572266,0.0,1.8264408111572266,1.8264408111572266,500.0,0.0,500.0,500.0,13.26960277557373,0.2874642014503479,-0.017564896494150162,0.004980563651770353,23.852333652351863,0.010843583382666111,0.0,0.0,7.531521532655461e-06,1.6127320247188022,0.47695823652403696,0.5345733591147338,1.8264408111572266,0.0,1.8264408111572266,1.8264408111572266
505,64640,61.7242417532336,1100,1.8264408111572266,0.0,1.8264408111572266,1.8264408111572266,500.0,0.0,500.0,500.0,13.275655746459961,0.47107288241386414,0.010122952982783318,0.015917541459202766,16.968002392160695,0.010730412788689137,0.0,0.0,1.3435809705697466e-05,1.6140489313034794,0.4777760165078299,0.5349075761000354,1.8264408111572266,0.0,1.8264408111572266,1.8264408111572266
506,64768,59.9982601908694,1103,1.8264408111572266,0.0,1.8264408111572266,1.8264408111572266,500.0,0.0,500.0,500.0,13.280559539794922,0.5558490753173828,-0.17013056576251984,0.018893472850322723,7.590171295317131,0.013114209286868572,0.0,0.0,5.171035809325986e-06,1.6151132290706702,0.4784350906099592,0.5351764530804355,1.8264408111572266,0.0,1.8264408111572266,1.8264408111572266
507,64896,59.736578681086414,1105,1.8264408111572266,0.0,1.8264408111572266,1.8264408111572266,500.0,0.0,500.0,500.0,13.284158706665039,0.6023072004318237,-0.34320068359375,0.09212647378444672,5.5020283493011455,0.015441974624991417,0.0,0.0,2.998935769937816e-06,1.6158566889854884,0.4788942677634103,0.5353634721666414,1.8264408111572266,0.0,1.8264408111572266,1.8264408111572266
508,65024,59.66536375227786,1107,7.21578311920166,0.0,7.21578311920166,7.21578311920166,500.0,0.0,500.0,500.0,13.286653518676758,0.761253297328949,0.010393147356808186,0.03951060771942139,52.9228634704122,0.07037796080112457,0.0,0.0,2.4822902560117655e-06,1.616406400582743,0.4792333585875375,0.5355014843699339,7.21578311920166,0.0,7.21578311920166,7.21578311920166
509,65152,59.803746642053234,1109,7.21578311920166,0.0,7.21578311920166,7.21578311920166,500.0,0.0,500.0,500.0,13.288667678833008,0.7671614289283752,-0.16517600417137146,0.09352228045463562,77.01097293307743,0.13396300375461578,0.0,0.0,2.666216460056603e-06,1.6168351984710638,0.47950037888118197,0.5356107880387109,7.21578311920166,0.0,7.21578311920166,7.21578311920166
510,65280,57.47492436269124,1112,7.21578311920166,0.0,7.21578311920166,7.21578311920166,500.0,0.0,500.0,500.0,13.29024887084961,0.8683061003684998,0.04308144748210907,0.014191270805895329,52.47726122752079,0.08296267688274384,0.0,0.0,1.8194264157500584e-06,1.6171919490898794,0.4797224061829703,0.5357016408691375,7.21578311920166,0.0,7.21578311920166,7.21578311920166
511,65408,61.8287576537243,1114,7.21578311920166,0.0,7.21578311920166,7.21578311920166,500.0,0.0,500.0,500.0,13.291702270507812,0.76267009973526,0.09642866253852844,0.00046976222074590623,37.104314305428346,0.05524713546037674,0.0,0.0,7.944950993987732e-06,1.617525354823988,0.47992914489337374,0.5357860474120059,7.21578311920166,0.0,7.21578311920166,7.21578311920166
512,65536,62.09266893237963,1116,4.099623680114746,0.0,4.099623680114746,4.099623680114746,500.0,0.0,500.0,500.0,13.29304027557373,0.6850253939628601,0.16861802339553833,0.041154682636260986,16.196412387305305,0.026029590517282486,0.0,0.0,1.4659334510724875e-06,1.617819254734522,0.4801123397690909,0.5358610801770587,4.099623680114746,0.0,4.099623680114746,4.099623680114746
513,65664,61.68752524252646,1118,4.099623680114746,0.0,4.099623680114746,4.099623680114746,500.0,0.0,500.0,500.0,13.294219970703125,0.5952683687210083,0.08710716664791107,0.0014390202704817057,45.61571382878216,0.04545839503407478,0.0,0.0,2.5244148673664313e-06,1.6180762440638528,0.480272114276886,0.5359264155148514,4.099623680114746,0.0,4.099623680114746,4.099623680114746
514,65792,62.081575609141254,1120,4.099623680114746,0.0,4.099623680114746,4.099623680114746,500.0,0.0,500.0,500.0,13.295312881469727,0.4909132122993469,0.066050224006176,0.0005736720631830394,53.05386004815491,0.0559806227684021,0.0,0.0,3.155909780616639e-06,1.618332318415877,0.4804301474775587,0.5359907456815062,4.099623680114746,0.0,4.099623680114746,4.099623680114746
515,65920,63.26226522524425,1122,4.099623680114746,0.0,4.099623680114746,4.099623680114746,500.0,0.0,500.0,500.0,13.296613693237305,0.41727447509765625,0.04031447321176529,0.0002641773608047515,68.7516757307942,0.0840832069516182,0.0,0.0,1.97713848137937e-06,1.6186493183355088,0.48062669805118013,0.5360709875187811,4.099623680114746,0.0,4.099623680114746,4.099623680114746
516,66048,61.11359024060184,1125,0.8296105265617371,0.0,0.8296105265617371,0.8296105265617371,500.0,0.0,500.0,500.0,13.297880172729492,0.3979419469833374,-0.019912850111722946,0.05002955347299576,20.607811672516966,0.008799875155091286,0.0,0.0,1.0692351679608691e-06,1.6189334414192904,0.48080297453062876,0.5361429779262289,0.8296105265617371,0.0,0.8296105265617371,0.8296105265617371
517,66176,61.68314515833459,1127,0.8296105265617371,0.0,0.8296105265617371,0.8296105265617371,500.0,0.0,500.0,500.0,13.298993110656738,0.36562925577163696,0.00663472805172205,0.0059727891348302364,3.99641125518498,0.0010788168292492628,0.0,0.0,6.635281692979333e-07,1.6191838908368956,0.4809567758015224,0.5362053900642316,0.8296105265617371,0.0,0.8296105265617371,0.8296105265617371
518,66304,62.323046126428494,1129,0.8296105265617371,0.0,0.8296105265617371,0.8296105265617371,500.0,0.0,500.0,500.0,13.300434112548828,0.34212952852249146,-0.0641438290476799,0.007688052020967007,20.409610924028495,0.008323242887854576,0.0,0.0,9.115505008594482e-07,1.6195617608221828,0.4811863388334002,0.536297916829864,0.8296105265617371,0.0,0.8296105265617371,0.8296105265617371
519,66432,61.49707171480858,1131,0.8296105265617371,0.0,0.8296105265617371,0.8296105265617371,500.0,0.0,500.0,500.0,13.302155494689941,0.3952443599700928,-0.051263730973005295,0.004002124071121216,15.054307867374622,0.004831175785511732,0.0,0.0,1.1169311164849205e-06,1.6199587467138012,0.48142806547028677,0.536395488908583,0.8296105265617371,0.0,0.8296105265617371,0.8296105265617371
520,66560,59.63563882904761,1133,4.501666069030762,0.0,4.501666069030762,4.501666069030762,500.0,0.0,500.0,500.0,13.303366661071777,0.39646685123443604,0.02508852630853653,0.010765678249299526,22.039414777312288,0.009536135010421276,0.0,0.0,3.936950747629453e-07,1.6201833140895965,0.48156679953847614,0.5364519999041585,4.501666069030762,0.0,4.501666069030762,4.501666069030762
521,66688,61.8120859134379,1136,4.501666069030762,0.0,4.501666069030762,4.501666069030762,500.0,0.0,500.0,500.0,13.3043794631958,0.3482847809791565,0.01296909712255001,0.00023096494260244071,10.21291994794149,0.002583492547273636,0.0,0.0,2.480040279806417e-07,1.6204915127868103,0.4817586158003126,0.5365304926941001,4.501666069030762,0.0,4.501666069030762,4.501666069030762
522,66816,62.08222171341877,1138,4.501666069030762,0.0,4.501666069030762,4.501666069030762,500.0,0.0,500.0,500.0,13.310060501098633,0.330411821603775,0.010499885305762291,0.0009691866580396891,7.135411637201538,0.0013908174587413669,0.0,0.0,4.44205852545565e-06,1.6221925862028972,0.4828089007309505,0.5369581738109072,4.501666069030762,0.0,4.501666069030762,4.501666069030762
523,66944,61.26791770002679,1140,4.501666069030762,0.0,4.501666069030762,4.501666069030762,500.0,0.0,500.0,500.0,13.318174362182617,0.31308865547180176,0.013008582405745983,0.00016748216876294464,5.357026591463892,0.0010953097371384501,0.0,0.0,5.531970600713976e-06,1.6239930507437583,0.48391867109707426,0.5374096046431767,4.501666069030762,0.0,4.501666069030762,4.501666069030762
524,67072,60.215742183250164,1142,1.1775660514831543,0.0,1.1775660514831543,1.1775660514831543,500.0,0.0,500.0,500.0,13.324357986450195,0.3819725513458252,-0.48213696479797363,0.6025128960609436,5.110684469017506,0.0014131673378869891,0.0,0.0,5.053680979472119e-06,1.6252480137552696,0.48469086630003794,0.5377234194521402,1.1775660514831543,0.0,1.1775660514831543,1.1775660514831543
525,67200,62.25948804133262,1144,1.1775660514831543,0.0,1.1775660514831543,1.1775660514831543,500.0,0.0,500.0,500.0,13.327799797058105,0.6625535488128662,-0.5609071254730225,0.24610282480716705,32.03364667584731,0.03907262906432152,0.0,0.0,2.35721527133137e-05,1.6259350289634293,0.48511446373803274,0.5378958309959256,1.1775660514831543,0.0,1.1775660514831543,1.1775660514831543
526,67328,60.20112368811011,1146,1.1775660514831543,0.0,1.1775660514831543,1.1775660514831543,500.0,0.0,500.0,500.0,13.335643768310547,0.4470423758029938,0.03414441645145416,0.04336390644311905,23.159887788984268,0.012179199606180191,0.0,0.0,3.2352330890716985e-05,1.628104713406282,0.48644385167530607,0.5384346474164331,1.1775660514831543,0.0,1.1775660514831543,1.1775660514831543
527,67456,57.29401897645717,1149,1.1775660514831543,0.0,1.1775660514831543,1.1775660514831543,500.0,0.0,500.0,500.0,13.344736099243164,0.2728210985660553,0.027169156819581985,0.005505670793354511,22.38269760563593,0.012629174627363682,0.0,0.0,1.3185582247388083e-05,1.6303159565695613,0.4877987205982208,0.5389837813726722,1.1775660514831543,0.0,1.1775660514831543,1.1775660514831543
528,67584,61.61147961288589,1151,11.411842346191406,0.0,11.411842346191406,11.411842346191406,500.0,0.0,500.0,500.0,13.353344917297363,0.2627309262752533,0.020976275205612183,0.008091780357062817,17.251089486372912,0.007415986619889736,0.0,0.0,8.569368219468743e-06,1.6321779137532517,0.4889376333781651,0.5394448894471447,11.411842346191406,0.0,11.411842346191406,11.411842346191406
529,67712,59.115918844828435,1153,11.411842346191406,0.0,11.411842346191406,11.411842346191406,500.0,0.0,500.0,500.0,13.359870910644531,0.3075202405452728,0.0014106864109635353,0.0005951673956587911,7.2981009896391615,0.0021216776221990585,0.0,0.0,3.8607204260188155e-06,1.6336240345861444,0.4898205612386976,0.5398019433842517,11.411842346191406,0.0,11.411842346191406,11.411842346191406
530,67840,61.12662995150821,1155,11.411842346191406,0.0,11.411842346191406,11.411842346191406,500.0,0.0,500.0,500.0,13.364770889282227,0.35159945487976074,-0.24682828783988953,0.08314437419176102,9.970632512105361,0.002902154577895999,0.0,0.0,4.625114343070891e-06,1.63465745560072,0.49044681446892874,0.5400540025365944,11.411842346191406,0.0,11.411842346191406,11.411842346191406
531,67968,57.43958481201827,1158,11.411842346191406,0.0,11.411842346191406,11.411842346191406,500.0,0.0,500.0,500.0,13.368481636047363,0.436286985874176,-0.009233596734702587,0.0026959707029163837,28.527788752062836,0.016565939411520958,0.0,0.0,3.6812416510656476e-06,1.635522046820989,0.49096740569387165,0.5402626772569741,11.411842346191406,0.0,11.411842346191406,11.411842346191406
532,68096,62.044210599791654,1160,3.8717284202575684,0.0,3.8717284202575684,3.8717284202575684,500.0,0.0,500.0,500.0,13.373054504394531,0.38798987865448,0.07416000962257385,0.01008723396807909,2.5396994263404364,0.0011902189580723643,0.0,0.0,4.375683602120262e-06,1.6368088473436195,0.49175688198634554,0.5405829309932689,3.8717284202575684,0.0,3.8717284202575684,3.8717284202575684
533,68224,62.85589286312221,1162,3.8717284202575684,0.0,3.8717284202575684,3.8717284202575684,500.0,0.0,500.0,500.0,13.380722045898438,0.36736178398132324,-0.08378557860851288,0.01327398233115673,8.128969614967632,0.0017373876180499792,0.0,0.0,1.0189006388827693e-05,1.6386777471024687,0.49289385335786,0.5410417280138029,3.8717284202575684,0.0,3.8717284202575684,3.8717284202575684
534,68352,62.648524021625356,1164,3.8717284202575684,0.0,3.8717284202575684,3.8717284202575684,500.0,0.0,500.0,500.0,13.389364242553711,0.37380746006965637,0.033819518983364105,0.003941068425774574,13.22140978942271,0.003642607480287552,0.0,0.0,6.762684279237874e-06,1.6406576576481118,0.49409479754311697,0.5415254326916273,3.8717284202575684,0.0,3.8717284202575684,3.8717284202575684
535,68480,61.195336774394455,1166,3.8717284202575684,0.0,3.8717284202575684,3.8717284202575684,500.0,0.0,500.0,500.0,13.39606761932373,0.40384402871131897,0.038209445774555206,0.002002629218623042,5.366325044757126,0.0013624551938846707,0.0,0.0,3.636408564489102e-06,1.642159524115683,0.49500562037740437,0.5418922427919196,3.8717284202575684,0.0,3.8717284202575684,3.8717284202575684
536,68608,61.61057459535244,1168,1.693712830543518,0.0,1.693712830543518,1.693712830543518,500.0,0.0,500.0,500.0,13.400667190551758,0.5915893316268921,-0.9532044529914856,1.2727550268173218,20.768642307565152,0.023205136880278587,0.0,0.0,1.3656560440722387e-05,1.6430419992700636,0.4955381751060486,0.5421060144837918,1.693712830543518,0.0,1.693712830543518,1.693712830543518
537,68736,60.52677403563979,1171,1.693712830543518,0.0,1.693712830543518,1.693712830543518,500.0,0.0,500.0,500.0,13.403653144836426,0.9202771782875061,-0.4789573848247528,0.09546446055173874,4.7869991189475645,0.05388397350907326,0.0,0.0,3.344329525134526e-05,1.6438618225373889,0.4960301177842276,0.5423027735883259,1.693712830543518,0.0,1.693712830543518,1.693712830543518
538,68864,61.51160757936476,1173,1.693712830543518,0.0,1.693712830543518,1.693712830543518,500.0,0.0,500.0,500.0,13.408710479736328,1.2965596914291382,-0.6383440494537354,0.3668705224990845,3.8203739347497323,0.14547498524188995,0.0,0.0,3.347884558024816e-05,1.6451763257889833,0.496788889169693,0.5425985029779821,1.693712830543518,0.0,1.693712830543518,1.693712830543518
539,68992,61.77720545008266,1175,1.693712830543518,0.0,1.693712830543518,1.693712830543518,500.0,0.0,500.0,500.0,13.414237022399902,1.1113653182983398,0.0726887434720993,0.014661809429526329,5.94438899407297,0.08672763407230377,0.0,0.0,4.9606667744228616e-05,1.6465789811316645,0.49758454731532503,0.5429048479169297,1.693712830543518,0.0,1.693712830543518,1.693712830543518
540,69120,61.61531209117678,1177,22.051637649536133,0.0,22.051637649536133,22.051637649536133,500.0,0.0,500.0,500.0,13.417393684387207,0.5637603402137756,0.16329047083854675,0.08622521907091141,12.074191454048004,0.01208509411662817,0.0,0.0,5.6935336033347994e-05,1.6469850655680538,0.4977828136512211,0.5429724376780335,22.051637649536133,0.0,22.051637649536133,22.051637649536133
541,69248,59.798570927186475,1179,22.051637649536133,0.0,22.051637649536133,22.051637649536133,500.0,0.0,500.0,500.0,13.41798210144043,0.23262254893779755,0.05225445702672005,0.04733680561184883,31.711407279269018,0.018498679623007774,0.0,0.0,1.9114388123853132e-05,1.6473457960930105,0.4979588176522936,0.5430324321252152,22.051637649536133,0.0,22.051637649536133,22.051637649536133
542,69376,59.65335754708637,1182,22.051637649536133,0.0,22.051637649536133,22.051637649536133,500.0,0.0,500.0,500.0,13.419443130493164,0.08711029589176178,0.0030329949222505093,0.013508116826415062,26.591032849253992,0.02119101956486702,0.0,0.0,5.161617082194425e-06,1.647766914364046,0.4981849874768938,0.5431160814191116,22.051637649536133,0.0,22.051637649536133,22.051637649536133
543,69504,59.059568911092214,1184,0.7767770886421204,0.0,0.7767770886421204,0.7767770886421204,500.0,0.0,500.0,500.0,13.42111587524414,0.10808136314153671,-0.008802961558103561,0.0008376004989258945,48.20006349657473,0.04731958359479904,0.0,0.0,2.809258148772642e-06,1.648185641470722,0.4984190421445029,0.5432052842560585,0.7767770886421204,0.0,0.7767770886421204,0.7767770886421204
544,69632,63.266305832387644,1186,0.7767770886421204,0.0,0.7767770886421204,0.7767770886421204,500.0,0.0,500.0,500.0,13.422470092773438,0.0621204636991024,-0.09790448844432831,0.029621336609125137,74.56617777910083,0.08401648700237274,0.0,0.0,9.217084766532935e-07,1.648496728819383,0.4985953526837485,0.5432731574356638,0.7767770886421204,0.0,0.7767770886421204,0.7767770886421204
545,69760,62.23256162244175,1188,0.7767770886421204,0.0,0.7767770886421204,0.7767770886421204,500.0,0.0,500.0,500.0,13.423616409301758,0.12663286924362183,-0.06745299696922302,0.0015257438644766808,55.05434871901987,0.05774027109146118,0.0,0.0,1.7154818579001585e-06,1.6488032013629421,0.49877298304012846,0.5433426077863526,0.7767770886421204,0.0,0.7767770886421204,0.7767770886421204
546,69888,61.91163028416545,1190,0.7767770886421204,0.0,0.7767770886421204,0.7767770886421204,500.0,0.0,500.0,500.0,13.4249267578125,0.20946604013442993,-0.0378393828868866,0.0003796051605604589,41.48008639800081,0.03184639289975166,0.0,0.0,6.605554290217697e-07,1.6491037803905857,0.4989495405129024,0.5434122583378984,0.7767770886421204,0.0,0.7767770886421204,0.7767770886421204
547,70016,62.02123137933727,1193,2.643632650375366,0.0,2.643632650375366,2.643632650375366,500.0,0.0,500.0,500.0,13.426107406616211,0.23884126543998718,0.0011322185164317489,0.004556105472147465,36.21187307211517,0.02271081507205963,0.0,0.0,4.548824108496774e-07,1.6493847198464642,0.4991166251046317,0.5434787129674675,2.643632650375366,0.0,2.643632650375366,2.643632650375366
548,70144,59.6002528013581,1195,2.643632650375366,0.0,2.643632650375366,2.643632650375366,500.0,0.0,500.0,500.0,13.42757511138916,0.33594778180122375,0.035022035241127014,0.004315492697060108,81.94498135329962,0.107736736536026,0.0,0.0,2.754601666765666e-07,1.6497501810576625,0.4993361873286111,0.5435666084754373,2.643632650375366,0.0,2.643632650375366,2.643632650375366
549,70272,61.034413951479046,1197,2.643632650375366,0.0,2.643632650375366,2.643632650375366,500.0,0.0,500.0,500.0,13.428889274597168,0.2574217915534973,0.02383407950401306,0.0006855986430309713,62.21401526500626,0.05584493279457092,0.0,0.0,3.2769102631391434e-07,1.65005127882726,0.49951717257499695,0.5436390850592141,2.643632650375366,0.0,2.643632650375366,2.643632650375366
550,70400,61.23452153447038,1199,2.643632650375366,0.0,2.643632650375366,2.643632650375366,500.0,0.0,500.0,500.0,13.430113792419434,0.28118953108787537,0.011031725443899632,0.001572623266838491,49.17101661903421,0.038174666464328766,0.0,0.0,1.741889406048358e-07,1.6503532228892017,0.4996988901070186,0.5437119121847449,2.643632650375366,0.0,2.643632650375366,2.643632650375366
551,70528,60.96528549174704,1201,0.7406749725341797,0.0,0.7406749725341797,0.7406749725341797,500.0,0.0,500.0,500.0,13.43136978149414,0.2870650589466095,0.04951249063014984,0.00497007742524147,26.8602801669302,0.0124153271317482,0.0,0.0,1.606891970595825e-07,1.6506373857249155,0.4998695637498583,0.5437802260268427,0.7406749725341797,0.0,0.7406749725341797,0.7406749725341797
552,70656,60.32882417706643,1204,0.7406749725341797,0.0,0.7406749725341797,0.7406749725341797,500.0,0.0,500.0,500.0,13.43245792388916,0.3989868760108948,-0.10897379368543625,0.01576133258640766,62.79563999761438,0.053959012031555176,0.0,0.0,1.403277138933845e-07,1.6508876097400491,0.5000191586358207,0.5438399259907669,0.7406749725341797,0.0,0.7406749725341797,0.7406749725341797
553,70784,61.39581461187486,1206,0.7406749725341797,0.0,0.7406749725341797,0.7406749725341797,500.0,0.0,500.0,500.0,13.433475494384766,0.4046079218387604,-0.009029470384120941,0.0002154170215362683,50.35939413832044,0.0394640788435936,0.0,0.0,1.5520697616011603e-07,1.6511311604353645,0.5001651091235024,0.5438982609135893,0.7406749725341797,0.0,0.7406749725341797,0.7406749725341797
554,70912,61.581839977875674,1208,0.7406749725341797,0.0,0.7406749725341797,0.7406749725341797,500.0,0.0,500.0,500.0,13.434598922729492,0.3762394189834595,0.023731887340545654,0.0003111745463684201,13.506516297679221,0.00281185912899673,0.0,0.0,1.766818513715407e-07,1.6514197602228449,0.5003387544836316,0.5439678443948589,0.7406749725341797,0.0,0.7406749725341797,0.7406749725341797
555,71040,63.840706607104146,1210,2.6114938259124756,0.0,2.6114938259124756,2.6114938259124756,500.0,0.0,500.0,500.0,13.435860633850098,0.35130739212036133,0.054996557533741,0.013039003126323223,24.923509759075444,0.009649106301367283,0.0,0.0,3.682742999444599e-07,1.6517023028375029,0.500508406332561,0.5440357364922878,2.6114938259124756,0.0,2.6114938259124756,2.6114938259124756
556,71168,61.658924180106645,1212,2.6114938259124756,0.0,2.6114938259124756,2.6114938259124756,500.0,0.0,500.0,500.0,13.437121391296387,0.2749823033809662,0.008591045625507832,0.0005407176213338971,31.141856325742623,0.017256004735827446,0.0,0.0,3.529975458604895e-07,1.6520193602907203,0.5006995584283557,0.5441124320272682,2.6114938259124756,0.0,2.6114938259124756,2.6114938259124756
557,71296,62.260852663868626,1214,2.6114938259124756,0.0,2.6114938259124756,2.6114938259124756,500.0,0.0,500.0,500.0,13.438592910766602,0.24441218376159668,0.011151501908898354,0.00017898189253173769,21.266702147903054,0.009253781288862228,0.0,0.0,2.9206267981862766e-07,1.652374792213367,0.5009142884186336,0.5441986998399794,2.6114938259124756,0.0,2.6114938259124756,2.6114938259124756
558,71424,60.68493846853617,1217,2.6114938259124756,0.0,2.6114938259124756,2.6114938259124756,500.0,0.0,500.0,500.0,13.44057559967041,0.26863133907318115,0.011663293465971947,0.000612783944234252,33.896099753590974,0.018265964463353157,0.0,0.0,3.1118162269194727e-07,1.6529196467640654,0.5012424843651908,0.5443303030837098,2.6114938259124756,0.0,2.6114938259124756,2.6114938259124756
559,71552,61.60382315520461,1219,1.379256248474121,0.0,1.379256248474121,1.379256248474121,500.0,0.0,500.0,500.0,13.44338607788086,0.28180021047592163,0.054412346333265305,0.005073778331279755,44.66766124458522,0.03170968219637871,0.0,0.0,1.470935558245401e-06,1.6536174996629551,0.5016637231622424,0.5444994420725326,1.379256248474121,0.0,1.379256248474121,1.379256248474121
560,71680,62.57164538544369,1221,1.379256248474121,0.0,1.379256248474121,1.379256248474121,500.0,0.0,500.0,500.0,13.446346282958984,0.14710131287574768,0.027951320633292198,0.004203079733997583,9.44078098578344,0.00920877419412136,0.0,0.0,5.805948148918105e-06,1.6542908995844914,0.5020702864442553,0.5446627114409376,1.379256248474121,0.0,1.379256248474121,1.379256248474121
561,71808,61.87090418698218,1223,1.379256248474121,0.0,1.379256248474121,1.379256248474121,500.0,0.0,500.0,500.0,13.44961166381836,0.15446463227272034,-0.00407287385314703,0.000672509369906038,2.4043516045670073,0.007451650686562061,0.0,0.0,2.4375194698222913e-06,1.65524854156304,0.502648800611496,0.544895123497184,1.379256248474121,0.0,1.379256248474121,1.379256248474121
562,71936,60.616140393187365,1225,1.379256248474121,0.0,1.379256248474121,1.379256248474121,500.0,0.0,500.0,500.0,13.45520305633545,0.27072873711586,-0.00013767601922154427,0.008096937090158463,4.101050114660113,0.0018998823361471295,0.0,0.0,3.3950541364902165e-06,1.6565643063312112,0.5034436498369489,0.5452144471747563,1.379256248474121,0.0,1.379256248474121,1.379256248474121
563,72064,60.57334120863282,1227,0.7493793368339539,0.0,0.7493793368339539,0.7493793368339539,500.0,0.0,500.0,500.0,13.460770606994629,0.3498665988445282,-0.07082623988389969,0.028704121708869934,7.690693131249657,0.0018110232194885612,0.0,0.0,3.1105651032703463e-06,1.657855342046824,0.5042269400187901,0.5455299922698236,0.7493793368339539,0.0,0.7493793368339539,0.7493793368339539
564,72192,60.350240559717264,1230,0.7493793368339539,0.0,0.7493793368339539,0.7493793368339539,500.0,0.0,500.0,500.0,13.46640396118164,0.5774598121643066,-0.4869239330291748,0.24477292597293854,15.16179800706403,0.011820420622825623,0.0,0.0,8.217984941438772e-06,1.659211920574148,0.5050531923770905,0.5458635899548038,0.7493793368339539,0.0,0.7493793368339539,0.7493793368339539
565,72320,61.074497518721216,1232,0.7493793368339539,0.0,0.7493793368339539,0.7493793368339539,500.0,0.0,500.0,500.0,13.471874237060547,1.0200039148330688,-0.4477788209915161,0.16027742624282837,15.910326768908527,0.07163222879171371,0.0,0.0,1.6188036170206033e-05,1.6604220412521773,0.5057754133428846,0.5461514071583479,0.7493793368339539,0.0,0.7493793368339539,0.7493793368339539
566,72448,61.177143464014975,1234,0.7493793368339539,0.0,0.7493793368339539,0.7493793368339539,500.0,0.0,500.0,500.0,13.476646423339844,1.4065080881118774,-0.6959291696548462,0.4888955354690552,23.32515407130913,0.17053304612636566,0.0,0.0,1.5545998394372873e-05,1.6616374198273332,0.5064976981707981,0.5464385136626259,0.7493793368339539,0.0,0.7493793368339539,0.7493793368339539
567,72576,59.2182080320742,1236,19.49402618408203,0.0,19.49402618408203,19.49402618408203,500.0,0.0,500.0,500.0,13.482605934143066,1.265282154083252,0.24611042439937592,0.13383613526821136,31.960178585848084,0.14748385548591614,0.0,0.0,1.1365631507942453e-05,1.6631207387428315,0.5073916954653603,0.5467971392311337,19.49402618408203,0.0,19.49402618408203,19.49402618408203
568,72704,61.116686146365375,1238,19.49402618408203,0.0,19.49402618408203,19.49402618408203,500.0,0.0,500.0,500.0,13.488750457763672,0.8648049831390381,0.005710270255804062,0.04458744451403618,45.73363310901334,0.06860414892435074,0.0,0.0,1.1144419659103733e-05,1.6644671258785988,0.5082054265907833,0.5471241438035881,19.49402618408203,0.0,19.49402618408203,19.49402618408203
569,72832,61.373109622382316,1241,19.49402618408203,0.0,19.49402618408203,19.49402618408203,500.0,0.0,500.0,500.0,13.493340492248535,0.6226617097854614,-0.000791392638348043,0.025684917345643044,58.037514272005794,0.06453188508749008,0.0,0.0,4.144731974520255e-06,1.665482397447882,0.5088180559022086,0.5473700857414734,19.49402618408203,0.0,19.49402618408203,19.49402618408203
570,72960,60.69816645200503,1243,19.49402618408203,0.0,19.49402618408203,19.49402618408203,500.0,0.0,500.0,500.0,13.496825218200684,0.5349297523498535,-0.01924477517604828,0.005724226590245962,33.588414938827995,0.021653397008776665,0.0,0.0,2.390089321124833e-06,1.666264634923188,0.5092893413134983,0.5475590997120195,19.49402618408203,0.0,19.49402618408203,19.49402618408203
571,73088,60.89368876274198,1245,4.408118724822998,0.0,4.408118724822998,4.408118724822998,500.0,0.0,500.0,500.0,13.49448013305664,0.7244592905044556,-0.2174031138420105,0.1732705682516098,32.35810556634392,0.03460085019469261,0.0,0.0,8.978950972959865e-06,1.6650855053950688,0.5085961180073875,0.5472854998936582,4.408118724822998,0.0,4.408118724822998,4.408118724822998
572,73216,61.39217787657777,1247,4.408118724822998,0.0,4.408118724822998,4.408118724822998,500.0,0.0,500.0,500.0,13.488624572753906,0.9054285287857056,-0.2519550323486328,0.03788233920931816,48.31810987662275,0.07452154904603958,0.0,0.0,1.4056207874091342e-05,1.6638181792052227,0.5078510131154742,0.5469914285052305,4.408118724822998,0.0,4.408118724822998,4.408118724822998
573,73344,62.41393200012091,1249,4.408118724822998,0.0,4.408118724822998,4.408118724822998,500.0,0.0,500.0,500.0,13.485063552856445,0.8814573287963867,0.08165671676397324,0.002073931973427534,30.99480340159613,0.05723986402153969,0.0,0.0,3.714649210451171e-06,1.663070603264733,0.5074123527322497,0.5468185362866487,4.408118724822998,0.0,4.408118724822998,4.408118724822998
574,73472,64.00341815129897,1251,4.408118724822998,0.0,4.408118724822998,4.408118724822998,500.0,0.0,500.0,500.0,13.483451843261719,0.827863872051239,0.07769742608070374,0.0006712401518598199,36.81720886511654,0.04736694321036339,0.0,0.0,1.644029225644772e-06,1.6627746865997621,0.5072390948023114,0.5467503556212192,4.408118724822998,0.0,4.408118724822998,4.408118724822998
575,73600,62.58383377467293,1254,7.420207977294922,0.0,7.420207977294922,7.420207977294922,500.0,0.0,500.0,500.0,13.482721328735352,0.48592516779899597,0.08759161829948425,0.06024514511227608,34.95041602233022,0.020397396758198738,0.0,0.0,1.5606588931404985e-05,1.6626139508254245,0.5071447917393276,0.5467132027105904,7.420207977294922,0.0,7.420207977294922,7.420207977294922
576,73728,62.46243202959453,1256,7.420207977294922,0.0,7.420207977294922,7.420207977294922,500.0,0.0,500.0,500.0,13.486328125,-0.15306700766086578,0.0292917899787426,0.2803555428981781,41.28438131488824,0.06426770240068436,0.0,0.0,5.110206257086247e-05,1.6637448960556107,0.5078285549368177,0.5469880652103914,7.420207977294922,0.0,7.420207977294922,7.420207977294922
577,73856,62.99137749273225,1258,7.420207977294922,0.0,7.420207977294922,7.420207977294922,500.0,0.0,500.0,500.0,13.490219116210938,0.11263589560985565,-0.04730374366044998,0.034832216799259186,12.271535204257091,0.01681569404900074,0.0,0.0,8.61160606291378e-06,1.6646190246031125,0.5083564392157963,0.5472001092412424,7.420207977294922,0.0,7.420207977294922,7.420207977294922
578,73984,62.21567143432102,1260,7.420207977294922,0.0,7.420207977294922,7.420207977294922,500.0,0.0,500.0,500.0,13.493239402770996,0.14282263815402985,-0.013529708608984947,0.0006923112669028342,25.797006890252764,0.021414009854197502,0.0,0.0,7.685063678763981e-07,1.6652839502344494,0.5087576636246273,0.5473611921520668,7.420207977294922,0.0,7.420207977294922,7.420207977294922
579,74112,62.71394153071193,1262,1.7563488483428955,0.0,1.7563488483428955,1.7563488483428955,500.0,0.0,500.0,500.0,13.495580673217773,0.23845621943473816,0.021908214315772057,0.0029457903001457453,17.410546349870636,0.010568607598543167,0.0,0.0,4.303435048313986e-07,1.6658162966092593,0.5090782216617039,0.5474897189248077,1.7563488483428955,0.0,1.7563488483428955,1.7563488483428955
580,74240,62.82896290081673,1264,1.7563488483428955,0.0,1.7563488483428955,1.7563488483428955,500.0,0.0,500.0,500.0,13.497831344604492,0.22760514914989471,-0.15827026963233948,0.051830340176820755,18.706230123390764,0.009711658582091331,0.0,0.0,7.170924618549179e-07,1.6663804244274245,0.5094175807067326,0.5476256836335709,1.7563488483428955,0.0,1.7563488483428955,1.7563488483428955
581,74368,61.57089310844576,1266,1.7563488483428955,0.0,1.7563488483428955,1.7563488483428955,500.0,0.0,500.0,500.0,13.500261306762695,0.2959167957305908,-0.2506781816482544,0.07355250418186188,19.60858156620266,0.00945491623133421,0.0,0.0,1.172326619780506e-06,1.666922873327436,0.509744541985648,0.5477568427956834,1.7563488483428955,0.0,1.7563488483428955,1.7563488483428955
582,74496,61.95110893762112,1269,1.7563488483428955,0.0,1.7563488483428955,1.7563488483428955,500.0,0.0,500.0,500.0,13.501996994018555,0.42724621295928955,-0.20359352231025696,0.021597467362880707,8.89231296525602,0.002433805027976632,0.0,0.0,1.9061616285398486e-06,1.6672777962396987,0.5099629291466304,0.5478455868951503,1.7563488483428955,0.0,1.7563488483428955,1.7563488483428955
583,74624,61.2888726528823,1271,6.724554061889648,0.0,6.724554061889648,6.724554061889648,500.0,0.0,500.0,500.0,13.503511428833008,0.5186879634857178,-0.5593624711036682,0.30680492520332336,18.391222807628296,0.008218085393309593,0.0,0.0,2.184869117627386e-06,1.6677070756653367,0.5102229203496661,0.5479502046063716,6.724554061889648,0.0,6.724554061889648,6.724554061889648
584,74752,63.575790438862505,1273,6.724554061889648,0.0,6.724554061889648,6.724554061889648,500.0,0.0,500.0,500.0,13.505754470825195,0.648085355758667,0.005227035377174616,0.011685092002153397,32.07657412905908,0.025974594056606293,0.0,0.0,3.182010686941794e-06,1.6682092721609756,0.5105229318141937,0.5480698764811911,6.724554061889648,0.0,6.724554061889648,6.724554061889648
585,74880,63.14416055410856,1275,6.724554061889648,0.0,6.724554061889648,6.724554061889648,500.0,0.0,500.0,500.0,13.508306503295898,0.691956639289856,-0.03567095100879669,0.0005136372055858374,9.949619736706119,0.0165092870593071,0.0,0.0,1.7138622752099764e-06,1.6688953642429465,0.5109340420791081,0.548234176355318,6.724554061889648,0.0,6.724554061889648,6.724554061889648
586,75008,62.31960254445838,1277,7.965188503265381,0.0,7.965188503265381,7.965188503265381,500.0,0.0,500.0,500.0,13.514286994934082,0.5557034611701965,0.11489411443471909,0.024194225668907166,12.393025838887306,0.007357926107943058,0.0,0.0,1.1633010217337869e-05,1.6707665599275348,0.5120352634361812,0.5486690679983144,7.965188503265381,0.0,7.965188503265381,7.965188503265381
587,75136,62.30155167003663,1279,7.965188503265381,0.0,7.965188503265381,7.965188503265381,500.0,0.0,500.0,500.0,13.522643089294434,0.35838282108306885,-0.20388337969779968,0.12317029386758804,3.8489783570041523,0.0020116050727665424,0.0,0.0,2.2689451725455e-05,1.672526063689647,0.5130667431013924,0.5490753420951855,7.965188503265381,0.0,7.965188503265381,7.965188503265381
588,75264,62.44004250665518,1282,7.965188503265381,0.0,7.965188503265381,7.965188503265381,500.0,0.0,500.0,500.0,13.527557373046875,0.3841404318809509,-0.13217520713806152,0.010605267249047756,3.6237069389178553,0.001133041805587709,0.0,0.0,8.467850420856848e-06,1.673648931494306,0.5137305940900531,0.5493382637388359,7.965188503265381,0.0,7.965188503265381,7.965188503265381
589,75392,61.121229695074035,1284,7.965188503265381,0.0,7.965188503265381,7.965188503265381,500.0,0.0,500.0,500.0,13.532451629638672,0.5095804929733276,-0.08129724860191345,0.0008434147457592189,22.596018209736112,0.011678642593324184,0.0,0.0,5.148709988134215e-06,1.6748776838381656,0.5144631309168679,0.5496300217286424,7.965188503265381,0.0,7.965188503265381,7.965188503265381
590,75520,61.52500102852822,1286,6.42620325088501,0.0,6.42620325088501,6.42620325088501,500.0,0.0,500.0,500.0,13.536980628967285,0.5205823183059692,-0.001214946387335658,0.01557102706283331,36.40980407268985,0.02527754008769989,0.0,0.0,2.772556854324648e-06,1.6758389800988318,0.5150334664753505,0.5498564958889534,6.42620325088501,0.0,6.42620325088501,6.42620325088501
591,75648,60.37891673072457,1288,6.42620325088501,0.0,6.42620325088501,6.42620325088501,500.0,0.0,500.0,500.0,13.540557861328125,0.5462242364883423,0.070850670337677,0.003417734522372484,2.662911585153125,0.00469391793012619,0.0,0.0,1.4121079630058375e-06,1.6768230679055418,0.5156155696937016,0.550087199006725,6.42620325088501,0.0,6.42620325088501,6.42620325088501
592,75776,61.7379693558848,1290,6.42620325088501,0.0,6.42620325088501,6.42620325088501,500.0,0.0,500.0,500.0,13.546714782714844,0.4827021062374115,-0.05689362436532974,0.012078510597348213,22.197138391461344,0.009758250787854195,0.0,0.0,5.857933501829393e-06,1.678443439530607,0.5165729522705078,0.5504663730767297,6.42620325088501,0.0,6.42620325088501,6.42620325088501
593,75904,61.2350313924955,1293,6.42620325088501,0.0,6.42620325088501,6.42620325088501,500.0,0.0,500.0,500.0,13.553447723388672,0.5188526511192322,-0.06240950897336006,0.0013494888553395867,36.23696656758835,0.02427498809993267,0.0,0.0,4.095902113476768e-06,1.6799577444222993,0.5174655020236969,0.5508193160735197,6.42620325088501,0.0,6.42620325088501,6.42620325088501
594,76032,61.93022741817823,1295,3.109445095062256,0.0,3.109445095062256,3.109445095062256,500.0,0.0,500.0,500.0,13.560264587402344,0.506739616394043,0.059216201305389404,0.017449427396059036,5.99714220873421,0.003491273382678628,0.0,0.0,4.653227733797394e-06,1.6818034380338591,0.5185582297188895,0.5512526813965433,3.109445095062256,0.0,3.109445095062256,3.109445095062256
595,76160,62.67142181249408,1297,3.109445095062256,0.0,3.109445095062256,3.109445095062256,500.0,0.0,500.0,500.0,13.569279670715332,0.5331707000732422,-0.10726229846477509,0.019575700163841248,9.000293983726879,0.0050186896696686745,0.0,0.0,9.427913937543053e-06,1.6839322105794945,0.5198158025741577,0.5517507127490238,3.109445095062256,0.0,3.109445095062256,3.109445095062256
596,76288,59.25590157402532,1299,3.109445095062256,0.0,3.109445095062256,3.109445095062256,500.0,0.0,500.0,500.0,13.57632064819336,0.5361496210098267,0.04338856041431427,0.002094266237691045,0.297877022749266,0.0038614554796367884,0.0,0.0,5.269640496408101e-06,1.6858233877362068,0.5209352076053619,0.5521946088424656,3.109445095062256,0.0,3.109445095062256,3.109445095062256
597,76416,59.139622455283224,1301,3.109445095062256,0.0,3.109445095062256,3.109445095062256,500.0,0.0,500.0,500.0,13.586074829101562,0.2242003232240677,0.03737848997116089,0.02535143680870533,4.774877741197595,0.004616330843418837,0.0,0.0,1.2630534001800697e-05,1.6879890356942557,0.5222226253577641,0.5527065881058338,3.109445095062256,0.0,3.109445095062256,3.109445095062256
598,76544,62.835581074522075,1303,2.4374446868896484,0.0,2.4374446868896484,2.4374446868896484,500.0,0.0,500.0,500.0,13.593259811401367,0.14296704530715942,0.028751514852046967,0.0027967719361186028,30.037902966482754,0.02524537779390812,0.0,0.0,3.911834483005805e-06,1.6895662235259048,0.5231590952192035,0.553078712929392,2.4374446868896484,0.0,2.4374446868896484,2.4374446868896484
599,76672,62.1800604646697,1306,2.4374446868896484,0.0,2.4374446868896484,2.4374446868896484,500.0,0.0,500.0,500.0,13.596588134765625,0.4409405589103699,-0.4715712070465088,0.1955307126045227,8.674375197397504,0.0024072150699794292,0.0,0.0,3.950354948756285e-05,1.6901630418810012,0.523483042206083,0.5531995502070293,2.4374446868896484,0.0,2.4374446868896484,2.4374446868896484
600,76800,61.09429833794932,1308,2.4374446868896484,0.0,2.4374446868896484,2.4374446868896484,500.0,0.0,500.0,500.0,13.59856128692627,0.6664666533470154,0.025542665272951126,0.03804755210876465,3.9815042449752944,0.015094860456883907,0.0,0.0,1.75954592123162e-05,1.6907888394644488,0.5238240872110639,0.5533271907052948,2.4374446868896484,0.0,2.4374446868896484,2.4374446868896484
601,76928,62.22235573691301,1310,2.4374446868896484,0.0,2.4374446868896484,2.4374446868896484,500.0,0.0,500.0,500.0,13.60195541381836,0.6784583926200867,-0.03599553927779198,0.0018914764514192939,5.408434552232538,0.0146936671808362,0.0,0.0,6.3244838202081155e-06,1.6916858428746064,0.5243309353079114,0.5535219645288675,2.4374446868896484,0.0,2.4374446868896484,2.4374446868896484
602,77056,60.61529175554625,1312,7.128211498260498,0.0,7.128211498260498,7.128211498260498,500.0,0.0,500.0,500.0,13.605584144592285,0.6406210064888,-0.026913806796073914,0.04437020793557167,5.250186293783106,0.010671804659068584,0.0,0.0,2.19800108425261e-06,1.6925711001146548,0.5248434543609619,0.5537222806168208,7.128211498260498,0.0,7.128211498260498,7.128211498260498
603,77184,61.155498529181266,1314,7.128211498260498,0.0,7.128211498260498,7.128211498260498,500.0,0.0,500.0,500.0,13.601079940795898,0.8296024799346924,-0.9081758260726929,1.1633764505386353,17.66836829106272,0.02996104024350643,0.0,0.0,1.931529914145358e-05,1.6903804517807945,0.5235183749880109,0.5531894207272459,7.128211498260498,0.0,7.128211498260498,7.128211498260498
604,77312,61.89904570689162,1317,7.128211498260498,0.0,7.128211498260498,7.128211498260498,500.0,0.0,500.0,500.0,13.589295387268066,1.0243412256240845,0.012295231223106384,0.02380557917058468,17.328589536821248,0.06047829985618591,0.0,0.0,4.156094291829504e-05,1.6880532389501568,0.5221058002540043,0.5526201202299464,7.128211498260498,0.0,7.128211498260498,7.128211498260498
605,77440,61.15884949517008,1319,7.128211498260498,0.0,7.128211498260498,7.128211498260498,500.0,0.0,500.0,500.0,13.58430004119873,0.9234380125999451,0.06304480880498886,0.003646294353529811,8.952556010987777,0.041919805109500885,0.0,0.0,7.6080800681666005e-06,1.6872787284396296,0.5216302275657654,0.5524270470467616,7.128211498260498,0.0,7.128211498260498,7.128211498260498
606,77568,61.16943427114077,1321,10.574676513671875,0.0,10.574676513671875,10.574676513671875,500.0,0.0,500.0,500.0,13.58201789855957,0.649515688419342,0.09825782477855682,0.08995295315980911,4.4980643264005185,0.012627409771084785,0.0,0.0,1.4483637642115355e-05,1.6865606535543425,0.5212250096457345,0.5522714713481027,10.574676513671875,0.0,10.574676513671875,10.574676513671875
607,77696,61.0267823082082,1323,10.574676513671875,0.0,10.574676513671875,10.574676513671875,500.0,0.0,500.0,500.0,13.579572677612305,0.4601525068283081,-0.006792297586798668,0.01706624962389469,17.00700732987241,0.006016298197209835,0.0,0.0,1.4191486116033047e-05,1.686069933683882,0.5209605523518154,0.5521733431343903,10.574676513671875,0.0,10.574676513671875,10.574676513671875
608,77824,61.96251324521923,1325,10.574676513671875,0.0,10.574676513671875,10.574676513671875,500.0,0.0,500.0,500.0,13.578987121582031,0.3970593512058258,0.00644637830555439,0.0006508771912194788,9.01388230117969,0.0022552136797457933,0.0,0.0,4.530004389380338e-06,1.685991848174806,0.5209307372570038,0.5521657772389968,10.574676513671875,0.0,10.574676513671875,10.574676513671875
609,77952,61.71114447098419,1327,10.574676513671875,0.0,10.574676513671875,10.574676513671875,500.0,0.0,500.0,500.0,13.579877853393555,0.37204843759536743,0.03291641175746918,0.0010235108202323318,3.3873339793701804,0.0012976336292922497,0.0,0.0,2.1033706616435666e-06,1.6862887393975607,0.5211164908749717,0.5522420336498607,10.574676513671875,0.0,10.574676513671875,10.574676513671875
610,78080,61.11368763510568,1330,2.7677128314971924,0.0,2.7677128314971924,2.7677128314971924,500.0,0.0,500.0,500.0,13.581798553466797,0.3609248995780945,0.00020821622456423938,0.02120736427605152,9.290643114508633,0.0034078448079526424,0.0,0.0,7.735338272141234e-07,1.6867471243240169,0.5213921112673623,0.5523524414668708,2.7677128314971924,0.0,2.7677128314971924,2.7677128314971924
611,78208,61.710378388220114,1332,2.7677128314971924,0.0,2.7677128314971924,2.7677128314971924,500.0,0.0,500.0,500.0,13.583505630493164,0.40883350372314453,-0.15874996781349182,0.04665617272257805,44.42832347701171,0.029282350093126297,0.0,0.0,5.371699671741226e-07,1.6871073250437687,0.5216049935136523,0.5524367828933571,2.7677128314971924,0.0,2.7677128314971924,2.7677128314971924
612,78336,61.40147417269926,1334,2.7677128314971924,0.0,2.7677128314971924,2.7677128314971924,500.0,0.0,500.0,500.0,13.585074424743652,0.5444874167442322,-0.18783162534236908,0.03617904707789421,82.35492721646978,0.12269967794418335,0.0,0.0,7.230352707665588e-07,1.6875052735809963,0.5218401764120374,0.552529968037667,2.7677128314971924,0.0,2.7677128314971924,2.7677128314971924
613,78464,60.92614021692651,1336,2.7677128314971924,0.0,2.7677128314971924,2.7677128314971924,500.0,0.0,500.0,500.0,13.589764595031738,0.5680909156799316,-0.11931970715522766,0.005002925638109446,67.64349085567383,0.06531725823879242,0.0,0.0,8.308277756441385e-06,1.68929174949587,0.5229234397411346,0.5529662410323946,2.7677128314971924,0.0,2.7677128314971924,2.7677128314971924
614,78592,61.342857740273594,1338,7.355276584625244,0.0,7.355276584625244,7.355276584625244,500.0,0.0,500.0,500.0,13.601034164428711,1.0021088123321533,-0.01759115234017372,0.07066501677036285,48.670304467216425,0.08086982369422913,0.0,0.0,1.8200600607087836e-05,1.69168790811069,0.5243767414774213,0.5535516177075103,7.355276584625244,0.0,7.355276584625244,7.355276584625244
615,78720,62.47050694729689,1341,7.355276584625244,0.0,7.355276584625244,7.355276584625244,500.0,0.0,500.0,500.0,13.608627319335938,1.1450762748718262,-0.2830820083618164,0.04487350210547447,23.54145656465745,0.09305956959724426,0.0,0.0,8.128229637804907e-06,1.6933070111125235,0.5253597540514809,0.5539478137887139,7.355276584625244,0.0,7.355276584625244,7.355276584625244
616,78848,60.827159591628124,1343,7.355276584625244,0.0,7.355276584625244,7.355276584625244,500.0,0.0,500.0,500.0,13.614019393920898,1.1478475332260132,0.05524664372205734,0.009815184399485588,23.138142393455137,0.0926336720585823,0.0,0.0,5.787671852885978e-06,1.6945169714804582,0.526091571365084,0.5542420619207984,7.355276584625244,0.0,7.355276584625244,7.355276584625244
617,78976,58.924229586241474,1345,7.355276584625244,0.0,7.355276584625244,7.355276584625244,500.0,0.0,500.0,500.0,13.618307113647461,1.0022823810577393,0.028192082419991493,0.005175152327865362,25.330197272246778,0.060664478689432144,0.0,0.0,2.00805379790836e-06,1.695466422408789,0.5266627711909158,0.5544709580424965,7.355276584625244,0.0,7.355276584625244,7.355276584625244
618,79104,61.71921077441976,1347,7.65564489364624,0.0,7.65564489364624,7.65564489364624,500.0,0.0,500.0,500.0,13.621788024902344,0.7751992344856262,0.16412849724292755,0.032438863068819046,9.585116775356436,0.02401052601635456,0.0,0.0,2.961046220661956e-06,1.6962970672332323,0.5271601974964142,0.5546697118886541,7.65564489364624,0.0,7.65564489364624,7.65564489364624
619,79232,61.78875204242513,1349,7.65564489364624,0.0,7.65564489364624,7.65564489364624,500.0,0.0,500.0,500.0,13.625097274780273,0.588735044002533,0.07095792144536972,0.0019141027005389333,7.397269633609996,0.007804610766470432,0.0,0.0,1.9304525267216377e-06,1.6970639721110174,0.5276172033378056,0.5548517406078822,7.65564489364624,0.0,7.65564489364624,7.65564489364624
620,79360,61.1031151871491,1351,7.65564489364624,0.0,7.65564489364624,7.65564489364624,500.0,0.0,500.0,500.0,13.62843132019043,0.4715568423271179,0.008126342669129372,0.007779324427247047,45.78452464623352,0.03043285198509693,0.0,0.0,1.6316226947310497e-06,1.6978707592117683,0.5280950324875968,0.555041299807986,7.65564489364624,0.0,7.65564489364624,7.65564489364624
621,79488,62.2738737376069,1354,7.65564489364624,0.0,7.65564489364624,7.65564489364624,500.0,0.0,500.0,500.0,13.634485244750977,0.42513054609298706,0.009952557273209095,0.00167577073443681,45.41498945842397,0.02995038963854313,0.0,0.0,5.7762040341913234e-06,1.6996149384818973,0.5291235446929932,0.5554481443603708,7.65564489364624,0.0,7.65564489364624,7.65564489364624
622,79616,61.22191048937875,1356,1.7273143529891968,0.0,1.7273143529891968,1.7273143529891968,500.0,0.0,500.0,500.0,13.641237258911133,0.5668525695800781,-0.7542058229446411,0.9048153162002563,7.4175221370161495,0.005398883484303951,0.0,0.0,8.288644494314212e-06,1.7010447287784742,0.5299850830010006,0.5557938183772345,1.7273143529891968,0.0,1.7273143529891968,1.7273143529891968
623,79744,60.94790675339168,1358,1.7273143529891968,0.0,1.7273143529891968,1.7273143529891968,500.0,0.0,500.0,500.0,13.641895294189453,1.0573116540908813,-0.22888249158859253,0.053731903433799744,24.828743381729534,0.0786140039563179,0.0,0.0,5.8645240642363206e-05,1.7008218940381288,0.5298662568841662,0.5557501551468668,1.7273143529891968,0.0,1.7273143529891968,1.7273143529891968
624,79872,60.956958240802,1360,1.7273143529891968,0.0,1.7273143529891968,1.7273143529891968,500.0,0.0,500.0,500.0,13.641338348388672,1.3431639671325684,-0.47899800539016724,0.4285619258880615,46.45969836539439,0.13738037645816803,0.0,0.0,2.4604005375294946e-05,1.700749315717253,0.5298312434128353,0.555738356375307,1.7273143529891968,0.0,1.7273143529891968,1.7273143529891968
625,80000,61.134251782230024,1362,18.348588943481445,0.0,18.348588943481445,18.348588943481445,500.0,0.0,500.0,500.0,13.641719818115234,1.309080958366394,0.1200726330280304,0.114417664706707,40.127730248500825,0.1596681773662567,0.0,0.0,6.4351265791628975e-06,1.7008593302069315,0.5299025177955627,0.555768221288335,18.348588943481445,0.0,18.348588943481445,18.348588943481445
626,80128,61.1523568967,1364,18.348588943481445,0.0,18.348588943481445,18.348588943481445,500.0,0.0,500.0,500.0,13.642770767211914,1.3008538484573364,0.1897483468055725,0.02215619944036007,10.434540759070174,0.11903749406337738,0.0,0.0,2.434809630358359e-06,1.7011732180075871,0.5300891654832023,0.5558424794343189,18.348588943481445,0.0,18.348588943481445,18.348588943481445
627,80256,59.700481944323975,1367,18.348588943481445,0.0,18.348588943481445,18.348588943481445,500.0,0.0,500.0,500.0,13.646467208862305,0.6217122673988342,0.16737963259220123,0.19491685926914215,28.554852523469155,0.04808072745800018,0.0,0.0,4.844467548537068e-05,1.7022050520454155,0.5307145416736603,0.5560942656162988,18.348588943481445,0.0,18.348588943481445,18.348588943481445
628,80384,59.89882719574177,1369,18.348588943481445,0.0,18.348588943481445,18.348588943481445,500.0,0.0,500.0,500.0,13.650449752807617,0.18145886063575745,0.03316766768693924,0.06722009927034378,47.76882926073743,0.04435152933001518,0.0,0.0,2.1118807126185857e-05,1.7030755105494015,0.5312406463282449,0.556305711857224,18.348588943481445,0.0,18.348588943481445,18.348588943481445
629,80512,59.06205735435612,1371,0.7429491877555847,0.0,0.7429491877555847,0.7429491877555847,500.0,0.0,500.0,500.0,13.653434753417969,0.23812364041805267,0.041475456207990646,0.004534748382866383,35.33642570637672,0.024510065093636513,0.0,0.0,5.89167621001252e-06,1.7037482298935782,0.53164490205901,0.5564675922509927,0.7429491877555847,0.0,0.7429491877555847,0.7429491877555847
630,80640,59.42339821523128,1374,0.7429491877555847,0.0,0.7429491877555847,0.7429491877555847,500.0,0.0,500.0,500.0,13.655860900878906,0.268909752368927,0.013739675283432007,0.0009392698993906379,49.80445372375281,0.04571903496980667,0.0,0.0,9.932513194144121e-07,1.704295142939331,0.5319717356136867,0.5565980050438394,0.7429491877555847,0.0,0.7429491877555847,0.7429491877555847
631,80768,59.68148790931391,1376,0.7429491877555847,0.0,0.7429491877555847,0.7429491877555847,500.0,0.0,500.0,500.0,13.657571792602539,0.30578139424324036,-0.1747150421142578,0.018662167713046074,41.649182325149866,0.029470104724168777,0.0,0.0,1.340793346571445e-06,1.70466170521638,0.532187819480896,0.5566834614172379,0.7429491877555847,0.0,0.7429491877555847,0.7429491877555847
632,80896,60.801994694344984,1378,0.7429491877555847,0.0,0.7429491877555847,0.7429491877555847,500.0,0.0,500.0,500.0,13.65928840637207,0.6808350086212158,-0.158674955368042,0.127313032746315,10.647754305270654,0.013355929404497147,0.0,0.0,3.102493428741582e-05,1.7051218483261743,0.5324531665870121,0.5567869236495477,0.7429491877555847,0.0,0.7429491877555847,0.7429491877555847
633,81024,59.93873748268671,1380,5.732455253601074,0.0,5.732455253601074,5.732455253601074,500.0,0.0,500.0,500.0,13.660965919494629,0.3902584910392761,-0.12117418646812439,0.08258439600467682,25.723401836504515,0.01044792216271162,0.0,0.0,4.178847120783757e-06,1.7055148825301187,0.5326780251094273,0.5568741135982244,5.732455253601074,0.0,5.732455253601074,5.732455253601074
634,81152,61.22325793345427,1382,5.732455253601074,0.0,5.732455253601074,5.732455253601074,500.0,0.0,500.0,500.0,13.662410736083984,0.5240966081619263,-0.00751847866922617,0.0036520769353955984,37.2458094510248,0.02119326777756214,0.0,0.0,2.467751301082899e-06,1.7058775346522774,0.5328860112598964,0.5569548850018331,5.732455253601074,0.0,5.732455253601074,5.732455253601074
635,81280,60.413350532209805,1385,5.732455253601074,0.0,5.732455253601074,5.732455253601074,500.0,0.0,500.0,500.0,13.664009094238281,0.6449294686317444,-0.14147807657718658,0.025279531255364418,5.221972990648123,0.01083769928663969,0.0,0.0,4.165824975643773e-06,1.7062911005600654,0.5331277293818337,0.5570499589586638,5.732455253601074,0.0,5.732455253601074,5.732455253601074
636,81408,61.362349044614525,1387,5.732455253601074,0.0,5.732455253601074,5.732455253601074,500.0,0.0,500.0,500.0,13.6657075881958,0.6910902261734009,-0.06985527276992798,0.002700936049222946,5.319724994590765,0.012662706896662712,0.0,0.0,1.5950342913129134e-06,1.7067224367861331,0.5333821475505829,0.5571506304194659,5.732455253601074,0.0,5.732455253601074,5.732455253601074
637,81536,62.25579158660564,1389,5.389038562774658,0.0,5.389038562774658,5.389038562774658,500.0,0.0,500.0,500.0,13.667922973632812,0.5250707268714905,0.09293429553508759,0.02125513181090355,42.44421051067493,0.027116181328892708,0.0,0.0,4.921734671370359e-06,1.707272977097356,0.5336966472012656,0.5572724371155772,5.389038562774658,0.0,5.389038562774658,5.389038562774658
638,81664,61.143323889714196,1391,5.389038562774658,0.0,5.389038562774658,5.389038562774658,500.0,0.0,500.0,500.0,13.670120239257812,0.5380906462669373,-0.2355223149061203,0.07879489660263062,23.449672623239966,0.0124149639159441,0.0,0.0,9.07030198504799e-07,1.7078284810245123,0.5340154000691005,0.5573962531355497,5.389038562774658,0.0,5.389038562774658,5.389038562774658
639,81792,61.23723854708063,1393,5.389038562774658,0.0,5.389038562774658,5.389038562774658,500.0,0.0,500.0,500.0,13.672124862670898,0.5825130343437195,-0.1491280496120453,0.007060041651129723,9.5229812209011,0.006570572033524513,0.0,0.0,2.850115151886712e-06,1.7082764060277609,0.534284234046936,0.5575038030338283,5.389038562774658,0.0,5.389038562774658,5.389038562774658
640,81920,61.70349159084909,1395,5.389038562774658,0.0,5.389038562774658,5.389038562774658,500.0,0.0,500.0,500.0,13.674165725708008,0.737463653087616,-0.07801108062267303,0.001622426207177341,3.086588317841338,0.01548850815743208,0.0,0.0,5.196784059080528e-06,1.7088170325033971,0.5346142607075828,0.5576372493778992,5.389038562774658,0.0,5.389038562774658,5.389038562774658
641,82048,62.32542647168938,1398,6.571187496185303,0.0,6.571187496185303,6.571187496185303,500.0,0.0,500.0,500.0,13.677925109863281,0.6422189474105835,0.05751010775566101,0.03930538147687912,30.483431020408307,0.018664447590708733,0.0,0.0,4.192011147097219e-06,1.7098085237782168,0.5352044531277248,0.5578721523549822,6.571187496185303,0.0,6.571187496185303,6.571187496185303
642,82176,62.177957652072955,1400,6.571187496185303,0.0,6.571187496185303,6.571187496185303,500.0,0.0,500.0,500.0,13.679920196533203,0.716157078742981,-0.5414069890975952,0.4716876149177551,26.840317382105855,0.028248321264982224,0.0,0.0,1.0845225006050896e-05,1.710025812746828,0.5353257145200457,0.5579182924406468,6.571187496185303,0.0,6.571187496185303,6.571187496185303
643,82304,62.05605089680996,1402,6.571187496185303,0.0,6.571187496185303,6.571187496185303,500.0,0.0,500.0,500.0,13.680074691772461,0.8576446771621704,0.06325846910476685,0.02437613345682621,33.567044312284104,0.04708776995539665,0.0,0.0,8.52426001074491e-06,1.7101256845919388,0.5353741432939257,0.5579346867198377,6.571187496185303,0.0,6.571187496185303,6.571187496185303
644,82432,64.04577857116612,1404,6.571187496185303,0.0,6.571187496185303,6.571187496185303,500.0,0.0,500.0,500.0,13.680952072143555,0.8383583426475525,0.10113076865673065,0.002474060747772455,6.659122190130868,0.02664722129702568,0.0,0.0,1.809780201256217e-06,1.7104295910511644,0.5355450468403953,0.558000112406122,6.571187496185303,0.0,6.571187496185303,6.571187496185303
645,82560,63.007360489345736,1406,6.4457526206970215,0.0,6.4457526206970215,6.4457526206970215,500.0,0.0,500.0,500.0,13.682836532592773,0.7192589640617371,0.12416407465934753,0.0452398955821991,13.478760059448556,0.016496188938617706,0.0,0.0,4.983197413821472e-06,1.7109220083968766,0.5358312342848096,0.5581122047331621,6.4457526206970215,0.0,6.4457526206970215,6.4457526206970215
646,82688,59.719474787205165,1408,6.4457526206970215,0.0,6.4457526206970215,6.4457526206970215,500.0,0.0,500.0,500.0,13.685656547546387,0.6869803667068481,-0.14366039633750916,0.03861216455698013,9.310512431483456,0.012501077726483345,0.0,0.0,2.5884078240778763e-06,1.7116901143473342,0.5362768684114728,0.5582865776638112,6.4457526206970215,0.0,6.4457526206970215,6.4457526206970215
647,82816,57.654276178408686,1411,6.4457526206970215,0.0,6.4457526206970215,6.4457526206970215,500.0,0.0,500.0,500.0,13.689029693603516,0.6490115523338318,-0.005128111224621534,0.0006221006042324007,2.501878957744433,0.007803771179169416,0.0,0.0,1.7914825320985983e-06,1.7125869306342547,0.5367972297327859,0.5584902232286671,6.4457526206970215,0.0,6.4457526206970215,6.4457526206970215
648,82944,62.533345975017454,1413,6.4457526206970215,0.0,6.4457526206970215,6.4457526206970215,500.0,0.0,500.0,500.0,13.693096160888672,0.5793313980102539,0.04826144874095917,0.00027684884844347835,22.92567815474629,0.011229616589844227,0.0,0.0,2.0491352188400924e-06,1.7135300844174348,0.5373452178069523,0.5587048810994533,6.4457526206970215,0.0,6.4457526206970215,6.4457526206970215
649,83072,62.82105968686761,1415,4.375816822052002,0.0,4.375816822052002,4.375816822052002,500.0,0.0,500.0,500.0,13.69857406616211,0.6082244515419006,-0.16150447726249695,0.14656572043895721,41.725553578697244,0.027333198115229607,0.0,0.0,7.5077668952872045e-06,1.715298536169387,0.5383779193673816,0.5591107860087078,4.375816822052002,0.0,4.375816822052002,4.375816822052002
650,83200,60.358911803308104,1417,4.375816822052002,0.0,4.375816822052002,4.375816822052002,500.0,0.0,500.0,500.0,13.707653999328613,0.7650906443595886,-0.47894948720932007,0.28538593649864197,17.959523937955083,0.019612057134509087,0.0,0.0,2.5332332370453514e-05,1.7172942617046734,0.5395393456731524,0.5595662861736634,4.375816822052002,0.0,4.375816822052002,4.375816822052002
651,83328,60.31362221405115,1419,4.375816822052002,0.0,4.375816822052002,4.375816822052002,500.0,0.0,500.0,500.0,13.713178634643555,0.8389267921447754,-0.17394912242889404,0.006974887568503618,6.605598627815614,0.025422433391213417,0.0,0.0,1.0291113540006336e-05,1.7184431835694214,0.5402024388313293,0.5598249420101641,4.375816822052002,0.0,4.375816822052002,4.375816822052002
652,83456,61.71530151092853,1422,4.375816822052002,0.0,4.375816822052002,4.375816822052002,500.0,0.0,500.0,500.0,13.716283798217773,0.9747017621994019,-0.16042792797088623,0.058152686804533005,7.998810241706815,0.043303925544023514,0.0,0.0,8.162957783497404e-06,1.719230935274178,0.5406555959156581,0.560001316336358,4.375816822052002,0.0,4.375816822052002,4.375816822052002
653,83584,61.90434159856993,1424,13.50815486907959,0.0,13.50815486907959,13.50815486907959,500.0,0.0,500.0,500.0,13.719491958618164,0.9705578684806824,0.06750103086233139,0.09145727753639221,2.2443820952458347,0.04115027189254761,0.0,0.0,3.348327709318255e-06,1.7200011002957172,0.5411016259874616,0.560175697109805,13.50815486907959,0.0,13.50815486907959,13.50815486907959
654,83712,61.155303473864116,1426,13.50815486907959,0.0,13.50815486907959,13.50815486907959,500.0,0.0,500.0,500.0,13.72230339050293,0.7637684345245361,0.06159667670726776,0.019313490018248558,6.030135570411038,0.015966182574629784,0.0,0.0,5.180884727451485e-06,1.720648303627504,0.5414785742759705,0.5603236509256637,13.50815486907959,0.0,13.50815486907959,13.50815486907959
655,83840,61.003815643730235,1428,13.50815486907959,0.0,13.50815486907959,13.50815486907959,500.0,0.0,500.0,500.0,13.724944114685059,0.5664259791374207,0.0837230533361435,0.0023012084420770407,12.891454882742092,0.006305747199803591,0.0,0.0,2.141477807526826e-06,1.7213256664783034,0.5418717222554343,0.5604776061999706,13.50815486907959,0.0,13.50815486907959,13.50815486907959
656,83968,61.865806498301275,1430,13.50815486907959,0.0,13.50815486907959,13.50815486907959,500.0,0.0,500.0,500.0,13.728389739990234,0.36056703329086304,0.05466923862695694,0.01628733053803444,27.55436226746975,0.011268669739365578,0.0,0.0,5.318131115927827e-06,1.7222091327446551,0.5423844073499952,0.5606783329886905,13.50815486907959,0.0,13.50815486907959,13.50815486907959
657,84096,61.60871515057485,1433,2.337245464324951,0.0,2.337245464324951,2.337245464324951,500.0,0.0,500.0,500.0,13.732420921325684,0.10256276279687881,0.060574013739824295,0.06076986342668533,34.176063425681335,0.03457649052143097,0.0,0.0,8.776180948188994e-06,1.7231938275245973,0.542961482490812,0.560905701182456,2.337245464324951,0.0,2.337245464324951,2.337245464324951
658,84224,61.61891873310883,1435,2.337245464324951,0.0,2.337245464324951,2.337245464324951,500.0,0.0,500.0,500.0,13.7369966506958,0.34482723474502563,-0.009359937161207199,0.060941681265830994,4.228610167858321,0.00302589638158679,0.0,0.0,9.980120012187399e-06,1.7244152102173451,0.5436745073114123,0.5611859136345354,2.337245464324951,0.0,2.337245464324951,2.337245464324951
659,84352,61.87457646926082,1437,2.337245464324951,0.0,2.337245464324951,2.337245464324951,500.0,0.0,500.0,500.0,13.743415832519531,0.2621419131755829,0.004907848313450813,9.554901771480218e-05,11.848996091744205,0.007310821674764156,0.0,0.0,3.88068838219624e-06,1.7262182164922752,0.5447231318269458,0.5615969975712557,2.337245464324951,0.0,2.337245464324951,2.337245464324951
660,84480,62.27539068934206,1439,2.337245464324951,0.0,2.337245464324951,2.337245464324951,500.0,0.0,500.0,500.0,13.751592636108398,0.3798053562641144,0.007778633385896683,0.00835414882749319,15.19515493939381,0.003802062012255192,0.0,0.0,6.1007749536656775e-06,1.7281008912890787,0.5458155913012368,0.5620246194192505,2.337245464324951,0.0,2.337245464324951,2.337245464324951
661,84608,62.08110180788483,1441,1.1655503511428833,0.0,1.1655503511428833,1.1655503511428833,500.0,0.0,500.0,500.0,13.75657844543457,0.5652951002120972,-0.2545149624347687,0.1307430863380432,24.37617116527196,0.013197128660976887,0.0,0.0,4.048944447276881e-06,1.729088742563249,0.5463886218411582,0.5622489132167586,1.1655503511428833,0.0,1.1655503511428833,1.1655503511428833
662,84736,60.86385234983023,1443,1.1655503511428833,0.0,1.1655503511428833,1.1655503511428833,500.0,0.0,500.0,500.0,13.759211540222168,0.7120711803436279,-0.2488420158624649,0.07708290964365005,30.106640179445225,0.026685891672968864,0.0,0.0,4.201198407827178e-06,1.7297024153694396,0.5467463476317269,0.5623894110023483,1.1655503511428833,0.0,1.1655503511428833,1.1655503511428833
663,84864,60.44001136140143,1446,1.1655503511428833,0.0,1.1655503511428833,1.1655503511428833,500.0,0.0,500.0,500.0,13.766194343566895,1.1406646966934204,-1.5194482803344727,2.4761383533477783,9.988507037673992,0.07700394093990326,0.0,0.0,5.851212335983291e-05,1.7317842351180137,0.5479845021452222,0.5628820359502379,1.1655503511428833,0.0,1.1655503511428833,1.1655503511428833
664,84992,59.51994458547029,1448,1.1655503511428833,0.0,1.1655503511428833,1.1655503511428833,500.0,0.0,500.0,500.0,13.774677276611328,1.5211422443389893,-0.5715718269348145,0.3913240134716034,35.866721639576966,0.17159582674503326,0.0,0.0,6.290766032179818e-05,1.7337766758460322,0.5491614937782288,0.5633482780184341,1.1655503511428833,0.0,1.1655503511428833,1.1655503511428833
665,85120,61.36548423407977,1450,25.963071823120117,0.0,25.963071823120117,25.963071823120117,500.0,0.0,500.0,500.0,13.781381607055664,1.555310845375061,0.2821321487426758,0.14920878410339355,16.642653949204227,0.20983582735061646,0.0,0.0,2.2367310521076433e-05,1.7351685740657334,0.5499804360525948,0.5636718386429552,25.963071823120117,0.0,25.963071823120117,25.963071823120117
666,85248,60.8606371203571,1452,25.963071823120117,0.0,25.963071823120117,25.963071823120117,500.0,0.0,500.0,500.0,13.785558700561523,1.5923488140106201,0.2047126293182373,0.07751403003931046,51.155086639413454,0.1826547235250473,0.0,0.0,1.1633467693172861e-05,1.7362086167849344,0.5505892889840263,0.5639115924443894,25.963071823120117,0.0,25.963071823120117,25.963071823120117
667,85376,62.68174628267415,1454,25.963071823120117,0.0,25.963071823120117,25.963071823120117,500.0,0.0,500.0,500.0,13.789520263671875,1.301570177078247,0.14870750904083252,0.021372081711888313,33.46816328263872,0.11781010776758194,0.0,0.0,1.6272404536721297e-05,1.7370986765219059,0.5511049500533513,0.5641132451715275,25.963071823120117,0.0,25.963071823120117,25.963071823120117
668,85504,62.786470694590015,1456,0.9525072574615479,0.0,0.9525072574615479,0.9525072574615479,500.0,0.0,500.0,500.0,13.790721893310547,0.6801997423171997,0.3349146842956543,0.15010395646095276,19.4189996687922,0.018059592694044113,0.0,0.0,9.064025653060526e-05,1.7371779451025329,0.5511555799416133,0.5641343344972837,0.9525072574615479,0.0,0.9525072574615479,0.9525072574615479
669,85632,62.159197066677194,1459,0.9525072574615479,0.0,0.9525072574615479,0.9525072574615479,500.0,0.0,500.0,500.0,13.791646957397461,0.2672298848628998,0.028402235358953476,0.034500811249017715,16.72780620554565,0.008549204096198082,0.0,0.0,1.787675682862755e-05,1.7375118795005104,0.5513506702014378,0.5642110869753799,0.9525072574615479,0.0,0.9525072574615479,0.9525072574615479
670,85760,61.97322066963332,1461,0.9525072574615479,0.0,0.9525072574615479,0.9525072574615479,500.0,0.0,500.0,500.0,13.793718338012695,0.3387908935546875,-0.039078760892152786,0.0031039442401379347,38.610705309522494,0.02160456031560898,0.0,0.0,6.914031473570503e-06,1.7380608414935115,0.5516725310257503,0.564337957221825,0.9525072574615479,0.0,0.9525072574615479,0.9525072574615479
671,85888,61.49428933479596,1463,0.9525072574615479,0.0,0.9525072574615479,0.9525072574615479,500.0,0.0,500.0,500.0,13.795862197875977,0.3810456693172455,-0.024633001536130905,0.0045210751704871655,22.794600403643738,0.008276935666799545,0.0,0.0,3.2879017908271635e-06,1.7385694694587834,0.5519696814673287,0.5644548062381873,0.9525072574615479,0.0,0.9525072574615479,0.9525072574615479
672,86016,62.49754513011928,1465,4.332341194152832,0.0,4.332341194152832,4.332341194152832,500.0,0.0,500.0,500.0,13.796061515808105,0.8288297057151794,-0.20862506330013275,0.09485948085784912,16.419733544676365,0.027524219825863838,0.0,0.0,3.559812103048898e-05,1.7384041698496076,0.5518864478383746,0.5644255341353952,4.332341194152832,0.0,4.332341194152832,4.332341194152832
673,86144,62.5682690714198,1467,4.332341194152832,0.0,4.332341194152832,4.332341194152832,500.0,0.0,500.0,500.0,13.795324325561523,0.458420068025589,-0.014506429433822632,0.05170547962188721,59.42597282810782,0.0371403805911541,0.0,0.0,1.1383911441953387e-05,1.738258171686305,0.5518127168927874,0.5643995356122427,4.332341194152832,0.0,4.332341194152832,4.332341194152832
674,86272,61.32220206720359,1469,4.332341194152832,0.0,4.332341194152832,4.332341194152832,500.0,0.0,500.0,500.0,13.795190811157227,0.4372539222240448,-0.01633928343653679,0.0071654971688985825,37.367876550031966,0.020960932597517967,0.0,0.0,9.881284768198384e-07,1.7382368337245349,0.5518071012837547,0.5643991002105376,4.332341194152832,0.0,4.332341194152832,4.332341194152832
675,86400,59.171919887306046,1472,4.332341194152832,0.0,4.332341194152832,4.332341194152832,500.0,0.0,500.0,500.0,13.7953519821167,0.5510415434837341,-0.20571094751358032,0.024314384907484055,82.09349021387243,0.06774786859750748,0.0,0.0,1.5992674207154778e-06,1.7382756449492531,0.5518339361463275,0.5644107324799547,4.332341194152832,0.0,4.332341194152832,4.332341194152832
676,86528,60.395775419038785,1474,11.030887603759766,0.0,11.030887603759766,11.030887603759766,500.0,0.0,500.0,500.0,13.79588508605957,0.7483935952186584,-0.6825363636016846,0.45508936047554016,36.74769671537963,0.030820176005363464,0.0,0.0,1.1953786270169076e-05,1.7384738052810216,0.5519489049911499,0.5644557445662557,11.030887603759766,0.0,11.030887603759766,11.030887603759766
677,86656,61.43363269119179,1476,11.030887603759766,0.0,11.030887603759766,11.030887603759766,500.0,0.0,500.0,500.0,13.797438621520996,0.7916445732116699,0.09166453778743744,0.01670719124376774,10.187948194058784,0.02153572253882885,0.0,0.0,1.5100075643204036e-06,1.7389232085735689,0.5522068909236363,0.5645560162913027,11.030887603759766,0.0,11.030887603759766,11.030887603759766
678,86784,61.891503123909146,1478,11.030887603759766,0.0,11.030887603759766,11.030887603759766,500.0,0.0,500.0,500.0,13.799617767333984,0.46783193945884705,0.10185743868350983,0.018755169585347176,20.380989775179604,0.007234526332467794,0.0,0.0,1.558663643663749e-05,1.7394471828990503,0.5525059870311192,0.5646718248766553,11.030887603759766,0.0,11.030887603759766,11.030887603759766
679,86912,62.974301949106874,1480,11.030887603759766,0.0,11.030887603759766,11.030887603759766,500.0,0.0,500.0,500.0,13.80177116394043,0.3997691571712494,-0.13743552565574646,0.04279360920190811,14.345025755051601,0.010774288326501846,0.0,0.0,1.7111979104811326e-06,1.7400243785366811,0.5528315007686615,0.564796812586485,11.030887603759766,0.0,11.030887603759766,11.030887603759766
680,87040,62.000001847744045,1483,2.2894113063812256,0.0,2.2894113063812256,2.2894113063812256,500.0,0.0,500.0,500.0,13.804319381713867,0.5277150273323059,0.08358685672283173,0.025939887389540672,20.112981122377743,0.008964690379798412,0.0,0.0,1.4980957985244459e-06,1.7406842097922508,0.5532014071941376,0.5649382556121424,2.2894113063812256,0.0,2.2894113063812256,2.2894113063812256
681,87168,61.32550828167673,1485,2.2894113063812256,0.0,2.2894113063812256,2.2894113063812256,500.0,0.0,500.0,500.0,13.806994438171387,0.5620523691177368,-0.0415094718337059,0.009938975796103477,18.936357246178762,0.00782806146889925,0.0,0.0,8.375728839382646e-07,1.741368669950797,0.5535862701279777,0.5650857289633928,2.2894113063812256,0.0,2.2894113063812256,2.2894113063812256
682,87296,60.02441490354261,1487,2.2894113063812256,0.0,2.2894113063812256,2.2894113063812256,500.0,0.0,500.0,500.0,13.810150146484375,0.6327140927314758,-0.21533510088920593,0.01389868464320898,1.6746225429931725,0.006909123621881008,0.0,0.0,7.761732376820873e-06,1.7422567031549614,0.554086834192276,0.5652778657791576,2.2894113063812256,0.0,2.2894113063812256,2.2894113063812256
683,87424,61.39089318697976,1489,2.2894113063812256,0.0,2.2894113063812256,2.2894113063812256,500.0,0.0,500.0,500.0,13.813508987426758,0.7539354562759399,-0.07911835610866547,0.017904233187437057,30.510323600835488,0.028709186241030693,0.0,0.0,4.351108600531006e-06,1.7429954113953252,0.5545043817588261,0.565438456920053,2.2894113063812256,0.0,2.2894113063812256,2.2894113063812256
684,87552,60.47970609483493,1491,7.159842014312744,0.0,7.159842014312744,7.159842014312744,500.0,0.0,500.0,500.0,13.81593132019043,0.7578967213630676,0.06160572171211243,0.03281937912106514,23.65402572442757,0.025789868086576462,0.0,0.0,2.369934463786194e-06,1.7435941983096794,0.5548453501292637,0.5655702644747188,7.159842014312744,0.0,7.159842014312744,7.159842014312744
685,87680,62.271100074116944,1493,7.159842014312744,0.0,7.159842014312744,7.159842014312744,500.0,0.0,500.0,500.0,13.818511962890625,0.5239835977554321,0.08287431299686432,0.002630322938784957,27.100034459447333,0.011406663805246353,0.0,0.0,2.0759630388056394e-06,1.7442831378211356,0.5552378424576351,0.5657220297442598,7.159842014312744,0.0,7.159842014312744,7.159842014312744
686,87808,61.447871320796786,1496,7.159842014312744,0.0,7.159842014312744,7.159842014312744,500.0,0.0,500.0,500.0,13.821249008178711,0.41856828331947327,0.05568106472492218,0.001044275937601924,43.39293535129235,0.024014173075556755,0.0,0.0,1.1020006240869407e-06,1.7449407083567023,0.5556125853742871,0.5658669586933333,7.159842014312744,0.0,7.159842014312744,7.159842014312744
687,87936,61.98576386150783,1498,7.159842014312744,0.0,7.159842014312744,7.159842014312744,500.0,0.0,500.0,500.0,13.823934555053711,0.3901106119155884,-0.022410579025745392,0.0009012819500640035,10.060751381826943,0.003007289255037904,0.0,0.0,9.432568504053052e-07,1.7456517717949989,0.5560187143938882,0.5660242602065648,7.159842014312744,0.0,7.159842014312744,7.159842014312744
688,88064,62.08764952034143,1500,1.2809144258499146,0.0,1.2809144258499146,1.2809144258499146,500.0,0.0,500.0,500.0,13.826915740966797,0.44193345308303833,0.08085906505584717,0.010410241782665253,2.0831840843734786,0.0028960497584193945,0.0,0.0,1.6912476894503925e-06,1.7464664735840272,0.5564752519130707,0.5661988243065401,1.2809144258499146,0.0,1.2809144258499146,1.2809144258499146
689,88192,61.15544279896368,1502,1.2809144258499146,0.0,1.2809144258499146,1.2809144258499146,500.0,0.0,500.0,500.0,13.830665588378906,0.36788591742515564,0.05425701290369034,0.0020040813833475113,30.982893343134858,0.012346436269581318,0.0,0.0,4.092152266821358e-06,1.7473888488514298,0.5569890482085091,0.5663944764216636,1.2809144258499146,0.0,1.2809144258499146,1.2809144258499146
690,88320,61.99809734401882,1504,1.2809144258499146,0.0,1.2809144258499146,1.2809144258499146,500.0,0.0,500.0,500.0,13.833738327026367,0.21517306566238403,0.024483682587742805,0.0023252612445503473,42.30639371840088,0.025511272251605988,0.0,0.0,2.5796030058700126e-06,1.7481257292138683,0.5574011547224862,0.5665518397003929,1.2809144258499146,0.0,1.2809144258499146,1.2809144258499146
691,88448,61.545017478058284,1506,1.2809144258499146,0.0,1.2809144258499146,1.2809144258499146,500.0,0.0,500.0,500.0,13.83668327331543,0.37894922494888306,-0.11287740617990494,0.008863218128681183,65.34534695148245,0.05166829377412796,0.0,0.0,4.476578851608792e-06,1.7488733883031709,0.5578225553035736,0.5667135987986773,1.2809144258499146,0.0,1.2809144258499146,1.2809144258499146
692,88576,59.69629982976348,1509,2.5712168216705322,0.0,2.5712168216705322,2.5712168216705322,500.0,0.0,500.0,500.0,13.839111328125,0.48717883229255676,-0.0790473148226738,0.025705456733703613,64.03217888510967,0.04408962279558182,0.0,0.0,9.508082143838692e-07,1.749458964677712,0.5581520242350442,0.5668399115370525,2.5712168216705322,0.0,2.5712168216705322,2.5712168216705322
693,88704,62.64729586832176,1511,2.5712168216705322,0.0,2.5712168216705322,2.5712168216705322,500.0,0.0,500.0,500.0,13.84103012084961,0.43505412340164185,-0.059379614889621735,0.002674969146028161,16.57341499721612,0.004109356552362442,0.0,0.0,6.086833082008525e-07,1.7499205514005765,0.558412241084235,0.5669398097670366,2.5712168216705322,0.0,2.5712168216705322,2.5712168216705322
694,88832,62.89669586423325,1513,2.5712168216705322,0.0,2.5712168216705322,2.5712168216705322,500.0,0.0,500.0,500.0,13.842894554138184,0.5248755216598511,-0.2557883858680725,0.19897761940956116,34.44660852787019,0.01642482541501522,0.0,0.0,1.6509566194145009e-06,1.7504086759957878,0.5586876102856227,0.5670455716331675,2.5712168216705322,0.0,2.5712168216705322,2.5712168216705322
695,88960,62.41261144841142,1515,2.5712168216705322,0.0,2.5712168216705322,2.5712168216705322,500.0,0.0,500.0,500.0,13.84473991394043,0.5310428738594055,0.02957538142800331,0.0058476608246564865,24.779543403021428,0.008268033154308796,0.0,0.0,1.6201657899728161e-06,1.7508685063201084,0.5589466733591897,0.5671449812443903,2.5712168216705322,0.0,2.5712168216705322,2.5712168216705322
696,89088,61.10024317370651,1517,5.688995361328125,0.0,5.688995361328125,5.688995361328125,500.0,0.0,500.0,500.0,13.846490859985352,0.6178857088088989,0.06211405247449875,0.025817513465881348,17.68620797882999,0.009749853983521461,0.0,0.0,6.663377121185476e-07,1.7512916576097073,0.559187331369945,0.5672379337557115,5.688995361328125,0.0,5.688995361328125,5.688995361328125
697,89216,60.42129871076989,1520,5.688995361328125,0.0,5.688995361328125,5.688995361328125,500.0,0.0,500.0,500.0,13.847944259643555,0.6915885806083679,0.022676270455121994,0.004933512303978205,6.168666620990327,0.010493418201804161,0.0,0.0,4.702507396814326e-07,1.7516655327555433,0.5594008650098529,0.5673206490498462,5.688995361328125,0.0,5.688995361328125,5.688995361328125
698,89344,60.87630939631219,1522,5.688995361328125,0.0,5.688995361328125,5.688995361328125,500.0,0.0,500.0,500.0,13.85037612915039,0.6652674674987793,0.07488783448934555,0.0009807114256545901,45.32028401921631,0.029338134452700615,0.0,0.0,1.7041199953382602e-06,1.7523397654604784,0.5597876821245465,0.567470927652165,5.688995361328125,0.0,5.688995361328125,5.688995361328125
699,89472,59.47236678171484,1524,5.688995361328125,0.0,5.688995361328125,5.688995361328125,500.0,0.0,500.0,500.0,13.853104591369629,0.5510538220405579,0.04120798036456108,0.0037381602451205254,10.693655625067919,0.0031006892677396536,0.0,0.0,1.555102926431573e-06,1.753016594493647,0.5601749122142792,0.5676210843169526,5.688995361328125,0.0,5.688995361328125,5.688995361328125
700,89600,60.847200310452,1526,2.4918212890625,0.0,2.4918212890625,2.4918212890625,500.0,0.0,500.0,500.0,13.855766296386719,0.45101308822631836,0.004787133540958166,0.024131879210472107,3.8667305658482625,0.001335396897047758,0.0,0.0,9.881032383418642e-07,1.7537978953246312,0.5606207719870976,0.5677936771265742,2.4918212890625,0.0,2.4918212890625,2.4918212890625
701,89728,60.66891892502728,1528,2.4918212890625,0.0,2.4918212890625,2.4918212890625,500.0,0.0,500.0,500.0,13.862163543701172,0.40349081158638,-0.002983217826113105,0.0015006138710305095,7.232847192826301,0.001450722455047071,0.0,0.0,4.60114688394242e-06,1.7556041399545737,0.5616478664534432,0.5681903054804609,2.4918212890625,0.0,2.4918212890625,2.4918212890625
702,89856,62.12348536148362,1531,2.4918212890625,0.0,2.4918212890625,2.4918212890625,500.0,0.0,500.0,500.0,13.8693265914917,0.4095626473426819,-0.0012136786244809628,0.001639325637370348,13.493446075600989,0.002895517274737358,0.0,0.0,3.5202740491513396e-06,1.7572936571697733,0.5626070329121181,0.5685602980199467,2.4918212890625,0.0,2.4918212890625,2.4918212890625
703,89984,62.481957866327456,1533,2.4918212890625,0.0,2.4918212890625,2.4918212890625,500.0,0.0,500.0,500.0,13.874613761901855,0.4345313608646393,0.008014068007469177,0.0009717991924844682,6.078357692417247,0.0008226289646700025,0.0,0.0,1.862007252384501e-06,1.7585505231614005,0.5633200109004974,0.5688351785873464,2.4918212890625,0.0,2.4918212890625,2.4918212890625
704,90112,61.00658847764122,1535,2.537132740020752,0.0,2.537132740020752,2.537132740020752,500.0,0.0,500.0,500.0,13.8798246383667,0.39702215790748596,0.08535009622573853,0.007951841689646244,49.27797081273409,0.027149243280291557,0.0,0.0,3.999644377472578e-06,1.7598944416327313,0.5640731155872345,0.56912311055708,2.537132740020752,0.0,2.537132740020752,2.537132740020752
705,90240,61.51285503857566,1537,2.537132740020752,0.0,2.537132740020752,2.537132740020752,500.0,0.0,500.0,500.0,13.885477066040039,0.30718550086021423,0.032004501670598984,0.0006547810044139624,3.8524544215403935,0.0036470997147262096,0.0,0.0,3.7291147236828692e-06,1.761437789318012,0.5649408910955701,0.569455668804865,2.537132740020752,0.0,2.537132740020752,2.537132740020752
706,90368,61.766487477773964,1539,2.537132740020752,0.0,2.537132740020752,2.537132740020752,500.0,0.0,500.0,500.0,13.895337104797363,0.5255604982376099,-0.48871803283691406,0.32567334175109863,10.18070296042945,0.003829311579465866,0.0,0.0,2.6530347895459272e-05,1.7642855900897243,0.5666009826319558,0.570107416865723,2.537132740020752,0.0,2.537132740020752,2.537132740020752
707,90496,63.244088878250125,1541,2.537132740020752,0.0,2.537132740020752,2.537132740020752,500.0,0.0,500.0,500.0,13.90760612487793,0.702301025390625,0.010703066363930702,0.04669193550944328,30.376092270557212,0.02455383911728859,0.0,0.0,2.3028991563478485e-05,1.7670275682642307,0.5682065997804914,0.5707396027582301,2.537132740020752,0.0,2.537132740020752,2.537132740020752
708,90624,62.0165458805221,1544,6.238757133483887,0.0,6.238757133483887,6.238757133483887,500.0,0.0,500.0,500.0,13.916399002075195,0.7375398278236389,0.046611204743385315,0.021458204835653305,59.57147055929928,0.06212788075208664,0.0,0.0,9.953741027857177e-06,1.7690227026405592,0.5693677621228355,0.5711949849037403,6.238757133483887,0.0,6.238757133483887,6.238757133483887
709,90752,60.11824664687401,1546,6.238757133483887,0.0,6.238757133483887,6.238757133483887,500.0,0.0,500.0,500.0,13.922708511352539,0.7455827593803406,0.07170236110687256,0.01079796627163887,33.64380070294781,0.02401084639132023,0.0,0.0,4.039988198201172e-06,1.7704734217805111,0.5702074382986341,0.5715230996177029,6.238757133483887,0.0,6.238757133483887,6.238757133483887
710,90880,57.76520491296607,1548,6.238757133483887,0.0,6.238757133483887,6.238757133483887,500.0,0.0,500.0,500.0,13.927651405334473,0.785441517829895,-0.04725483059883118,0.00912196934223175,56.2190147424348,0.05650963634252548,0.0,0.0,2.0771190065715928e-06,1.7716251849652753,0.5708697353090558,0.5717807786349268,6.238757133483887,0.0,6.238757133483887,6.238757133483887
711,91008,59.92266800128044,1550,3.904284715652466,0.0,3.904284715652466,3.904284715652466,500.0,0.0,500.0,500.0,13.931098937988281,0.7691460251808167,0.01896154135465622,0.0339772067964077,52.7969428185502,0.04261818528175354,0.0,0.0,1.3988577620693832e-06,1.7723965153737826,0.5713117718696594,0.5719523715820094,3.904284715652466,0.0,3.904284715652466,3.904284715652466
712,91136,60.41768811552659,1553,3.904284715652466,0.0,3.904284715652466,3.904284715652466,500.0,0.0,500.0,500.0,13.933272361755371,0.7318423390388489,-0.35288530588150024,0.14864692091941833,49.83758941847859,0.03733820468187332,0.0,0.0,5.003510068490868e-07,1.7728729061122543,0.5715849101543427,0.5720584155934139,3.904284715652466,0.0,3.904284715652466,3.904284715652466
713,91264,61.07162819480277,1555,3.904284715652466,0.0,3.904284715652466,3.904284715652466,500.0,0.0,500.0,500.0,13.934846878051758,0.6833252310752869,-0.27360695600509644,0.07197724282741547,57.00574818044593,0.04451631009578705,0.0,0.0,7.744684467070329e-07,1.7732575913574042,0.5718057794230325,0.5721442464898041,3.904284715652466,0.0,3.904284715652466,3.904284715652466
714,91392,59.648724749162355,1557,3.904284715652466,0.0,3.904284715652466,3.904284715652466,500.0,0.0,500.0,500.0,13.936114311218262,0.6819031238555908,-0.37844589352607727,0.17760556936264038,57.74156787416809,0.04281885549426079,0.0,0.0,8.74320107868698e-07,1.7735553084565614,0.5719714292458126,0.572207244700812,3.904284715652466,0.0,3.904284715652466,3.904284715652466
715,91520,60.26604618499412,1559,13.8086519241333,0.0,13.8086519241333,13.8086519241333,500.0,0.0,500.0,500.0,13.937522888183594,0.8674910664558411,0.008675910532474518,0.05730307474732399,48.40144146412029,0.04758887365460396,0.0,0.0,1.2939824500790564e-06,1.773962663209368,0.5721980120454516,0.5722934037843176,13.8086519241333,0.0,13.8086519241333,13.8086519241333
716,91648,62.681109593975094,1561,13.8086519241333,0.0,13.8086519241333,13.8086519241333,500.0,0.0,500.0,500.0,13.939010620117188,0.8084086179733276,0.045624326914548874,0.006643527653068304,43.88052413258391,0.04539180174469948,0.0,0.0,5.415798227659252e-07,1.7743081939923506,0.5723889768123627,0.5723656945877119,13.8086519241333,0.0,13.8086519241333,13.8086519241333
717,91776,62.90687356638611,1564,13.8086519241333,0.0,13.8086519241333,13.8086519241333,500.0,0.0,500.0,500.0,13.94031810760498,0.7919960021972656,0.056080639362335205,0.007898533716797829,65.1245373439375,0.05793240666389465,0.0,0.0,2.6487958848520066e-07,1.7746522568342376,0.5725803758416858,0.5724384897759295,13.8086519241333,0.0,13.8086519241333,13.8086519241333
718,91904,63.59809041392529,1566,13.8086519241333,0.0,13.8086519241333,13.8086519241333,500.0,0.0,500.0,500.0,13.941560745239258,0.7501658797264099,-0.00793654564768076,0.010143348947167397,41.72924463095119,0.03546164184808731,0.0,0.0,4.2419796386639064e-07,1.7749642875170504,0.5727544724941254,0.5725048405274027,13.8086519241333,0.0,13.8086519241333,13.8086519241333
719,92032,61.990051033427484,1568,3.5240721702575684,0.0,3.5240721702575684,3.5240721702575684,500.0,0.0,500.0,500.0,13.943078994750977,0.7909095287322998,0.10196196287870407,0.0328453853726387,63.06789728550578,0.055108971893787384,0.0,0.0,2.8564264198394085e-07,1.7753783144012085,0.5729859726769584,0.5725932021298776,3.5240721702575684,0.0,3.5240721702575684,3.5240721702575684
720,92160,60.83587881842594,1570,3.5240721702575684,0.0,3.5240721702575684,3.5240721702575684,500.0,0.0,500.0,500.0,13.94459342956543,0.7449142336845398,-0.09207241237163544,0.021962372586131096,41.31600506816895,0.03354792296886444,0.0,0.0,7.10666142822447e-07,1.7757510511126866,0.5731951551777976,0.5726732512102883,3.5240721702575684,0.0,3.5240721702575684,3.5240721702575684
721,92288,60.52852779857576,1572,3.5240721702575684,0.0,3.5240721702575684,3.5240721702575684,500.0,0.0,500.0,500.0,13.945879936218262,0.7243499755859375,-0.10879570990800858,0.010719562880694866,54.81334314401444,0.04344144091010094,0.0,0.0,2.386210553595447e-07,1.776061484146765,0.5733692646026611,0.572739853955694,3.5240721702575684,0.0,3.5240721702575684,3.5240721702575684
722,92416,58.192405420023654,1575,3.5240721702575684,0.0,3.5240721702575684,3.5240721702575684,500.0,0.0,500.0,500.0,13.946910858154297,0.771942138671875,-0.17422574758529663,0.046656932681798935,51.50319074564018,0.046678099781274796,0.0,0.0,2.826834588631755e-07,1.7763099343818933,0.5735083264963967,0.5727929639239294,3.5240721702575684,0.0,3.5240721702575684,3.5240721702575684
723,92544,61.06838402981491,1577,8.028463363647461,0.0,8.028463363647461,8.028463363647461,500.0,0.0,500.0,500.0,13.948176383972168,0.7478139996528625,0.03807375207543373,0.05742938816547394,72.36346021265713,0.06715241074562073,0.0,0.0,8.34172510622011e-07,1.776637111269783,0.5737006664276123,0.5728688819306652,8.028463363647461,0.0,8.028463363647461,8.028463363647461
724,92672,60.24607540470241,1579,8.028463363647461,0.0,8.028463363647461,8.028463363647461,500.0,0.0,500.0,500.0,13.949472427368164,0.7004906535148621,0.09543010592460632,0.0028041384648531675,24.176635298213757,0.017832867801189423,0.0,0.0,8.62766967202333e-07,1.7769724623626124,0.5738945943968636,0.572944619827131,8.028463363647461,0.0,8.028463363647461,8.028463363647461
725,92800,62.385088493667666,1581,8.028463363647461,0.0,8.028463363647461,8.028463363647461,500.0,0.0,500.0,500.0,13.952386856079102,0.4961276650428772,0.07949596643447876,0.008482033386826515,74.9187690959911,0.060305848717689514,0.0,0.0,8.376983714697417e-06,1.7777763151444912,0.5743596085480281,0.5731262521375694,8.028463363647461,0.0,8.028463363647461,8.028463363647461
726,92928,61.0401597567448,1583,8.028463363647461,0.0,8.028463363647461,8.028463363647461,500.0,0.0,500.0,500.0,13.955077171325684,0.32136210799217224,0.03587160259485245,0.0033400303218513727,22.90972077570974,0.010679008439183235,0.0,0.0,3.307730594315217e-06,1.7784259894171899,0.5747336149215698,0.5732718722641703,8.028463363647461,0.0,8.028463363647461,8.028463363647461
727,93056,61.002526361814006,1585,0.8728679418563843,0.0,0.8728679418563843,0.8728679418563843,500.0,0.0,500.0,500.0,13.958383560180664,0.2698208689689636,-0.037489600479602814,0.02745865099132061,7.974497672150951,0.00792035460472107,0.0,0.0,1.9570561562431976e-06,1.7793852891788478,0.5752730880464826,0.573478641950265,0.8728679418563843,0.0,0.8728679418563843,0.8728679418563843
728,93184,59.07060932175696,1588,0.8728679418563843,0.0,0.8728679418563843,0.8728679418563843,500.0,0.0,500.0,500.0,13.962227821350098,0.35690054297447205,-0.09463745355606079,0.005659677088260651,41.991841726175274,0.025136874988675117,0.0,0.0,1.3347028016141849e-06,1.7802850327707571,0.5757761895656586,0.5736707151700939,0.8728679418563843,0.0,0.8728679418563843,0.8728679418563843
729,93312,57.57472674652353,1590,0.8728679418563843,0.0,0.8728679418563843,0.8728679418563843,500.0,0.0,500.0,500.0,13.964950561523438,0.36486107110977173,-0.11382007598876953,0.01542789675295353,28.44821131344221,0.009817917831242085,0.0,0.0,8.620676794635074e-07,1.7809233043904167,0.5761336428778512,0.5738073265477188,0.8728679418563843,0.0,0.8728679418563843,0.8728679418563843
730,93440,57.687593100022426,1592,0.8728679418563843,0.0,0.8728679418563843,0.8728679418563843,500.0,0.0,500.0,500.0,13.966938018798828,0.38378551602363586,-0.08390186727046967,0.005125552415847778,27.82508912975856,0.011493416503071785,0.0,0.0,7.850456995583954e-07,1.7813991265905542,0.5763997733592987,0.573908940281263,0.8728679418563843,0.0,0.8728679418563843,0.8728679418563843
731,93568,59.72376645218046,1595,4.889194488525391,0.0,4.889194488525391,4.889194488525391,500.0,0.0,500.0,500.0,13.969026565551758,0.3880448639392853,0.01708931103348732,0.0156285148113966,5.120815581729985,0.0013132508611306548,0.0,0.0,4.641200348487473e-07,1.7820618401885884,0.5767714551516941,0.5740511126729821,4.889194488525391,0.0,4.889194488525391,4.889194488525391
732,93696,61.335218845156,1597,4.889194488525391,0.0,4.889194488525391,4.889194488525391,500.0,0.0,500.0,500.0,13.972646713256836,0.42142969369888306,-0.1359826624393463,0.023094162344932556,20.379745447015214,0.005363119766116142,0.0,0.0,2.2142894522403367e-06,1.782946759284356,0.5772729345730373,0.5742442850572571,4.889194488525391,0.0,4.889194488525391,4.889194488525391
733,93824,60.65263374805458,1599,4.889194488525391,0.0,4.889194488525391,4.889194488525391,500.0,0.0,500.0,500.0,13.975675582885742,0.537263035774231,-0.1625833809375763,0.015566082671284676,22.860622060668113,0.008643458597362041,0.0,0.0,2.3959380541782593e-06,1.7836637072302992,0.5776759343487876,0.5743986608043549,4.889194488525391,0.0,4.889194488525391,4.889194488525391
734,93952,59.455446752874536,1601,4.889194488525391,0.0,4.889194488525391,4.889194488525391,500.0,0.0,500.0,500.0,13.975860595703125,0.6960353255271912,-0.5043933391571045,0.3446160852909088,8.664046668051505,0.014260279014706612,0.0,0.0,1.6036012311815284e-05,1.783217659359819,0.5774242963109698,0.5743021008810977,4.889194488525391,0.0,4.889194488525391,4.889194488525391
735,94080,60.9882162201093,1603,9.2572021484375,0.0,9.2572021484375,9.2572021484375,500.0,0.0,500.0,500.0,13.971647262573242,1.0189238786697388,0.17732304334640503,0.17425303161144257,2.0640264012002096,0.05231097340583801,0.0,0.0,4.015072772745043e-05,1.782410391979306,0.576974379164832,0.5741308951719551,9.2572021484375,0.0,9.2572021484375,9.2572021484375
736,94208,62.873493293696725,1606,9.2572021484375,0.0,9.2572021484375,9.2572021484375,500.0,0.0,500.0,500.0,13.971240997314453,0.8276882767677307,0.12920263409614563,0.00301003223285079,0.5021016903623045,0.020932422950863838,0.0,0.0,1.1232818906137254e-05,1.782834078740526,0.5772237011364528,0.5742294745621602,9.2572021484375,0.0,9.2572021484375,9.2572021484375
737,94336,60.97864984205344,1608,9.2572021484375,0.0,9.2572021484375,9.2572021484375,500.0,0.0,500.0,500.0,13.978580474853516,0.4603264331817627,0.08336785435676575,0.030849484726786613,1.4704786832048984,0.0030834616627544165,0.0,0.0,2.6560883270576596e-05,1.784778475870808,0.578316364969526,0.574648178143157,9.2572021484375,0.0,9.2572021484375,9.2572021484375
738,94464,60.2890428357262,1610,9.2572021484375,0.0,9.2572021484375,9.2572021484375,500.0,0.0,500.0,500.0,13.986230850219727,0.3507344424724579,0.03786199167370796,0.002914113225415349,4.249584808917995,0.006988874636590481,0.0,0.0,1.4754880794498604e-05,1.7865783512768376,0.5793233513832092,0.5750328316436121,9.2572021484375,0.0,9.2572021484375,9.2572021484375
739,94592,62.664501712015976,1612,0.7067468166351318,0.0,0.7067468166351318,0.7067468166351318,500.0,0.0,500.0,500.0,13.99176025390625,0.34367460012435913,0.06899168342351913,0.005434984341263771,62.21962274004279,0.0553891658782959,0.0,0.0,6.5303570409014355e-06,1.787854022633906,0.5800358312470573,0.5753046653987444,0.7067468166351318,0.0,0.7067468166351318,0.7067468166351318
740,94720,62.9686958604372,1614,0.7067468166351318,0.0,0.7067468166351318,0.7067468166351318,500.0,0.0,500.0,500.0,13.995563507080078,0.31518831849098206,-0.011472154408693314,0.00871410220861435,102.91244539346638,0.1132960394024849,0.0,0.0,3.456332024143194e-06,1.788751849949088,0.5805363229342869,0.5754953654032461,0.7067468166351318,0.0,0.7067468166351318,0.7067468166351318
741,94848,62.26291054112868,1616,0.7067468166351318,0.0,0.7067468166351318,0.7067468166351318,500.0,0.0,500.0,500.0,13.998164176940918,0.34219810366630554,-0.08502528071403503,0.01850784942507744,66.63734945948688,0.06221441179513931,0.0,0.0,1.3910114375903504e-06,1.7893496987537987,0.5808693936892918,0.5756222235157044,0.7067468166351318,0.0,0.7067468166351318,0.7067468166351318
742,94976,62.17362285028177,1619,0.7067468166351318,0.0,0.7067468166351318,0.7067468166351318,500.0,0.0,500.0,500.0,14.000055313110352,0.24495652318000793,-0.04857275262475014,0.009904824197292328,42.77418006998463,0.030683103948831558,0.0,0.0,7.253987064359535e-07,1.7898226570610292,0.5811329909733364,0.5757226504117027,0.7067468166351318,0.0,0.7067468166351318,0.7067468166351318
743,95104,61.504856672401246,1621,3.271449565887451,0.0,3.271449565887451,3.271449565887451,500.0,0.0,500.0,500.0,14.001485824584961,0.34678182005882263,-0.13103823363780975,0.025592966005206108,14.40500434895987,0.008101231418550014,0.0,0.0,7.175708560680505e-07,1.7901390179481707,0.5813083052635193,0.575789176125871,3.271449565887451,0.0,3.271449565887451,3.271449565887451
744,95232,61.02961273140559,1623,3.271449565887451,0.0,3.271449565887451,3.271449565887451,500.0,0.0,500.0,500.0,14.002445220947266,0.39473554491996765,0.007181315217167139,0.002457172842696309,2.6186557000245356,0.003085189964622259,0.0,0.0,6.707504098812933e-07,1.7904683559582093,0.5814912574631828,0.5758587089273598,3.271449565887451,0.0,3.271449565887451,3.271449565887451
745,95360,60.68226338456057,1625,3.271449565887451,0.0,3.271449565887451,3.271449565887451,500.0,0.0,500.0,500.0,14.002861976623535,0.5191189646720886,-0.6892082691192627,0.8154992461204529,6.483727647318891,0.0026106040459126234,0.0,0.0,1.9655859432532452e-05,1.7902569507419261,0.5813777276447841,0.5758166254302745,3.271449565887451,0.0,3.271449565887451,3.271449565887451
746,95488,61.69583351863771,1627,3.271449565887451,0.0,3.271449565887451,3.271449565887451,500.0,0.0,500.0,500.0,14.001928329467773,0.7586061954498291,-0.05708065629005432,0.02852582558989525,11.231468330204015,0.01673269458115101,0.0,0.0,4.708030610345304e-05,1.7902290862233219,0.5813599910054889,0.5758093323717934,3.271449565887451,0.0,3.271449565887451,3.271449565887451
747,95616,63.334656799342014,1629,9.438693046569824,0.0,9.438693046569824,9.438693046569824,500.0,0.0,500.0,500.0,14.00279712677002,0.9178072810173035,0.12548567354679108,0.06427381932735443,9.019768335700235,0.039868272840976715,0.0,0.0,1.238498225575313e-05,1.790505406996562,0.581507853099278,0.575864068322827,9.438693046569824,0.0,9.438693046569824,9.438693046569824
748,95744,61.84843076304178,1632,9.438693046569824,0.0,9.438693046569824,9.438693046569824,500.0,0.0,500.0,500.0,14.004341125488281,0.8775867819786072,0.11123734712600708,0.012989918701350689,17.76428967018668,0.03573519363999367,0.0,0.0,2.728777189986431e-06,1.790953543541202,0.5817534582955497,0.5759565453237518,9.438693046569824,0.0,9.438693046569824,9.438693046569824
749,95872,61.6923171150011,1634,9.438693046569824,0.0,9.438693046569824,9.438693046569824,500.0,0.0,500.0,500.0,14.006488800048828,0.9691125750541687,-0.030068732798099518,0.023747669532895088,40.01414138191713,0.05755486711859703,0.0,0.0,2.511934098947677e-06,1.7915156521400344,0.5820670979363578,0.5760761245593456,9.438693046569824,0.0,9.438693046569824,9.438693046569824
750,96000,61.419189863419845,1636,3.6560118198394775,0.0,3.6560118198394775,3.6560118198394775,500.0,0.0,500.0,500.0,14.007953643798828,0.9430756568908691,0.07805455476045609,0.053026098757982254,8.220914607225522,0.03997808322310448,0.0,0.0,1.3086587387078907e-06,1.791737432591678,0.582196159022195,0.5761267375618939,3.6560118198394775,0.0,3.6560118198394775,3.6560118198394775
751,96128,59.980007666327296,1638,3.6560118198394775,0.0,3.6560118198394775,3.6560118198394775,500.0,0.0,500.0,500.0,14.008012771606445,0.8752285838127136,0.03808164596557617,0.010932354256510735,8.576883304971483,0.029119882732629776,0.0,0.0,2.4117721295624506e-06,1.7917700565943429,0.5822206565311977,0.5761377482171751,3.6560118198394775,0.0,3.6560118198394775,3.6560118198394775
752,96256,62.243441969424744,1640,3.6560118198394775,0.0,3.6560118198394775,3.6560118198394775,500.0,0.0,500.0,500.0,14.009115219116211,0.9119231700897217,-0.3824942409992218,0.1803165078163147,36.928699811767125,0.052558887749910355,0.0,0.0,1.2364127996988827e-06,1.7921520367390908,0.5824354887008667,0.5762201023233249,3.6560118198394775,0.0,3.6560118198394775,3.6560118198394775
753,96384,59.71439334997656,1643,3.6560118198394775,0.0,3.6560118198394775,3.6560118198394775,500.0,0.0,500.0,500.0,14.011037826538086,0.8626756072044373,-0.05622781068086624,0.0300039853900671,70.4270088846917,0.08751849830150604,0.0,0.0,2.1867617761017755e-06,1.79262545396663,0.5826992307390485,0.5763205412923745,3.6560118198394775,0.0,3.6560118198394775,3.6560118198394775
754,96512,60.278164951956185,1645,8.013477325439453,0.0,8.013477325439453,8.013477325439453,500.0,0.0,500.0,500.0,14.012460708618164,0.8801708817481995,0.08392592519521713,0.06520728766918182,54.9742219062898,0.05381711944937706,0.0,0.0,1.1281931620032992e-06,1.7929434575022845,0.5828765886170524,0.5763881391565239,8.013477325439453,0.0,8.013477325439453,8.013477325439453
755,96640,61.3145963256074,1647,8.013477325439453,0.0,8.013477325439453,8.013477325439453,500.0,0.0,500.0,500.0,14.013477325439453,0.8782139420509338,-0.1604318767786026,0.062138255685567856,25.61175462365986,0.03741731494665146,0.0,0.0,6.274760835367488e-07,1.7932316413173588,0.5830369421413967,0.5764491567984152,8.013477325439453,0.0,8.013477325439453,8.013477325439453
756,96768,61.376456412238,1649,8.013477325439453,0.0,8.013477325439453,8.013477325439453,500.0,0.0,500.0,500.0,14.014860153198242,0.7947360277175903,-0.07342638820409775,0.009775664657354355,32.231178825660244,0.031518153846263885,0.0,0.0,2.595543264760636e-07,1.7935805571635406,0.5832307679312569,0.5765228186743686,8.013477325439453,0.0,8.013477325439453,8.013477325439453
757,96896,59.327230110294515,1651,8.013477325439453,0.0,8.013477325439453,8.013477325439453,500.0,0.0,500.0,500.0,14.016271591186523,0.7555829286575317,-0.010693800635635853,0.006763215642422438,22.66493875934338,0.019553210586309433,0.0,0.0,4.035983636185847e-07,1.7939481745718493,0.5834337047168187,0.5765996048889208,8.013477325439453,0.0,8.013477325439453,8.013477325439453
758,97024,62.40504474889879,1654,6.349099159240723,0.0,6.349099159240723,6.349099159240723,500.0,0.0,500.0,500.0,14.01948356628418,0.6379628777503967,0.14810726046562195,0.02939908765256405,12.95274777099078,0.006626826710999012,0.0,0.0,4.122051905142143e-06,1.7950473523377874,0.5840453675815037,0.5768323331706048,6.349099159240723,0.0,6.349099159240723,6.349099159240723
759,97152,62.039328062304776,1656,6.349099159240723,0.0,6.349099159240723,6.349099159240723,500.0,0.0,500.0,500.0,14.024635314941406,0.5810465812683105,-0.011430144309997559,0.009917809627950191,7.01769590862066,0.004555894993245602,0.0,0.0,6.903918347234139e-06,1.7962923416719465,0.5847389016832624,0.5770964029403893,6.349099159240723,0.0,6.349099159240723,6.349099159240723
760,97280,64.06949524130829,1658,6.349099159240723,0.0,6.349099159240723,6.349099159240723,500.0,0.0,500.0,500.0,14.028549194335938,0.5126288533210754,0.06843338161706924,0.000549200049135834,30.97564575710344,0.01176977064460516,0.0,0.0,3.8361476981663145e-06,1.7972201859902908,0.5852554951395307,0.5772930299180751,6.349099159240723,0.0,6.349099159240723,6.349099159240723
761,97408,65.16982545218038,1660,6.349099159240723,0.0,6.349099159240723,6.349099159240723,500.0,0.0,500.0,500.0,14.03142261505127,0.4456160068511963,0.04161203280091286,0.00034177119960077107,29.657150770897346,0.014371614903211594,0.0,0.0,1.8897497966463561e-06,1.7979017543481866,0.5856344018663678,0.5774371004502948,6.349099159240723,0.0,6.349099159240723,6.349099159240723
762,97536,63.00993390346975,1662,1.6226204633712769,0.0,1.6226204633712769,1.6226204633712769,500.0,0.0,500.0,500.0,14.03349494934082,0.4496857523918152,-0.0771450400352478,0.1166924461722374,0.9719304568776549,0.00458664633333683,0.0,0.0,6.921957833583292e-07,1.7983746750815668,0.5858944228717259,0.5775352555666747,1.6226204633712769,0.0,1.6226204633712769,1.6226204633712769
763,97664,60.135424831798744,1664,1.6226204633712769,0.0,1.6226204633712769,1.6226204633712769,500.0,0.0,500.0,500.0,14.034706115722656,0.5727607011795044,-0.25589391589164734,0.07923814654350281,39.060200520945834,0.021005017682909966,0.0,0.0,1.989662450796459e-05,1.7986800613030116,0.5860562239374433,0.5775948083917256,1.6226204633712769,0.0,1.6226204633712769,1.6226204633712769
764,97792,60.45640039822983,1667,1.6226204633712769,0.0,1.6226204633712769,1.6226204633712769,500.0,0.0,500.0,500.0,14.036384582519531,0.6181502342224121,-0.6465785503387451,0.38487884402275085,1.520361762211266,0.00620424747467041,0.0,0.0,3.1359752028947696e-05,1.7993993152391372,0.5864407420158386,0.5777371869479252,1.6226204633712769,0.0,1.6226204633712769,1.6226204633712769
765,97920,59.479924299413945,1669,1.6226204633712769,0.0,1.6226204633712769,1.6226204633712769,500.0,0.0,500.0,500.0,14.040861129760742,0.891534149646759,-0.1713329553604126,0.011954435147345066,30.12027250043852,0.03808113932609558,0.0,0.0,5.2711780881509185e-05,1.8005096980300723,0.587026332105909,0.5779518269979017,1.6226204633712769,0.0,1.6226204633712769,1.6226204633712769
766,98048,61.423441182753045,1671,15.394042015075684,0.0,15.394042015075684,15.394042015075684,500.0,0.0,500.0,500.0,14.046674728393555,1.0200334787368774,0.10823512077331543,0.07340746372938156,20.857894973746923,0.0600447915494442,0.0,0.0,2.074397707474418e-05,1.8022244816716955,0.5879367164203099,0.5782869104969117,15.394042015075684,0.0,15.394042015075684,15.394042015075684
767,98176,62.71542138834397,1673,15.394042015075684,0.0,15.394042015075684,15.394042015075684,500.0,0.0,500.0,500.0,14.051899909973145,1.0743120908737183,0.09335853159427643,0.008707074448466301,11.390699340261975,0.06232138350605965,0.0,0.0,1.028287169901887e-05,1.803549110824472,0.5886405280658177,0.5785461129258541,15.394042015075684,0.0,15.394042015075684,15.394042015075684
768,98304,62.377963317121235,1675,15.394042015075684,0.0,15.394042015075684,15.394042015075684,500.0,0.0,500.0,500.0,14.05613899230957,1.0614683628082275,0.01735943928360939,0.012990613467991352,45.63377035578431,0.06931696832180023,0.0,0.0,5.456397957459558e-06,1.8046107463001186,0.5892088072640556,0.5787565464252216,15.394042015075684,0.0,15.394042015075684,15.394042015075684
769,98432,61.67727767089202,1677,15.394042015075684,0.0,15.394042015075684,15.394042015075684,500.0,0.0,500.0,500.0,14.059608459472656,1.0157994031906128,-0.02163742482662201,0.013412665575742722,3.4397710809052007,0.04699907451868057,0.0,0.0,3.050424993489287e-06,1.8055694963402062,0.5897259967667716,0.5789491366140906,15.394042015075684,0.0,15.394042015075684,15.394042015075684
770,98560,60.96923879034746,1680,3.8935656547546387,0.0,3.8935656547546387,3.8935656547546387,500.0,0.0,500.0,500.0,14.063970565795898,0.9210339784622192,-0.1362718641757965,0.28383591771125793,30.247619506898634,0.03957094997167587,0.0,0.0,8.547722973162308e-05,1.8068192690656648,0.5903649500438145,0.579177384626079,3.8935656547546387,0.0,3.8935656547546387,3.8935656547546387
771,98688,59.7906991636533,1682,3.8935656547546387,0.0,3.8935656547546387,3.8935656547546387,500.0,0.0,500.0,500.0,14.06842041015625,1.2292431592941284,-2.6234793663024902,6.4745564460754395,23.285282029735846,0.16485048830509186,0.0,0.0,6.217776535777375e-05,1.8081164356486708,0.591022823538099,0.5794108118382689,3.8935656547546387,0.0,3.8935656547546387,3.8935656547546387
772,98816,60.07843990364548,1684,3.8935656547546387,0.0,3.8935656547546387,3.8935656547546387,500.0,0.0,500.0,500.0,14.072273254394531,2.135082721710205,-2.619076728820801,6.222762107849121,112.3152525728434,0.4687328636646271,0.0,0.0,6.964478234294802e-05,1.8090015486737538,0.5914725490978786,0.5795706210249368,3.8935656547546387,0.0,3.8935656547546387,3.8935656547546387
773,98944,57.492034796077476,1686,3.8935656547546387,0.0,3.8935656547546387,3.8935656547546387,500.0,0.0,500.0,500.0,14.074464797973633,3.0182342529296875,-2.48921537399292,5.494193077087402,53.259908114177954,0.981583833694458,0.0,0.0,3.0288740163086914e-05,1.8096139470153678,0.5917702998433795,0.5796726219063497,3.8935656547546387,0.0,3.8935656547546387,3.8935656547546387
774,99072,59.322333190129925,1689,85.98455047607422,0.0,85.98455047607422,85.98455047607422,500.0,0.0,500.0,500.0,14.075963973999023,2.377183437347412,-0.39384597539901733,1.8710744380950928,87.28216359488657,0.5435015559196472,0.0,0.0,2.0067280274815857e-05,1.8099916804247782,0.5919407435825893,0.5797270675565169,85.98455047607422,0.0,85.98455047607422,85.98455047607422
775,99200,61.28661979757539,1691,85.98455047607422,0.0,85.98455047607422,85.98455047607422,500.0,0.0,500.0,500.0,14.076665878295898,1.9987177848815918,0.08594070374965668,0.1452866941690445,21.572326240992254,0.30025842785835266,0.0,0.0,1.2319667803240009e-05,1.8102168159530432,0.5920377799442836,0.5797565960051763,85.98455047607422,0.0,85.98455047607422,85.98455047607422
776,99328,61.0545914937669,1693,85.98455047607422,0.0,85.98455047607422,85.98455047607422,500.0,0.0,500.0,500.0,14.077428817749023,1.510716438293457,0.18857750296592712,0.012336011044681072,85.91803999339713,0.2642133831977844,0.0,0.0,5.205827164900256e-06,1.8104515511013273,0.5921498111316136,0.5797943622892117,85.98455047607422,0.0,85.98455047607422,85.98455047607422
777,99456,60.593153449160674,1695,85.98455047607422,0.0,85.98455047607422,85.98455047607422,500.0,0.0,500.0,500.0,14.078218460083008,1.5975298881530762,0.1381474733352661,0.05465864762663841,106.17654023956429,0.22389674186706543,0.0,0.0,1.4263814591686241e-06,1.8106777272239214,0.5922624894550869,0.5798337990121435,85.98455047607422,0.0,85.98455047607422,85.98455047607422
778,99584,61.053563900639126,1697,4.738743782043457,0.0,4.738743782043457,4.738743782043457,500.0,0.0,500.0,500.0,14.078927040100098,1.315897822380066,-0.03822453320026398,0.45880913734436035,40.023171955845534,0.0960015058517456,0.0,0.0,7.363029908447061e-06,1.8108700425287325,0.592359048979623,0.5798678311639821,4.738743782043457,0.0,4.738743782043457,4.738743782043457
779,99712,60.13421240747241,1700,4.738743782043457,0.0,4.738743782043457,4.738743782043457,500.0,0.0,500.0,500.0,14.079019546508789,1.4080294370651245,-1.552191972732544,2.5590646266937256,76.82918100389617,0.10399620234966278,0.0,0.0,6.126151106400357e-07,1.8108039508642473,0.5923178962298802,0.5798510450397772,4.738743782043457,0.0,4.738743782043457,4.738743782043457
780,99840,61.97430806997924,1702,4.738743782043457,0.0,4.738743782043457,4.738743782043457,500.0,0.0,500.0,500.0,14.078145980834961,1.559061884880066,-0.1380753368139267,0.09432804584503174,53.33362799003628,0.15847575664520264,0.0,0.0,6.049394869478419e-07,1.8105848538036469,0.5921951702662877,0.5798041383636955,4.738743782043457,0.0,4.738743782043457,4.738743782043457
781,99968,59.82402515486392,1704,4.738743782043457,0.0,4.738743782043457,4.738743782043457,500.0,0.0,500.0,500.0,14.077644348144531,1.508335828781128,-0.1407729983329773,0.03973017632961273,7.620223129808201,0.1262112706899643,0.0,0.0,1.770430628766917e-07,1.8105353808118987,0.5921629071235657,0.5797906327506599,4.738743782043457,0.0,4.738743782043457,4.738743782043457
782,100096,60.979266266893305,1706,25.49842071533203,0.0,25.49842071533203,25.49842071533203,500.0,0.0,500.0,500.0,14.077905654907227,1.4067959785461426,0.2465001940727234,0.13035902380943298,20.331369808697282,0.11566358804702759,0.0,0.0,3.9079586713342e-06,1.8106417043552276,0.592205890587398,0.5798027711508641,25.49842071533203,0.0,25.49842071533203,25.49842071533203
