/Users/a2mogus/build-projs/ccm-intro/projects/many-gens-rl-vigen/RL-ViGen-upstream/train.py:297: Hydra14MigrationWarning: 
The version_base parameter is not specified.
Hydra will assume defaults for version 1.1.
Hydra 1.4 will remove this compatibility behavior.
Before upgrading to Hydra 1.4, set version_base="1.3" and test your application.
See https://hydra.cc/docs/upgrades/1.3_to_1.4/prepare_for_1_4/ for preparation instructions.
  @hydra.main(config_path='cfgs', config_name='svea_config')
/Users/a2mogus/build-projs/barannikov-work/.venv/lib/python3.11/site-packages/hydra/_internal/hydra.py:119: UserWarning: Future Hydra versions will no longer change working directory at job runtime by default.
See https://hydra.cc/docs/1.2/upgrades/1.1_to_1.2/changes_to_job_working_dir/ for more information.
  ret = run_job(
/Users/a2mogus/build-projs/ccm-intro/projects/many-gens-rl-vigen/RL-ViGen-upstream/train.py:297: Hydra14MigrationWarning: 
The version_base parameter is not specified.
Hydra will assume defaults for version 1.1.
Hydra 1.4 will remove this compatibility behavior.
Before upgrading to Hydra 1.4, set version_base="1.3" and test your application.
See https://hydra.cc/docs/upgrades/1.3_to_1.4/prepare_for_1_4/ for preparation instructions.
  @hydra.main(config_path='cfgs', config_name='svea_config')
[1m[33m[robosuite WARNING] [0mNo private macro file found! (__init__.py:7)
workspace: /Users/a2mogus/build-projs/ccm-intro/projects/many-gens-rl-vigen/RL-ViGen-upstream/exp_local/2026.08.17/sgqn/183219_action_repeat=1,env=robosuite,eval_every_frames=10000,num_eval_episodes=10,num_train_frames=200000,replay_buffer_num_workers=0,save_video=False,seed=1,task@_global_=Door,use_tb=False,use_wandb=False
[2026-08-17 18:32:19,471][robosuite_logs][WARNING] - No private macro file found!
[1m[33m[robosuite WARNING] [0mIt is recommended to use a private macro file (__init__.py:8)
[2026-08-17 18:32:19,472][robosuite_logs][WARNING] - It is recommended to use a private macro file
[1m[33m[robosuite WARNING] [0mTo setup, run: python /Users/a2mogus/build-projs/ccm-intro/projects/many-gens-rl-vigen/RL-ViGen-upstream/third_party/robosuite/robosuite/scripts/setup_macros.py (__init__.py:9)
[2026-08-17 18:32:19,472][robosuite_logs][WARNING] - To setup, run: python /Users/a2mogus/build-projs/ccm-intro/projects/many-gens-rl-vigen/RL-ViGen-upstream/third_party/robosuite/robosuite/scripts/setup_macros.py
Gym has been unmaintained since 2022 and does not support NumPy 2.0 amongst other critical functionality.
Please upgrade to Gymnasium, the maintained drop-in replacement of Gym, or contact the authors of your software and request that they upgrade.
See the migration guide at https://gymnasium.farama.org/introduction/migration_guide/ for additional information.
/Users/a2mogus/build-projs/ccm-intro/projects/many-gens-rl-vigen/RL-ViGen-upstream/envs/robosuiteVGB/robosuitevgb/utils.py:30: Hydra14MigrationWarning: 
The version_base parameter is not specified.
Hydra will assume defaults for version 1.1.
Hydra 1.4 will remove this compatibility behavior.
Before upgrading to Hydra 1.4, set version_base="1.3" and test your application.
See https://hydra.cc/docs/upgrades/1.3_to_1.4/prepare_for_1_4/ for preparation instructions.
  with initialize(config_path="../cfg"):
/Users/a2mogus/build-projs/barannikov-work/.venv/lib/python3.11/site-packages/hydra/_internal/defaults_list.py:251: UserWarning: In 'robo_config': Defaults list is missing `_self_`. See https://hydra.cc/docs/1.2/upgrades/1.0_to_1.1/default_composition_order for more information
  warnings.warn(msg, UserWarning)
/Users/a2mogus/build-projs/ccm-intro/projects/many-gens-rl-vigen/RL-ViGen-upstream/third_party/robosuite/robosuite/utils/mjmod.py:1364: DeprecationWarning: `row_stack` alias is deprecated. Use `np.vstack` directly.
  cbd1 = np.expand_dims(np.row_stack(((h + 1) // 2) * [re, ro]), -1)[:h, :w]
/Users/a2mogus/build-projs/barannikov-work/.venv/lib/python3.11/site-packages/torch/utils/data/dataloader.py:759: UserWarning: 'pin_memory' argument is set as true but not supported on MPS now, device pinned memory won't be used.
  super().__init__(loader)
/Users/a2mogus/build-projs/barannikov-work/.venv/lib/python3.11/site-packages/captum/attr/_core/guided_backprop_deconvnet.py:63: UserWarning: Input Tensor 0 did not already require gradients, required_grads has been set automatically.
  gradient_mask = apply_gradient_requirements(inputs_tuple)
/Users/a2mogus/build-projs/barannikov-work/.venv/lib/python3.11/site-packages/captum/attr/_core/guided_backprop_deconvnet.py:66: UserWarning: Setting backward hooks on ReLU activations.The hooks will be removed after the attribution is finished
  warnings.warn(
/Users/a2mogus/build-projs/barannikov-work/.venv/lib/python3.11/site-packages/torch/utils/data/dataloader.py:1102: UserWarning: 'pin_memory' argument is set as true but not supported on MPS now, device pinned memory won't be used.
  super().__init__(loader)
Now the mode is train
Now the mode is eval-easy
| [32meval[0m  | F: 0 | S: 0 | E: 0 | L: 500 | R: 26.7404 | T: 0:00:00 | SR: 0.0000
Loading train partition of places365_standard...
/Users/a2mogus/build-projs/ccm-intro/projects/many-gens-rl-vigen/RL-ViGen-upstream/train.py:297: Hydra14MigrationWarning: 
The version_base parameter is not specified.
Hydra will assume defaults for version 1.1.
Hydra 1.4 will remove this compatibility behavior.
Before upgrading to Hydra 1.4, set version_base="1.3" and test your application.
See https://hydra.cc/docs/upgrades/1.3_to_1.4/prepare_for_1_4/ for preparation instructions.
  @hydra.main(config_path='cfgs', config_name='svea_config')
/Users/a2mogus/build-projs/ccm-intro/projects/many-gens-rl-vigen/RL-ViGen-upstream/train.py:297: Hydra14MigrationWarning: 
The version_base parameter is not specified.
Hydra will assume defaults for version 1.1.
Hydra 1.4 will remove this compatibility behavior.
Before upgrading to Hydra 1.4, set version_base="1.3" and test your application.
See https://hydra.cc/docs/upgrades/1.3_to_1.4/prepare_for_1_4/ for preparation instructions.
  @hydra.main(config_path='cfgs', config_name='svea_config')
/Users/a2mogus/build-projs/ccm-intro/projects/many-gens-rl-vigen/RL-ViGen-upstream/train.py:297: Hydra14MigrationWarning: 
The version_base parameter is not specified.
Hydra will assume defaults for version 1.1.
Hydra 1.4 will remove this compatibility behavior.
Before upgrading to Hydra 1.4, set version_base="1.3" and test your application.
See https://hydra.cc/docs/upgrades/1.3_to_1.4/prepare_for_1_4/ for preparation instructions.
  @hydra.main(config_path='cfgs', config_name='svea_config')
/Users/a2mogus/build-projs/ccm-intro/projects/many-gens-rl-vigen/RL-ViGen-upstream/train.py:297: Hydra14MigrationWarning: 
The version_base parameter is not specified.
Hydra will assume defaults for version 1.1.
Hydra 1.4 will remove this compatibility behavior.
Before upgrading to Hydra 1.4, set version_base="1.3" and test your application.
See https://hydra.cc/docs/upgrades/1.3_to_1.4/prepare_for_1_4/ for preparation instructions.
  @hydra.main(config_path='cfgs', config_name='svea_config')
/Users/a2mogus/build-projs/ccm-intro/projects/many-gens-rl-vigen/RL-ViGen-upstream/train.py:297: Hydra14MigrationWarning: 
The version_base parameter is not specified.
Hydra will assume defaults for version 1.1.
Hydra 1.4 will remove this compatibility behavior.
Before upgrading to Hydra 1.4, set version_base="1.3" and test your application.
See https://hydra.cc/docs/upgrades/1.3_to_1.4/prepare_for_1_4/ for preparation instructions.
  @hydra.main(config_path='cfgs', config_name='svea_config')
/Users/a2mogus/build-projs/ccm-intro/projects/many-gens-rl-vigen/RL-ViGen-upstream/train.py:297: Hydra14MigrationWarning: 
The version_base parameter is not specified.
Hydra will assume defaults for version 1.1.
Hydra 1.4 will remove this compatibility behavior.
Before upgrading to Hydra 1.4, set version_base="1.3" and test your application.
See https://hydra.cc/docs/upgrades/1.3_to_1.4/prepare_for_1_4/ for preparation instructions.
  @hydra.main(config_path='cfgs', config_name='svea_config')
/Users/a2mogus/build-projs/ccm-intro/projects/many-gens-rl-vigen/RL-ViGen-upstream/train.py:297: Hydra14MigrationWarning: 
The version_base parameter is not specified.
Hydra will assume defaults for version 1.1.
Hydra 1.4 will remove this compatibility behavior.
Before upgrading to Hydra 1.4, set version_base="1.3" and test your application.
See https://hydra.cc/docs/upgrades/1.3_to_1.4/prepare_for_1_4/ for preparation instructions.
  @hydra.main(config_path='cfgs', config_name='svea_config')
/Users/a2mogus/build-projs/ccm-intro/projects/many-gens-rl-vigen/RL-ViGen-upstream/train.py:297: Hydra14MigrationWarning: 
The version_base parameter is not specified.
Hydra will assume defaults for version 1.1.
Hydra 1.4 will remove this compatibility behavior.
Before upgrading to Hydra 1.4, set version_base="1.3" and test your application.
See https://hydra.cc/docs/upgrades/1.3_to_1.4/prepare_for_1_4/ for preparation instructions.
  @hydra.main(config_path='cfgs', config_name='svea_config')
/Users/a2mogus/build-projs/ccm-intro/projects/many-gens-rl-vigen/RL-ViGen-upstream/algos/sgqn.py:100: UserWarning: `nn.functional.upsample` is deprecated. Use `nn.functional.interpolate` instead.
  x = F.upsample(x, scale_factor=2)
/Users/a2mogus/build-projs/ccm-intro/projects/many-gens-rl-vigen/RL-ViGen-upstream/algos/sgqn.py:103: UserWarning: `nn.functional.upsample` is deprecated. Use `nn.functional.interpolate` instead.
  x = F.upsample(x, scale_factor=2)
Loaded dataset from /Users/a2mogus/build-projs/ccm-intro/projects/many-gens-rl-vigen/data
/Users/a2mogus/build-projs/ccm-intro/projects/many-gens-rl-vigen/RL-ViGen-upstream/train.py:297: Hydra14MigrationWarning: 
The version_base parameter is not specified.
Hydra will assume defaults for version 1.1.
Hydra 1.4 will remove this compatibility behavior.
Before upgrading to Hydra 1.4, set version_base="1.3" and test your application.
See https://hydra.cc/docs/upgrades/1.3_to_1.4/prepare_for_1_4/ for preparation instructions.
  @hydra.main(config_path='cfgs', config_name='svea_config')
/Users/a2mogus/build-projs/ccm-intro/projects/many-gens-rl-vigen/RL-ViGen-upstream/train.py:297: Hydra14MigrationWarning: 
The version_base parameter is not specified.
Hydra will assume defaults for version 1.1.
Hydra 1.4 will remove this compatibility behavior.
Before upgrading to Hydra 1.4, set version_base="1.3" and test your application.
See https://hydra.cc/docs/upgrades/1.3_to_1.4/prepare_for_1_4/ for preparation instructions.
  @hydra.main(config_path='cfgs', config_name='svea_config')
/Users/a2mogus/build-projs/ccm-intro/projects/many-gens-rl-vigen/RL-ViGen-upstream/train.py:297: Hydra14MigrationWarning: 
The version_base parameter is not specified.
Hydra will assume defaults for version 1.1.
Hydra 1.4 will remove this compatibility behavior.
Before upgrading to Hydra 1.4, set version_base="1.3" and test your application.
See https://hydra.cc/docs/upgrades/1.3_to_1.4/prepare_for_1_4/ for preparation instructions.
  @hydra.main(config_path='cfgs', config_name='svea_config')
/Users/a2mogus/build-projs/ccm-intro/projects/many-gens-rl-vigen/RL-ViGen-upstream/train.py:297: Hydra14MigrationWarning: 
The version_base parameter is not specified.
Hydra will assume defaults for version 1.1.
Hydra 1.4 will remove this compatibility behavior.
Before upgrading to Hydra 1.4, set version_base="1.3" and test your application.
See https://hydra.cc/docs/upgrades/1.3_to_1.4/prepare_for_1_4/ for preparation instructions.
  @hydra.main(config_path='cfgs', config_name='svea_config')
/Users/a2mogus/build-projs/ccm-intro/projects/many-gens-rl-vigen/RL-ViGen-upstream/train.py:297: Hydra14MigrationWarning: 
The version_base parameter is not specified.
Hydra will assume defaults for version 1.1.
Hydra 1.4 will remove this compatibility behavior.
Before upgrading to Hydra 1.4, set version_base="1.3" and test your application.
See https://hydra.cc/docs/upgrades/1.3_to_1.4/prepare_for_1_4/ for preparation instructions.
  @hydra.main(config_path='cfgs', config_name='svea_config')
/Users/a2mogus/build-projs/ccm-intro/projects/many-gens-rl-vigen/RL-ViGen-upstream/train.py:297: Hydra14MigrationWarning: 
The version_base parameter is not specified.
Hydra will assume defaults for version 1.1.
Hydra 1.4 will remove this compatibility behavior.
Before upgrading to Hydra 1.4, set version_base="1.3" and test your application.
See https://hydra.cc/docs/upgrades/1.3_to_1.4/prepare_for_1_4/ for preparation instructions.
  @hydra.main(config_path='cfgs', config_name='svea_config')
/Users/a2mogus/build-projs/ccm-intro/projects/many-gens-rl-vigen/RL-ViGen-upstream/train.py:297: Hydra14MigrationWarning: 
The version_base parameter is not specified.
Hydra will assume defaults for version 1.1.
Hydra 1.4 will remove this compatibility behavior.
Before upgrading to Hydra 1.4, set version_base="1.3" and test your application.
See https://hydra.cc/docs/upgrades/1.3_to_1.4/prepare_for_1_4/ for preparation instructions.
  @hydra.main(config_path='cfgs', config_name='svea_config')
/Users/a2mogus/build-projs/ccm-intro/projects/many-gens-rl-vigen/RL-ViGen-upstream/train.py:297: Hydra14MigrationWarning: 
The version_base parameter is not specified.
Hydra will assume defaults for version 1.1.
Hydra 1.4 will remove this compatibility behavior.
Before upgrading to Hydra 1.4, set version_base="1.3" and test your application.
See https://hydra.cc/docs/upgrades/1.3_to_1.4/prepare_for_1_4/ for preparation instructions.
  @hydra.main(config_path='cfgs', config_name='svea_config')
| [33mtrain[0m | F: 4500 | S: 4500 | E: 9 | L: 500 | R: 0.7113 | BS: 4500 | FPS: 1.2506 | T: 0:06:39
/Users/a2mogus/build-projs/ccm-intro/projects/many-gens-rl-vigen/RL-ViGen-upstream/train.py:297: Hydra14MigrationWarning: 
The version_base parameter is not specified.
Hydra will assume defaults for version 1.1.
Hydra 1.4 will remove this compatibility behavior.
Before upgrading to Hydra 1.4, set version_base="1.3" and test your application.
See https://hydra.cc/docs/upgrades/1.3_to_1.4/prepare_for_1_4/ for preparation instructions.
  @hydra.main(config_path='cfgs', config_name='svea_config')
/Users/a2mogus/build-projs/ccm-intro/projects/many-gens-rl-vigen/RL-ViGen-upstream/train.py:297: Hydra14MigrationWarning: 
The version_base parameter is not specified.
Hydra will assume defaults for version 1.1.
Hydra 1.4 will remove this compatibility behavior.
Before upgrading to Hydra 1.4, set version_base="1.3" and test your application.
See https://hydra.cc/docs/upgrades/1.3_to_1.4/prepare_for_1_4/ for preparation instructions.
  @hydra.main(config_path='cfgs', config_name='svea_config')
/Users/a2mogus/build-projs/ccm-intro/projects/many-gens-rl-vigen/RL-ViGen-upstream/train.py:297: Hydra14MigrationWarning: 
The version_base parameter is not specified.
Hydra will assume defaults for version 1.1.
Hydra 1.4 will remove this compatibility behavior.
Before upgrading to Hydra 1.4, set version_base="1.3" and test your application.
See https://hydra.cc/docs/upgrades/1.3_to_1.4/prepare_for_1_4/ for preparation instructions.
  @hydra.main(config_path='cfgs', config_name='svea_config')
/Users/a2mogus/build-projs/ccm-intro/projects/many-gens-rl-vigen/RL-ViGen-upstream/train.py:297: Hydra14MigrationWarning: 
The version_base parameter is not specified.
Hydra will assume defaults for version 1.1.
Hydra 1.4 will remove this compatibility behavior.
Before upgrading to Hydra 1.4, set version_base="1.3" and test your application.
See https://hydra.cc/docs/upgrades/1.3_to_1.4/prepare_for_1_4/ for preparation instructions.
  @hydra.main(config_path='cfgs', config_name='svea_config')
/Users/a2mogus/build-projs/ccm-intro/projects/many-gens-rl-vigen/RL-ViGen-upstream/train.py:297: Hydra14MigrationWarning: 
The version_base parameter is not specified.
Hydra will assume defaults for version 1.1.
Hydra 1.4 will remove this compatibility behavior.
Before upgrading to Hydra 1.4, set version_base="1.3" and test your application.
See https://hydra.cc/docs/upgrades/1.3_to_1.4/prepare_for_1_4/ for preparation instructions.
  @hydra.main(config_path='cfgs', config_name='svea_config')
/Users/a2mogus/build-projs/ccm-intro/projects/many-gens-rl-vigen/RL-ViGen-upstream/train.py:297: Hydra14MigrationWarning: 
The version_base parameter is not specified.
Hydra will assume defaults for version 1.1.
Hydra 1.4 will remove this compatibility behavior.
Before upgrading to Hydra 1.4, set version_base="1.3" and test your application.
See https://hydra.cc/docs/upgrades/1.3_to_1.4/prepare_for_1_4/ for preparation instructions.
  @hydra.main(config_path='cfgs', config_name='svea_config')
/Users/a2mogus/build-projs/ccm-intro/projects/many-gens-rl-vigen/RL-ViGen-upstream/train.py:297: Hydra14MigrationWarning: 
The version_base parameter is not specified.
Hydra will assume defaults for version 1.1.
Hydra 1.4 will remove this compatibility behavior.
Before upgrading to Hydra 1.4, set version_base="1.3" and test your application.
See https://hydra.cc/docs/upgrades/1.3_to_1.4/prepare_for_1_4/ for preparation instructions.
  @hydra.main(config_path='cfgs', config_name='svea_config')
/Users/a2mogus/build-projs/ccm-intro/projects/many-gens-rl-vigen/RL-ViGen-upstream/train.py:297: Hydra14MigrationWarning: 
The version_base parameter is not specified.
Hydra will assume defaults for version 1.1.
Hydra 1.4 will remove this compatibility behavior.
Before upgrading to Hydra 1.4, set version_base="1.3" and test your application.
See https://hydra.cc/docs/upgrades/1.3_to_1.4/prepare_for_1_4/ for preparation instructions.
  @hydra.main(config_path='cfgs', config_name='svea_config')
/Users/a2mogus/build-projs/ccm-intro/projects/many-gens-rl-vigen/RL-ViGen-upstream/train.py:297: Hydra14MigrationWarning: 
The version_base parameter is not specified.
Hydra will assume defaults for version 1.1.
Hydra 1.4 will remove this compatibility behavior.
Before upgrading to Hydra 1.4, set version_base="1.3" and test your application.
See https://hydra.cc/docs/upgrades/1.3_to_1.4/prepare_for_1_4/ for preparation instructions.
  @hydra.main(config_path='cfgs', config_name='svea_config')
/Users/a2mogus/build-projs/ccm-intro/projects/many-gens-rl-vigen/RL-ViGen-upstream/train.py:297: Hydra14MigrationWarning: 
The version_base parameter is not specified.
Hydra will assume defaults for version 1.1.
Hydra 1.4 will remove this compatibility behavior.
Before upgrading to Hydra 1.4, set version_base="1.3" and test your application.
See https://hydra.cc/docs/upgrades/1.3_to_1.4/prepare_for_1_4/ for preparation instructions.
  @hydra.main(config_path='cfgs', config_name='svea_config')
/Users/a2mogus/build-projs/ccm-intro/projects/many-gens-rl-vigen/RL-ViGen-upstream/train.py:297: Hydra14MigrationWarning: 
The version_base parameter is not specified.
Hydra will assume defaults for version 1.1.
Hydra 1.4 will remove this compatibility behavior.
Before upgrading to Hydra 1.4, set version_base="1.3" and test your application.
See https://hydra.cc/docs/upgrades/1.3_to_1.4/prepare_for_1_4/ for preparation instructions.
  @hydra.main(config_path='cfgs', config_name='svea_config')
/Users/a2mogus/build-projs/ccm-intro/projects/many-gens-rl-vigen/RL-ViGen-upstream/train.py:297: Hydra14MigrationWarning: 
The version_base parameter is not specified.
Hydra will assume defaults for version 1.1.
Hydra 1.4 will remove this compatibility behavior.
Before upgrading to Hydra 1.4, set version_base="1.3" and test your application.
See https://hydra.cc/docs/upgrades/1.3_to_1.4/prepare_for_1_4/ for preparation instructions.
  @hydra.main(config_path='cfgs', config_name='svea_config')
/Users/a2mogus/build-projs/ccm-intro/projects/many-gens-rl-vigen/RL-ViGen-upstream/train.py:297: Hydra14MigrationWarning: 
The version_base parameter is not specified.
Hydra will assume defaults for version 1.1.
Hydra 1.4 will remove this compatibility behavior.
Before upgrading to Hydra 1.4, set version_base="1.3" and test your application.
See https://hydra.cc/docs/upgrades/1.3_to_1.4/prepare_for_1_4/ for preparation instructions.
  @hydra.main(config_path='cfgs', config_name='svea_config')
/Users/a2mogus/build-projs/ccm-intro/projects/many-gens-rl-vigen/RL-ViGen-upstream/train.py:297: Hydra14MigrationWarning: 
The version_base parameter is not specified.
Hydra will assume defaults for version 1.1.
Hydra 1.4 will remove this compatibility behavior.
Before upgrading to Hydra 1.4, set version_base="1.3" and test your application.
See https://hydra.cc/docs/upgrades/1.3_to_1.4/prepare_for_1_4/ for preparation instructions.
  @hydra.main(config_path='cfgs', config_name='svea_config')
/Users/a2mogus/build-projs/ccm-intro/projects/many-gens-rl-vigen/RL-ViGen-upstream/train.py:297: Hydra14MigrationWarning: 
The version_base parameter is not specified.
Hydra will assume defaults for version 1.1.
Hydra 1.4 will remove this compatibility behavior.
Before upgrading to Hydra 1.4, set version_base="1.3" and test your application.
See https://hydra.cc/docs/upgrades/1.3_to_1.4/prepare_for_1_4/ for preparation instructions.
  @hydra.main(config_path='cfgs', config_name='svea_config')
/Users/a2mogus/build-projs/ccm-intro/projects/many-gens-rl-vigen/RL-ViGen-upstream/train.py:297: Hydra14MigrationWarning: 
The version_base parameter is not specified.
Hydra will assume defaults for version 1.1.
Hydra 1.4 will remove this compatibility behavior.
Before upgrading to Hydra 1.4, set version_base="1.3" and test your application.
See https://hydra.cc/docs/upgrades/1.3_to_1.4/prepare_for_1_4/ for preparation instructions.
  @hydra.main(config_path='cfgs', config_name='svea_config')
| [33mtrain[0m | F: 5000 | S: 5000 | E: 10 | L: 500 | R: 1.2785 | BS: 5000 | FPS: 1.7099 | T: 0:11:32
/Users/a2mogus/build-projs/ccm-intro/projects/many-gens-rl-vigen/RL-ViGen-upstream/train.py:297: Hydra14MigrationWarning: 
The version_base parameter is not specified.
Hydra will assume defaults for version 1.1.
Hydra 1.4 will remove this compatibility behavior.
Before upgrading to Hydra 1.4, set version_base="1.3" and test your application.
See https://hydra.cc/docs/upgrades/1.3_to_1.4/prepare_for_1_4/ for preparation instructions.
  @hydra.main(config_path='cfgs', config_name='svea_config')
/Users/a2mogus/build-projs/ccm-intro/projects/many-gens-rl-vigen/RL-ViGen-upstream/train.py:297: Hydra14MigrationWarning: 
The version_base parameter is not specified.
Hydra will assume defaults for version 1.1.
Hydra 1.4 will remove this compatibility behavior.
Before upgrading to Hydra 1.4, set version_base="1.3" and test your application.
See https://hydra.cc/docs/upgrades/1.3_to_1.4/prepare_for_1_4/ for preparation instructions.
  @hydra.main(config_path='cfgs', config_name='svea_config')
/Users/a2mogus/build-projs/ccm-intro/projects/many-gens-rl-vigen/RL-ViGen-upstream/train.py:297: Hydra14MigrationWarning: 
The version_base parameter is not specified.
Hydra will assume defaults for version 1.1.
Hydra 1.4 will remove this compatibility behavior.
Before upgrading to Hydra 1.4, set version_base="1.3" and test your application.
See https://hydra.cc/docs/upgrades/1.3_to_1.4/prepare_for_1_4/ for preparation instructions.
  @hydra.main(config_path='cfgs', config_name='svea_config')
/Users/a2mogus/build-projs/ccm-intro/projects/many-gens-rl-vigen/RL-ViGen-upstream/train.py:297: Hydra14MigrationWarning: 
The version_base parameter is not specified.
Hydra will assume defaults for version 1.1.
Hydra 1.4 will remove this compatibility behavior.
Before upgrading to Hydra 1.4, set version_base="1.3" and test your application.
See https://hydra.cc/docs/upgrades/1.3_to_1.4/prepare_for_1_4/ for preparation instructions.
  @hydra.main(config_path='cfgs', config_name='svea_config')
/Users/a2mogus/build-projs/ccm-intro/projects/many-gens-rl-vigen/RL-ViGen-upstream/train.py:297: Hydra14MigrationWarning: 
The version_base parameter is not specified.
Hydra will assume defaults for version 1.1.
Hydra 1.4 will remove this compatibility behavior.
Before upgrading to Hydra 1.4, set version_base="1.3" and test your application.
See https://hydra.cc/docs/upgrades/1.3_to_1.4/prepare_for_1_4/ for preparation instructions.
  @hydra.main(config_path='cfgs', config_name='svea_config')
/Users/a2mogus/build-projs/ccm-intro/projects/many-gens-rl-vigen/RL-ViGen-upstream/train.py:297: Hydra14MigrationWarning: 
The version_base parameter is not specified.
Hydra will assume defaults for version 1.1.
Hydra 1.4 will remove this compatibility behavior.
Before upgrading to Hydra 1.4, set version_base="1.3" and test your application.
See https://hydra.cc/docs/upgrades/1.3_to_1.4/prepare_for_1_4/ for preparation instructions.
  @hydra.main(config_path='cfgs', config_name='svea_config')
/Users/a2mogus/build-projs/ccm-intro/projects/many-gens-rl-vigen/RL-ViGen-upstream/train.py:297: Hydra14MigrationWarning: 
The version_base parameter is not specified.
Hydra will assume defaults for version 1.1.
Hydra 1.4 will remove this compatibility behavior.
Before upgrading to Hydra 1.4, set version_base="1.3" and test your application.
See https://hydra.cc/docs/upgrades/1.3_to_1.4/prepare_for_1_4/ for preparation instructions.
  @hydra.main(config_path='cfgs', config_name='svea_config')
/Users/a2mogus/build-projs/ccm-intro/projects/many-gens-rl-vigen/RL-ViGen-upstream/train.py:297: Hydra14MigrationWarning: 
The version_base parameter is not specified.
Hydra will assume defaults for version 1.1.
Hydra 1.4 will remove this compatibility behavior.
Before upgrading to Hydra 1.4, set version_base="1.3" and test your application.
See https://hydra.cc/docs/upgrades/1.3_to_1.4/prepare_for_1_4/ for preparation instructions.
  @hydra.main(config_path='cfgs', config_name='svea_config')
/Users/a2mogus/build-projs/ccm-intro/projects/many-gens-rl-vigen/RL-ViGen-upstream/train.py:297: Hydra14MigrationWarning: 
The version_base parameter is not specified.
Hydra will assume defaults for version 1.1.
Hydra 1.4 will remove this compatibility behavior.
Before upgrading to Hydra 1.4, set version_base="1.3" and test your application.
See https://hydra.cc/docs/upgrades/1.3_to_1.4/prepare_for_1_4/ for preparation instructions.
  @hydra.main(config_path='cfgs', config_name='svea_config')
/Users/a2mogus/build-projs/ccm-intro/projects/many-gens-rl-vigen/RL-ViGen-upstream/train.py:297: Hydra14MigrationWarning: 
The version_base parameter is not specified.
Hydra will assume defaults for version 1.1.
Hydra 1.4 will remove this compatibility behavior.
Before upgrading to Hydra 1.4, set version_base="1.3" and test your application.
See https://hydra.cc/docs/upgrades/1.3_to_1.4/prepare_for_1_4/ for preparation instructions.
  @hydra.main(config_path='cfgs', config_name='svea_config')
/Users/a2mogus/build-projs/ccm-intro/projects/many-gens-rl-vigen/RL-ViGen-upstream/train.py:297: Hydra14MigrationWarning: 
The version_base parameter is not specified.
Hydra will assume defaults for version 1.1.
Hydra 1.4 will remove this compatibility behavior.
Before upgrading to Hydra 1.4, set version_base="1.3" and test your application.
See https://hydra.cc/docs/upgrades/1.3_to_1.4/prepare_for_1_4/ for preparation instructions.
  @hydra.main(config_path='cfgs', config_name='svea_config')
/Users/a2mogus/build-projs/ccm-intro/projects/many-gens-rl-vigen/RL-ViGen-upstream/train.py:297: Hydra14MigrationWarning: 
The version_base parameter is not specified.
Hydra will assume defaults for version 1.1.
Hydra 1.4 will remove this compatibility behavior.
Before upgrading to Hydra 1.4, set version_base="1.3" and test your application.
See https://hydra.cc/docs/upgrades/1.3_to_1.4/prepare_for_1_4/ for preparation instructions.
  @hydra.main(config_path='cfgs', config_name='svea_config')
/Users/a2mogus/build-projs/ccm-intro/projects/many-gens-rl-vigen/RL-ViGen-upstream/train.py:297: Hydra14MigrationWarning: 
The version_base parameter is not specified.
Hydra will assume defaults for version 1.1.
Hydra 1.4 will remove this compatibility behavior.
Before upgrading to Hydra 1.4, set version_base="1.3" and test your application.
See https://hydra.cc/docs/upgrades/1.3_to_1.4/prepare_for_1_4/ for preparation instructions.
  @hydra.main(config_path='cfgs', config_name='svea_config')
/Users/a2mogus/build-projs/ccm-intro/projects/many-gens-rl-vigen/RL-ViGen-upstream/train.py:297: Hydra14MigrationWarning: 
The version_base parameter is not specified.
Hydra will assume defaults for version 1.1.
Hydra 1.4 will remove this compatibility behavior.
Before upgrading to Hydra 1.4, set version_base="1.3" and test your application.
See https://hydra.cc/docs/upgrades/1.3_to_1.4/prepare_for_1_4/ for preparation instructions.
  @hydra.main(config_path='cfgs', config_name='svea_config')
/Users/a2mogus/build-projs/ccm-intro/projects/many-gens-rl-vigen/RL-ViGen-upstream/train.py:297: Hydra14MigrationWarning: 
The version_base parameter is not specified.
Hydra will assume defaults for version 1.1.
Hydra 1.4 will remove this compatibility behavior.
Before upgrading to Hydra 1.4, set version_base="1.3" and test your application.
See https://hydra.cc/docs/upgrades/1.3_to_1.4/prepare_for_1_4/ for preparation instructions.
  @hydra.main(config_path='cfgs', config_name='svea_config')
/Users/a2mogus/build-projs/ccm-intro/projects/many-gens-rl-vigen/RL-ViGen-upstream/train.py:297: Hydra14MigrationWarning: 
The version_base parameter is not specified.
Hydra will assume defaults for version 1.1.
Hydra 1.4 will remove this compatibility behavior.
Before upgrading to Hydra 1.4, set version_base="1.3" and test your application.
See https://hydra.cc/docs/upgrades/1.3_to_1.4/prepare_for_1_4/ for preparation instructions.
  @hydra.main(config_path='cfgs', config_name='svea_config')
| [33mtrain[0m | F: 5500 | S: 5500 | E: 11 | L: 500 | R: 1.8089 | BS: 5500 | FPS: 1.5646 | T: 0:16:51
/Users/a2mogus/build-projs/ccm-intro/projects/many-gens-rl-vigen/RL-ViGen-upstream/train.py:297: Hydra14MigrationWarning: 
The version_base parameter is not specified.
Hydra will assume defaults for version 1.1.
Hydra 1.4 will remove this compatibility behavior.
Before upgrading to Hydra 1.4, set version_base="1.3" and test your application.
See https://hydra.cc/docs/upgrades/1.3_to_1.4/prepare_for_1_4/ for preparation instructions.
  @hydra.main(config_path='cfgs', config_name='svea_config')
/Users/a2mogus/build-projs/ccm-intro/projects/many-gens-rl-vigen/RL-ViGen-upstream/train.py:297: Hydra14MigrationWarning: 
The version_base parameter is not specified.
Hydra will assume defaults for version 1.1.
Hydra 1.4 will remove this compatibility behavior.
Before upgrading to Hydra 1.4, set version_base="1.3" and test your application.
See https://hydra.cc/docs/upgrades/1.3_to_1.4/prepare_for_1_4/ for preparation instructions.
  @hydra.main(config_path='cfgs', config_name='svea_config')
/Users/a2mogus/build-projs/ccm-intro/projects/many-gens-rl-vigen/RL-ViGen-upstream/train.py:297: Hydra14MigrationWarning: 
The version_base parameter is not specified.
Hydra will assume defaults for version 1.1.
Hydra 1.4 will remove this compatibility behavior.
Before upgrading to Hydra 1.4, set version_base="1.3" and test your application.
See https://hydra.cc/docs/upgrades/1.3_to_1.4/prepare_for_1_4/ for preparation instructions.
  @hydra.main(config_path='cfgs', config_name='svea_config')
/Users/a2mogus/build-projs/ccm-intro/projects/many-gens-rl-vigen/RL-ViGen-upstream/train.py:297: Hydra14MigrationWarning: 
The version_base parameter is not specified.
Hydra will assume defaults for version 1.1.
Hydra 1.4 will remove this compatibility behavior.
Before upgrading to Hydra 1.4, set version_base="1.3" and test your application.
See https://hydra.cc/docs/upgrades/1.3_to_1.4/prepare_for_1_4/ for preparation instructions.
  @hydra.main(config_path='cfgs', config_name='svea_config')
/Users/a2mogus/build-projs/ccm-intro/projects/many-gens-rl-vigen/RL-ViGen-upstream/train.py:297: Hydra14MigrationWarning: 
The version_base parameter is not specified.
Hydra will assume defaults for version 1.1.
Hydra 1.4 will remove this compatibility behavior.
Before upgrading to Hydra 1.4, set version_base="1.3" and test your application.
See https://hydra.cc/docs/upgrades/1.3_to_1.4/prepare_for_1_4/ for preparation instructions.
  @hydra.main(config_path='cfgs', config_name='svea_config')
/Users/a2mogus/build-projs/ccm-intro/projects/many-gens-rl-vigen/RL-ViGen-upstream/train.py:297: Hydra14MigrationWarning: 
The version_base parameter is not specified.
Hydra will assume defaults for version 1.1.
Hydra 1.4 will remove this compatibility behavior.
Before upgrading to Hydra 1.4, set version_base="1.3" and test your application.
See https://hydra.cc/docs/upgrades/1.3_to_1.4/prepare_for_1_4/ for preparation instructions.
  @hydra.main(config_path='cfgs', config_name='svea_config')
/Users/a2mogus/build-projs/ccm-intro/projects/many-gens-rl-vigen/RL-ViGen-upstream/train.py:297: Hydra14MigrationWarning: 
The version_base parameter is not specified.
Hydra will assume defaults for version 1.1.
Hydra 1.4 will remove this compatibility behavior.
Before upgrading to Hydra 1.4, set version_base="1.3" and test your application.
See https://hydra.cc/docs/upgrades/1.3_to_1.4/prepare_for_1_4/ for preparation instructions.
  @hydra.main(config_path='cfgs', config_name='svea_config')
/Users/a2mogus/build-projs/ccm-intro/projects/many-gens-rl-vigen/RL-ViGen-upstream/train.py:297: Hydra14MigrationWarning: 
The version_base parameter is not specified.
Hydra will assume defaults for version 1.1.
Hydra 1.4 will remove this compatibility behavior.
Before upgrading to Hydra 1.4, set version_base="1.3" and test your application.
See https://hydra.cc/docs/upgrades/1.3_to_1.4/prepare_for_1_4/ for preparation instructions.
  @hydra.main(config_path='cfgs', config_name='svea_config')
/Users/a2mogus/build-projs/ccm-intro/projects/many-gens-rl-vigen/RL-ViGen-upstream/train.py:297: Hydra14MigrationWarning: 
The version_base parameter is not specified.
Hydra will assume defaults for version 1.1.
Hydra 1.4 will remove this compatibility behavior.
Before upgrading to Hydra 1.4, set version_base="1.3" and test your application.
See https://hydra.cc/docs/upgrades/1.3_to_1.4/prepare_for_1_4/ for preparation instructions.
  @hydra.main(config_path='cfgs', config_name='svea_config')
/Users/a2mogus/build-projs/ccm-intro/projects/many-gens-rl-vigen/RL-ViGen-upstream/train.py:297: Hydra14MigrationWarning: 
The version_base parameter is not specified.
Hydra will assume defaults for version 1.1.
Hydra 1.4 will remove this compatibility behavior.
Before upgrading to Hydra 1.4, set version_base="1.3" and test your application.
See https://hydra.cc/docs/upgrades/1.3_to_1.4/prepare_for_1_4/ for preparation instructions.
  @hydra.main(config_path='cfgs', config_name='svea_config')
/Users/a2mogus/build-projs/ccm-intro/projects/many-gens-rl-vigen/RL-ViGen-upstream/train.py:297: Hydra14MigrationWarning: 
The version_base parameter is not specified.
Hydra will assume defaults for version 1.1.
Hydra 1.4 will remove this compatibility behavior.
Before upgrading to Hydra 1.4, set version_base="1.3" and test your application.
See https://hydra.cc/docs/upgrades/1.3_to_1.4/prepare_for_1_4/ for preparation instructions.
  @hydra.main(config_path='cfgs', config_name='svea_config')
/Users/a2mogus/build-projs/ccm-intro/projects/many-gens-rl-vigen/RL-ViGen-upstream/train.py:297: Hydra14MigrationWarning: 
The version_base parameter is not specified.
Hydra will assume defaults for version 1.1.
Hydra 1.4 will remove this compatibility behavior.
Before upgrading to Hydra 1.4, set version_base="1.3" and test your application.
See https://hydra.cc/docs/upgrades/1.3_to_1.4/prepare_for_1_4/ for preparation instructions.
  @hydra.main(config_path='cfgs', config_name='svea_config')
/Users/a2mogus/build-projs/ccm-intro/projects/many-gens-rl-vigen/RL-ViGen-upstream/train.py:297: Hydra14MigrationWarning: 
The version_base parameter is not specified.
Hydra will assume defaults for version 1.1.
Hydra 1.4 will remove this compatibility behavior.
Before upgrading to Hydra 1.4, set version_base="1.3" and test your application.
See https://hydra.cc/docs/upgrades/1.3_to_1.4/prepare_for_1_4/ for preparation instructions.
  @hydra.main(config_path='cfgs', config_name='svea_config')
/Users/a2mogus/build-projs/ccm-intro/projects/many-gens-rl-vigen/RL-ViGen-upstream/train.py:297: Hydra14MigrationWarning: 
The version_base parameter is not specified.
Hydra will assume defaults for version 1.1.
Hydra 1.4 will remove this compatibility behavior.
Before upgrading to Hydra 1.4, set version_base="1.3" and test your application.
See https://hydra.cc/docs/upgrades/1.3_to_1.4/prepare_for_1_4/ for preparation instructions.
  @hydra.main(config_path='cfgs', config_name='svea_config')
/Users/a2mogus/build-projs/ccm-intro/projects/many-gens-rl-vigen/RL-ViGen-upstream/train.py:297: Hydra14MigrationWarning: 
The version_base parameter is not specified.
Hydra will assume defaults for version 1.1.
Hydra 1.4 will remove this compatibility behavior.
Before upgrading to Hydra 1.4, set version_base="1.3" and test your application.
See https://hydra.cc/docs/upgrades/1.3_to_1.4/prepare_for_1_4/ for preparation instructions.
  @hydra.main(config_path='cfgs', config_name='svea_config')
/Users/a2mogus/build-projs/ccm-intro/projects/many-gens-rl-vigen/RL-ViGen-upstream/train.py:297: Hydra14MigrationWarning: 
The version_base parameter is not specified.
Hydra will assume defaults for version 1.1.
Hydra 1.4 will remove this compatibility behavior.
Before upgrading to Hydra 1.4, set version_base="1.3" and test your application.
See https://hydra.cc/docs/upgrades/1.3_to_1.4/prepare_for_1_4/ for preparation instructions.
  @hydra.main(config_path='cfgs', config_name='svea_config')
| [33mtrain[0m | F: 6000 | S: 6000 | E: 12 | L: 500 | R: 2.6876 | BS: 6000 | FPS: 1.5717 | T: 0:22:09
/Users/a2mogus/build-projs/ccm-intro/projects/many-gens-rl-vigen/RL-ViGen-upstream/train.py:297: Hydra14MigrationWarning: 
The version_base parameter is not specified.
Hydra will assume defaults for version 1.1.
Hydra 1.4 will remove this compatibility behavior.
Before upgrading to Hydra 1.4, set version_base="1.3" and test your application.
See https://hydra.cc/docs/upgrades/1.3_to_1.4/prepare_for_1_4/ for preparation instructions.
  @hydra.main(config_path='cfgs', config_name='svea_config')
/Users/a2mogus/build-projs/ccm-intro/projects/many-gens-rl-vigen/RL-ViGen-upstream/train.py:297: Hydra14MigrationWarning: 
The version_base parameter is not specified.
Hydra will assume defaults for version 1.1.
Hydra 1.4 will remove this compatibility behavior.
Before upgrading to Hydra 1.4, set version_base="1.3" and test your application.
See https://hydra.cc/docs/upgrades/1.3_to_1.4/prepare_for_1_4/ for preparation instructions.
  @hydra.main(config_path='cfgs', config_name='svea_config')
/Users/a2mogus/build-projs/ccm-intro/projects/many-gens-rl-vigen/RL-ViGen-upstream/train.py:297: Hydra14MigrationWarning: 
The version_base parameter is not specified.
Hydra will assume defaults for version 1.1.
Hydra 1.4 will remove this compatibility behavior.
Before upgrading to Hydra 1.4, set version_base="1.3" and test your application.
See https://hydra.cc/docs/upgrades/1.3_to_1.4/prepare_for_1_4/ for preparation instructions.
  @hydra.main(config_path='cfgs', config_name='svea_config')
/Users/a2mogus/build-projs/ccm-intro/projects/many-gens-rl-vigen/RL-ViGen-upstream/train.py:297: Hydra14MigrationWarning: 
The version_base parameter is not specified.
Hydra will assume defaults for version 1.1.
Hydra 1.4 will remove this compatibility behavior.
Before upgrading to Hydra 1.4, set version_base="1.3" and test your application.
See https://hydra.cc/docs/upgrades/1.3_to_1.4/prepare_for_1_4/ for preparation instructions.
  @hydra.main(config_path='cfgs', config_name='svea_config')
/Users/a2mogus/build-projs/ccm-intro/projects/many-gens-rl-vigen/RL-ViGen-upstream/train.py:297: Hydra14MigrationWarning: 
The version_base parameter is not specified.
Hydra will assume defaults for version 1.1.
Hydra 1.4 will remove this compatibility behavior.
Before upgrading to Hydra 1.4, set version_base="1.3" and test your application.
See https://hydra.cc/docs/upgrades/1.3_to_1.4/prepare_for_1_4/ for preparation instructions.
  @hydra.main(config_path='cfgs', config_name='svea_config')
/Users/a2mogus/build-projs/ccm-intro/projects/many-gens-rl-vigen/RL-ViGen-upstream/train.py:297: Hydra14MigrationWarning: 
The version_base parameter is not specified.
Hydra will assume defaults for version 1.1.
Hydra 1.4 will remove this compatibility behavior.
Before upgrading to Hydra 1.4, set version_base="1.3" and test your application.
See https://hydra.cc/docs/upgrades/1.3_to_1.4/prepare_for_1_4/ for preparation instructions.
  @hydra.main(config_path='cfgs', config_name='svea_config')
/Users/a2mogus/build-projs/ccm-intro/projects/many-gens-rl-vigen/RL-ViGen-upstream/train.py:297: Hydra14MigrationWarning: 
The version_base parameter is not specified.
Hydra will assume defaults for version 1.1.
Hydra 1.4 will remove this compatibility behavior.
Before upgrading to Hydra 1.4, set version_base="1.3" and test your application.
See https://hydra.cc/docs/upgrades/1.3_to_1.4/prepare_for_1_4/ for preparation instructions.
  @hydra.main(config_path='cfgs', config_name='svea_config')
/Users/a2mogus/build-projs/ccm-intro/projects/many-gens-rl-vigen/RL-ViGen-upstream/train.py:297: Hydra14MigrationWarning: 
The version_base parameter is not specified.
Hydra will assume defaults for version 1.1.
Hydra 1.4 will remove this compatibility behavior.
Before upgrading to Hydra 1.4, set version_base="1.3" and test your application.
See https://hydra.cc/docs/upgrades/1.3_to_1.4/prepare_for_1_4/ for preparation instructions.
  @hydra.main(config_path='cfgs', config_name='svea_config')
| [33mtrain[0m | F: 6500 | S: 6500 | E: 13 | L: 500 | R: 1.0460 | BS: 6500 | FPS: 1.9922 | T: 0:26:20
/Users/a2mogus/build-projs/ccm-intro/projects/many-gens-rl-vigen/RL-ViGen-upstream/train.py:297: Hydra14MigrationWarning: 
The version_base parameter is not specified.
Hydra will assume defaults for version 1.1.
Hydra 1.4 will remove this compatibility behavior.
Before upgrading to Hydra 1.4, set version_base="1.3" and test your application.
See https://hydra.cc/docs/upgrades/1.3_to_1.4/prepare_for_1_4/ for preparation instructions.
  @hydra.main(config_path='cfgs', config_name='svea_config')
/Users/a2mogus/build-projs/ccm-intro/projects/many-gens-rl-vigen/RL-ViGen-upstream/train.py:297: Hydra14MigrationWarning: 
The version_base parameter is not specified.
Hydra will assume defaults for version 1.1.
Hydra 1.4 will remove this compatibility behavior.
Before upgrading to Hydra 1.4, set version_base="1.3" and test your application.
See https://hydra.cc/docs/upgrades/1.3_to_1.4/prepare_for_1_4/ for preparation instructions.
  @hydra.main(config_path='cfgs', config_name='svea_config')
/Users/a2mogus/build-projs/ccm-intro/projects/many-gens-rl-vigen/RL-ViGen-upstream/train.py:297: Hydra14MigrationWarning: 
The version_base parameter is not specified.
Hydra will assume defaults for version 1.1.
Hydra 1.4 will remove this compatibility behavior.
Before upgrading to Hydra 1.4, set version_base="1.3" and test your application.
See https://hydra.cc/docs/upgrades/1.3_to_1.4/prepare_for_1_4/ for preparation instructions.
  @hydra.main(config_path='cfgs', config_name='svea_config')
/Users/a2mogus/build-projs/ccm-intro/projects/many-gens-rl-vigen/RL-ViGen-upstream/train.py:297: Hydra14MigrationWarning: 
The version_base parameter is not specified.
Hydra will assume defaults for version 1.1.
Hydra 1.4 will remove this compatibility behavior.
Before upgrading to Hydra 1.4, set version_base="1.3" and test your application.
See https://hydra.cc/docs/upgrades/1.3_to_1.4/prepare_for_1_4/ for preparation instructions.
  @hydra.main(config_path='cfgs', config_name='svea_config')
/Users/a2mogus/build-projs/ccm-intro/projects/many-gens-rl-vigen/RL-ViGen-upstream/train.py:297: Hydra14MigrationWarning: 
The version_base parameter is not specified.
Hydra will assume defaults for version 1.1.
Hydra 1.4 will remove this compatibility behavior.
Before upgrading to Hydra 1.4, set version_base="1.3" and test your application.
See https://hydra.cc/docs/upgrades/1.3_to_1.4/prepare_for_1_4/ for preparation instructions.
  @hydra.main(config_path='cfgs', config_name='svea_config')
/Users/a2mogus/build-projs/ccm-intro/projects/many-gens-rl-vigen/RL-ViGen-upstream/train.py:297: Hydra14MigrationWarning: 
The version_base parameter is not specified.
Hydra will assume defaults for version 1.1.
Hydra 1.4 will remove this compatibility behavior.
Before upgrading to Hydra 1.4, set version_base="1.3" and test your application.
See https://hydra.cc/docs/upgrades/1.3_to_1.4/prepare_for_1_4/ for preparation instructions.
  @hydra.main(config_path='cfgs', config_name='svea_config')
/Users/a2mogus/build-projs/ccm-intro/projects/many-gens-rl-vigen/RL-ViGen-upstream/train.py:297: Hydra14MigrationWarning: 
The version_base parameter is not specified.
Hydra will assume defaults for version 1.1.
Hydra 1.4 will remove this compatibility behavior.
Before upgrading to Hydra 1.4, set version_base="1.3" and test your application.
See https://hydra.cc/docs/upgrades/1.3_to_1.4/prepare_for_1_4/ for preparation instructions.
  @hydra.main(config_path='cfgs', config_name='svea_config')
/Users/a2mogus/build-projs/ccm-intro/projects/many-gens-rl-vigen/RL-ViGen-upstream/train.py:297: Hydra14MigrationWarning: 
The version_base parameter is not specified.
Hydra will assume defaults for version 1.1.
Hydra 1.4 will remove this compatibility behavior.
Before upgrading to Hydra 1.4, set version_base="1.3" and test your application.
See https://hydra.cc/docs/upgrades/1.3_to_1.4/prepare_for_1_4/ for preparation instructions.
  @hydra.main(config_path='cfgs', config_name='svea_config')
/Users/a2mogus/build-projs/ccm-intro/projects/many-gens-rl-vigen/RL-ViGen-upstream/train.py:297: Hydra14MigrationWarning: 
The version_base parameter is not specified.
Hydra will assume defaults for version 1.1.
Hydra 1.4 will remove this compatibility behavior.
Before upgrading to Hydra 1.4, set version_base="1.3" and test your application.
See https://hydra.cc/docs/upgrades/1.3_to_1.4/prepare_for_1_4/ for preparation instructions.
  @hydra.main(config_path='cfgs', config_name='svea_config')
/Users/a2mogus/build-projs/ccm-intro/projects/many-gens-rl-vigen/RL-ViGen-upstream/train.py:297: Hydra14MigrationWarning: 
The version_base parameter is not specified.
Hydra will assume defaults for version 1.1.
Hydra 1.4 will remove this compatibility behavior.
Before upgrading to Hydra 1.4, set version_base="1.3" and test your application.
See https://hydra.cc/docs/upgrades/1.3_to_1.4/prepare_for_1_4/ for preparation instructions.
  @hydra.main(config_path='cfgs', config_name='svea_config')
/Users/a2mogus/build-projs/ccm-intro/projects/many-gens-rl-vigen/RL-ViGen-upstream/train.py:297: Hydra14MigrationWarning: 
The version_base parameter is not specified.
Hydra will assume defaults for version 1.1.
Hydra 1.4 will remove this compatibility behavior.
Before upgrading to Hydra 1.4, set version_base="1.3" and test your application.
See https://hydra.cc/docs/upgrades/1.3_to_1.4/prepare_for_1_4/ for preparation instructions.
  @hydra.main(config_path='cfgs', config_name='svea_config')
/Users/a2mogus/build-projs/ccm-intro/projects/many-gens-rl-vigen/RL-ViGen-upstream/train.py:297: Hydra14MigrationWarning: 
The version_base parameter is not specified.
Hydra will assume defaults for version 1.1.
Hydra 1.4 will remove this compatibility behavior.
Before upgrading to Hydra 1.4, set version_base="1.3" and test your application.
See https://hydra.cc/docs/upgrades/1.3_to_1.4/prepare_for_1_4/ for preparation instructions.
  @hydra.main(config_path='cfgs', config_name='svea_config')
/Users/a2mogus/build-projs/ccm-intro/projects/many-gens-rl-vigen/RL-ViGen-upstream/train.py:297: Hydra14MigrationWarning: 
The version_base parameter is not specified.
Hydra will assume defaults for version 1.1.
Hydra 1.4 will remove this compatibility behavior.
Before upgrading to Hydra 1.4, set version_base="1.3" and test your application.
See https://hydra.cc/docs/upgrades/1.3_to_1.4/prepare_for_1_4/ for preparation instructions.
  @hydra.main(config_path='cfgs', config_name='svea_config')
/Users/a2mogus/build-projs/ccm-intro/projects/many-gens-rl-vigen/RL-ViGen-upstream/train.py:297: Hydra14MigrationWarning: 
The version_base parameter is not specified.
Hydra will assume defaults for version 1.1.
Hydra 1.4 will remove this compatibility behavior.
Before upgrading to Hydra 1.4, set version_base="1.3" and test your application.
See https://hydra.cc/docs/upgrades/1.3_to_1.4/prepare_for_1_4/ for preparation instructions.
  @hydra.main(config_path='cfgs', config_name='svea_config')
/Users/a2mogus/build-projs/ccm-intro/projects/many-gens-rl-vigen/RL-ViGen-upstream/train.py:297: Hydra14MigrationWarning: 
The version_base parameter is not specified.
Hydra will assume defaults for version 1.1.
Hydra 1.4 will remove this compatibility behavior.
Before upgrading to Hydra 1.4, set version_base="1.3" and test your application.
See https://hydra.cc/docs/upgrades/1.3_to_1.4/prepare_for_1_4/ for preparation instructions.
  @hydra.main(config_path='cfgs', config_name='svea_config')
/Users/a2mogus/build-projs/ccm-intro/projects/many-gens-rl-vigen/RL-ViGen-upstream/train.py:297: Hydra14MigrationWarning: 
The version_base parameter is not specified.
Hydra will assume defaults for version 1.1.
Hydra 1.4 will remove this compatibility behavior.
Before upgrading to Hydra 1.4, set version_base="1.3" and test your application.
See https://hydra.cc/docs/upgrades/1.3_to_1.4/prepare_for_1_4/ for preparation instructions.
  @hydra.main(config_path='cfgs', config_name='svea_config')
| [33mtrain[0m | F: 7000 | S: 7000 | E: 14 | L: 500 | R: 1.0265 | BS: 7000 | FPS: 1.5493 | T: 0:31:43
/Users/a2mogus/build-projs/ccm-intro/projects/many-gens-rl-vigen/RL-ViGen-upstream/train.py:297: Hydra14MigrationWarning: 
The version_base parameter is not specified.
Hydra will assume defaults for version 1.1.
Hydra 1.4 will remove this compatibility behavior.
Before upgrading to Hydra 1.4, set version_base="1.3" and test your application.
See https://hydra.cc/docs/upgrades/1.3_to_1.4/prepare_for_1_4/ for preparation instructions.
  @hydra.main(config_path='cfgs', config_name='svea_config')
/Users/a2mogus/build-projs/ccm-intro/projects/many-gens-rl-vigen/RL-ViGen-upstream/train.py:297: Hydra14MigrationWarning: 
The version_base parameter is not specified.
Hydra will assume defaults for version 1.1.
Hydra 1.4 will remove this compatibility behavior.
Before upgrading to Hydra 1.4, set version_base="1.3" and test your application.
See https://hydra.cc/docs/upgrades/1.3_to_1.4/prepare_for_1_4/ for preparation instructions.
  @hydra.main(config_path='cfgs', config_name='svea_config')
/Users/a2mogus/build-projs/ccm-intro/projects/many-gens-rl-vigen/RL-ViGen-upstream/train.py:297: Hydra14MigrationWarning: 
The version_base parameter is not specified.
Hydra will assume defaults for version 1.1.
Hydra 1.4 will remove this compatibility behavior.
Before upgrading to Hydra 1.4, set version_base="1.3" and test your application.
See https://hydra.cc/docs/upgrades/1.3_to_1.4/prepare_for_1_4/ for preparation instructions.
  @hydra.main(config_path='cfgs', config_name='svea_config')
/Users/a2mogus/build-projs/ccm-intro/projects/many-gens-rl-vigen/RL-ViGen-upstream/train.py:297: Hydra14MigrationWarning: 
The version_base parameter is not specified.
Hydra will assume defaults for version 1.1.
Hydra 1.4 will remove this compatibility behavior.
Before upgrading to Hydra 1.4, set version_base="1.3" and test your application.
See https://hydra.cc/docs/upgrades/1.3_to_1.4/prepare_for_1_4/ for preparation instructions.
  @hydra.main(config_path='cfgs', config_name='svea_config')
/Users/a2mogus/build-projs/ccm-intro/projects/many-gens-rl-vigen/RL-ViGen-upstream/train.py:297: Hydra14MigrationWarning: 
The version_base parameter is not specified.
Hydra will assume defaults for version 1.1.
Hydra 1.4 will remove this compatibility behavior.
Before upgrading to Hydra 1.4, set version_base="1.3" and test your application.
See https://hydra.cc/docs/upgrades/1.3_to_1.4/prepare_for_1_4/ for preparation instructions.
  @hydra.main(config_path='cfgs', config_name='svea_config')
/Users/a2mogus/build-projs/ccm-intro/projects/many-gens-rl-vigen/RL-ViGen-upstream/train.py:297: Hydra14MigrationWarning: 
The version_base parameter is not specified.
Hydra will assume defaults for version 1.1.
Hydra 1.4 will remove this compatibility behavior.
Before upgrading to Hydra 1.4, set version_base="1.3" and test your application.
See https://hydra.cc/docs/upgrades/1.3_to_1.4/prepare_for_1_4/ for preparation instructions.
  @hydra.main(config_path='cfgs', config_name='svea_config')
/Users/a2mogus/build-projs/ccm-intro/projects/many-gens-rl-vigen/RL-ViGen-upstream/train.py:297: Hydra14MigrationWarning: 
The version_base parameter is not specified.
Hydra will assume defaults for version 1.1.
Hydra 1.4 will remove this compatibility behavior.
Before upgrading to Hydra 1.4, set version_base="1.3" and test your application.
See https://hydra.cc/docs/upgrades/1.3_to_1.4/prepare_for_1_4/ for preparation instructions.
  @hydra.main(config_path='cfgs', config_name='svea_config')
/Users/a2mogus/build-projs/ccm-intro/projects/many-gens-rl-vigen/RL-ViGen-upstream/train.py:297: Hydra14MigrationWarning: 
The version_base parameter is not specified.
Hydra will assume defaults for version 1.1.
Hydra 1.4 will remove this compatibility behavior.
Before upgrading to Hydra 1.4, set version_base="1.3" and test your application.
See https://hydra.cc/docs/upgrades/1.3_to_1.4/prepare_for_1_4/ for preparation instructions.
  @hydra.main(config_path='cfgs', config_name='svea_config')
/Users/a2mogus/build-projs/ccm-intro/projects/many-gens-rl-vigen/RL-ViGen-upstream/train.py:297: Hydra14MigrationWarning: 
The version_base parameter is not specified.
Hydra will assume defaults for version 1.1.
Hydra 1.4 will remove this compatibility behavior.
Before upgrading to Hydra 1.4, set version_base="1.3" and test your application.
See https://hydra.cc/docs/upgrades/1.3_to_1.4/prepare_for_1_4/ for preparation instructions.
  @hydra.main(config_path='cfgs', config_name='svea_config')
/Users/a2mogus/build-projs/ccm-intro/projects/many-gens-rl-vigen/RL-ViGen-upstream/train.py:297: Hydra14MigrationWarning: 
The version_base parameter is not specified.
Hydra will assume defaults for version 1.1.
Hydra 1.4 will remove this compatibility behavior.
Before upgrading to Hydra 1.4, set version_base="1.3" and test your application.
See https://hydra.cc/docs/upgrades/1.3_to_1.4/prepare_for_1_4/ for preparation instructions.
  @hydra.main(config_path='cfgs', config_name='svea_config')
/Users/a2mogus/build-projs/ccm-intro/projects/many-gens-rl-vigen/RL-ViGen-upstream/train.py:297: Hydra14MigrationWarning: 
The version_base parameter is not specified.
Hydra will assume defaults for version 1.1.
Hydra 1.4 will remove this compatibility behavior.
Before upgrading to Hydra 1.4, set version_base="1.3" and test your application.
See https://hydra.cc/docs/upgrades/1.3_to_1.4/prepare_for_1_4/ for preparation instructions.
  @hydra.main(config_path='cfgs', config_name='svea_config')
/Users/a2mogus/build-projs/ccm-intro/projects/many-gens-rl-vigen/RL-ViGen-upstream/train.py:297: Hydra14MigrationWarning: 
The version_base parameter is not specified.
Hydra will assume defaults for version 1.1.
Hydra 1.4 will remove this compatibility behavior.
Before upgrading to Hydra 1.4, set version_base="1.3" and test your application.
See https://hydra.cc/docs/upgrades/1.3_to_1.4/prepare_for_1_4/ for preparation instructions.
  @hydra.main(config_path='cfgs', config_name='svea_config')
/Users/a2mogus/build-projs/ccm-intro/projects/many-gens-rl-vigen/RL-ViGen-upstream/train.py:297: Hydra14MigrationWarning: 
The version_base parameter is not specified.
Hydra will assume defaults for version 1.1.
Hydra 1.4 will remove this compatibility behavior.
Before upgrading to Hydra 1.4, set version_base="1.3" and test your application.
See https://hydra.cc/docs/upgrades/1.3_to_1.4/prepare_for_1_4/ for preparation instructions.
  @hydra.main(config_path='cfgs', config_name='svea_config')
/Users/a2mogus/build-projs/ccm-intro/projects/many-gens-rl-vigen/RL-ViGen-upstream/train.py:297: Hydra14MigrationWarning: 
The version_base parameter is not specified.
Hydra will assume defaults for version 1.1.
Hydra 1.4 will remove this compatibility behavior.
Before upgrading to Hydra 1.4, set version_base="1.3" and test your application.
See https://hydra.cc/docs/upgrades/1.3_to_1.4/prepare_for_1_4/ for preparation instructions.
  @hydra.main(config_path='cfgs', config_name='svea_config')
/Users/a2mogus/build-projs/ccm-intro/projects/many-gens-rl-vigen/RL-ViGen-upstream/train.py:297: Hydra14MigrationWarning: 
The version_base parameter is not specified.
Hydra will assume defaults for version 1.1.
Hydra 1.4 will remove this compatibility behavior.
Before upgrading to Hydra 1.4, set version_base="1.3" and test your application.
See https://hydra.cc/docs/upgrades/1.3_to_1.4/prepare_for_1_4/ for preparation instructions.
  @hydra.main(config_path='cfgs', config_name='svea_config')
/Users/a2mogus/build-projs/ccm-intro/projects/many-gens-rl-vigen/RL-ViGen-upstream/train.py:297: Hydra14MigrationWarning: 
The version_base parameter is not specified.
Hydra will assume defaults for version 1.1.
Hydra 1.4 will remove this compatibility behavior.
Before upgrading to Hydra 1.4, set version_base="1.3" and test your application.
See https://hydra.cc/docs/upgrades/1.3_to_1.4/prepare_for_1_4/ for preparation instructions.
  @hydra.main(config_path='cfgs', config_name='svea_config')
| [33mtrain[0m | F: 7500 | S: 7500 | E: 15 | L: 500 | R: 14.9533 | BS: 7500 | FPS: 1.6864 | T: 0:36:40
/Users/a2mogus/build-projs/ccm-intro/projects/many-gens-rl-vigen/RL-ViGen-upstream/train.py:297: Hydra14MigrationWarning: 
The version_base parameter is not specified.
Hydra will assume defaults for version 1.1.
Hydra 1.4 will remove this compatibility behavior.
Before upgrading to Hydra 1.4, set version_base="1.3" and test your application.
See https://hydra.cc/docs/upgrades/1.3_to_1.4/prepare_for_1_4/ for preparation instructions.
  @hydra.main(config_path='cfgs', config_name='svea_config')
/Users/a2mogus/build-projs/ccm-intro/projects/many-gens-rl-vigen/RL-ViGen-upstream/train.py:297: Hydra14MigrationWarning: 
The version_base parameter is not specified.
Hydra will assume defaults for version 1.1.
Hydra 1.4 will remove this compatibility behavior.
Before upgrading to Hydra 1.4, set version_base="1.3" and test your application.
See https://hydra.cc/docs/upgrades/1.3_to_1.4/prepare_for_1_4/ for preparation instructions.
  @hydra.main(config_path='cfgs', config_name='svea_config')
/Users/a2mogus/build-projs/ccm-intro/projects/many-gens-rl-vigen/RL-ViGen-upstream/train.py:297: Hydra14MigrationWarning: 
The version_base parameter is not specified.
Hydra will assume defaults for version 1.1.
Hydra 1.4 will remove this compatibility behavior.
Before upgrading to Hydra 1.4, set version_base="1.3" and test your application.
See https://hydra.cc/docs/upgrades/1.3_to_1.4/prepare_for_1_4/ for preparation instructions.
  @hydra.main(config_path='cfgs', config_name='svea_config')
/Users/a2mogus/build-projs/ccm-intro/projects/many-gens-rl-vigen/RL-ViGen-upstream/train.py:297: Hydra14MigrationWarning: 
The version_base parameter is not specified.
Hydra will assume defaults for version 1.1.
Hydra 1.4 will remove this compatibility behavior.
Before upgrading to Hydra 1.4, set version_base="1.3" and test your application.
See https://hydra.cc/docs/upgrades/1.3_to_1.4/prepare_for_1_4/ for preparation instructions.
  @hydra.main(config_path='cfgs', config_name='svea_config')
/Users/a2mogus/build-projs/ccm-intro/projects/many-gens-rl-vigen/RL-ViGen-upstream/train.py:297: Hydra14MigrationWarning: 
The version_base parameter is not specified.
Hydra will assume defaults for version 1.1.
Hydra 1.4 will remove this compatibility behavior.
Before upgrading to Hydra 1.4, set version_base="1.3" and test your application.
See https://hydra.cc/docs/upgrades/1.3_to_1.4/prepare_for_1_4/ for preparation instructions.
  @hydra.main(config_path='cfgs', config_name='svea_config')
/Users/a2mogus/build-projs/ccm-intro/projects/many-gens-rl-vigen/RL-ViGen-upstream/train.py:297: Hydra14MigrationWarning: 
The version_base parameter is not specified.
Hydra will assume defaults for version 1.1.
Hydra 1.4 will remove this compatibility behavior.
Before upgrading to Hydra 1.4, set version_base="1.3" and test your application.
See https://hydra.cc/docs/upgrades/1.3_to_1.4/prepare_for_1_4/ for preparation instructions.
  @hydra.main(config_path='cfgs', config_name='svea_config')
/Users/a2mogus/build-projs/ccm-intro/projects/many-gens-rl-vigen/RL-ViGen-upstream/train.py:297: Hydra14MigrationWarning: 
The version_base parameter is not specified.
Hydra will assume defaults for version 1.1.
Hydra 1.4 will remove this compatibility behavior.
Before upgrading to Hydra 1.4, set version_base="1.3" and test your application.
See https://hydra.cc/docs/upgrades/1.3_to_1.4/prepare_for_1_4/ for preparation instructions.
  @hydra.main(config_path='cfgs', config_name='svea_config')
/Users/a2mogus/build-projs/ccm-intro/projects/many-gens-rl-vigen/RL-ViGen-upstream/train.py:297: Hydra14MigrationWarning: 
The version_base parameter is not specified.
Hydra will assume defaults for version 1.1.
Hydra 1.4 will remove this compatibility behavior.
Before upgrading to Hydra 1.4, set version_base="1.3" and test your application.
See https://hydra.cc/docs/upgrades/1.3_to_1.4/prepare_for_1_4/ for preparation instructions.
  @hydra.main(config_path='cfgs', config_name='svea_config')
/Users/a2mogus/build-projs/ccm-intro/projects/many-gens-rl-vigen/RL-ViGen-upstream/train.py:297: Hydra14MigrationWarning: 
The version_base parameter is not specified.
Hydra will assume defaults for version 1.1.
Hydra 1.4 will remove this compatibility behavior.
Before upgrading to Hydra 1.4, set version_base="1.3" and test your application.
See https://hydra.cc/docs/upgrades/1.3_to_1.4/prepare_for_1_4/ for preparation instructions.
  @hydra.main(config_path='cfgs', config_name='svea_config')
/Users/a2mogus/build-projs/ccm-intro/projects/many-gens-rl-vigen/RL-ViGen-upstream/train.py:297: Hydra14MigrationWarning: 
The version_base parameter is not specified.
Hydra will assume defaults for version 1.1.
Hydra 1.4 will remove this compatibility behavior.
Before upgrading to Hydra 1.4, set version_base="1.3" and test your application.
See https://hydra.cc/docs/upgrades/1.3_to_1.4/prepare_for_1_4/ for preparation instructions.
  @hydra.main(config_path='cfgs', config_name='svea_config')
/Users/a2mogus/build-projs/ccm-intro/projects/many-gens-rl-vigen/RL-ViGen-upstream/train.py:297: Hydra14MigrationWarning: 
The version_base parameter is not specified.
Hydra will assume defaults for version 1.1.
Hydra 1.4 will remove this compatibility behavior.
Before upgrading to Hydra 1.4, set version_base="1.3" and test your application.
See https://hydra.cc/docs/upgrades/1.3_to_1.4/prepare_for_1_4/ for preparation instructions.
  @hydra.main(config_path='cfgs', config_name='svea_config')
/Users/a2mogus/build-projs/ccm-intro/projects/many-gens-rl-vigen/RL-ViGen-upstream/train.py:297: Hydra14MigrationWarning: 
The version_base parameter is not specified.
Hydra will assume defaults for version 1.1.
Hydra 1.4 will remove this compatibility behavior.
Before upgrading to Hydra 1.4, set version_base="1.3" and test your application.
See https://hydra.cc/docs/upgrades/1.3_to_1.4/prepare_for_1_4/ for preparation instructions.
  @hydra.main(config_path='cfgs', config_name='svea_config')
/Users/a2mogus/build-projs/ccm-intro/projects/many-gens-rl-vigen/RL-ViGen-upstream/train.py:297: Hydra14MigrationWarning: 
The version_base parameter is not specified.
Hydra will assume defaults for version 1.1.
Hydra 1.4 will remove this compatibility behavior.
Before upgrading to Hydra 1.4, set version_base="1.3" and test your application.
See https://hydra.cc/docs/upgrades/1.3_to_1.4/prepare_for_1_4/ for preparation instructions.
  @hydra.main(config_path='cfgs', config_name='svea_config')
/Users/a2mogus/build-projs/ccm-intro/projects/many-gens-rl-vigen/RL-ViGen-upstream/train.py:297: Hydra14MigrationWarning: 
The version_base parameter is not specified.
Hydra will assume defaults for version 1.1.
Hydra 1.4 will remove this compatibility behavior.
Before upgrading to Hydra 1.4, set version_base="1.3" and test your application.
See https://hydra.cc/docs/upgrades/1.3_to_1.4/prepare_for_1_4/ for preparation instructions.
  @hydra.main(config_path='cfgs', config_name='svea_config')
/Users/a2mogus/build-projs/ccm-intro/projects/many-gens-rl-vigen/RL-ViGen-upstream/train.py:297: Hydra14MigrationWarning: 
The version_base parameter is not specified.
Hydra will assume defaults for version 1.1.
Hydra 1.4 will remove this compatibility behavior.
Before upgrading to Hydra 1.4, set version_base="1.3" and test your application.
See https://hydra.cc/docs/upgrades/1.3_to_1.4/prepare_for_1_4/ for preparation instructions.
  @hydra.main(config_path='cfgs', config_name='svea_config')
/Users/a2mogus/build-projs/ccm-intro/projects/many-gens-rl-vigen/RL-ViGen-upstream/train.py:297: Hydra14MigrationWarning: 
The version_base parameter is not specified.
Hydra will assume defaults for version 1.1.
Hydra 1.4 will remove this compatibility behavior.
Before upgrading to Hydra 1.4, set version_base="1.3" and test your application.
See https://hydra.cc/docs/upgrades/1.3_to_1.4/prepare_for_1_4/ for preparation instructions.
  @hydra.main(config_path='cfgs', config_name='svea_config')
| [33mtrain[0m | F: 8000 | S: 8000 | E: 16 | L: 500 | R: 3.9112 | BS: 8000 | FPS: 1.5052 | T: 0:42:12
/Users/a2mogus/build-projs/ccm-intro/projects/many-gens-rl-vigen/RL-ViGen-upstream/train.py:297: Hydra14MigrationWarning: 
The version_base parameter is not specified.
Hydra will assume defaults for version 1.1.
Hydra 1.4 will remove this compatibility behavior.
Before upgrading to Hydra 1.4, set version_base="1.3" and test your application.
See https://hydra.cc/docs/upgrades/1.3_to_1.4/prepare_for_1_4/ for preparation instructions.
  @hydra.main(config_path='cfgs', config_name='svea_config')
/Users/a2mogus/build-projs/ccm-intro/projects/many-gens-rl-vigen/RL-ViGen-upstream/train.py:297: Hydra14MigrationWarning: 
The version_base parameter is not specified.
Hydra will assume defaults for version 1.1.
Hydra 1.4 will remove this compatibility behavior.
Before upgrading to Hydra 1.4, set version_base="1.3" and test your application.
See https://hydra.cc/docs/upgrades/1.3_to_1.4/prepare_for_1_4/ for preparation instructions.
  @hydra.main(config_path='cfgs', config_name='svea_config')
/Users/a2mogus/build-projs/ccm-intro/projects/many-gens-rl-vigen/RL-ViGen-upstream/train.py:297: Hydra14MigrationWarning: 
The version_base parameter is not specified.
Hydra will assume defaults for version 1.1.
Hydra 1.4 will remove this compatibility behavior.
Before upgrading to Hydra 1.4, set version_base="1.3" and test your application.
See https://hydra.cc/docs/upgrades/1.3_to_1.4/prepare_for_1_4/ for preparation instructions.
  @hydra.main(config_path='cfgs', config_name='svea_config')
/Users/a2mogus/build-projs/ccm-intro/projects/many-gens-rl-vigen/RL-ViGen-upstream/train.py:297: Hydra14MigrationWarning: 
The version_base parameter is not specified.
Hydra will assume defaults for version 1.1.
Hydra 1.4 will remove this compatibility behavior.
Before upgrading to Hydra 1.4, set version_base="1.3" and test your application.
See https://hydra.cc/docs/upgrades/1.3_to_1.4/prepare_for_1_4/ for preparation instructions.
  @hydra.main(config_path='cfgs', config_name='svea_config')
/Users/a2mogus/build-projs/ccm-intro/projects/many-gens-rl-vigen/RL-ViGen-upstream/train.py:297: Hydra14MigrationWarning: 
The version_base parameter is not specified.
Hydra will assume defaults for version 1.1.
Hydra 1.4 will remove this compatibility behavior.
Before upgrading to Hydra 1.4, set version_base="1.3" and test your application.
See https://hydra.cc/docs/upgrades/1.3_to_1.4/prepare_for_1_4/ for preparation instructions.
  @hydra.main(config_path='cfgs', config_name='svea_config')
/Users/a2mogus/build-projs/ccm-intro/projects/many-gens-rl-vigen/RL-ViGen-upstream/train.py:297: Hydra14MigrationWarning: 
The version_base parameter is not specified.
Hydra will assume defaults for version 1.1.
Hydra 1.4 will remove this compatibility behavior.
Before upgrading to Hydra 1.4, set version_base="1.3" and test your application.
See https://hydra.cc/docs/upgrades/1.3_to_1.4/prepare_for_1_4/ for preparation instructions.
  @hydra.main(config_path='cfgs', config_name='svea_config')
/Users/a2mogus/build-projs/ccm-intro/projects/many-gens-rl-vigen/RL-ViGen-upstream/train.py:297: Hydra14MigrationWarning: 
The version_base parameter is not specified.
Hydra will assume defaults for version 1.1.
Hydra 1.4 will remove this compatibility behavior.
Before upgrading to Hydra 1.4, set version_base="1.3" and test your application.
See https://hydra.cc/docs/upgrades/1.3_to_1.4/prepare_for_1_4/ for preparation instructions.
  @hydra.main(config_path='cfgs', config_name='svea_config')
/Users/a2mogus/build-projs/ccm-intro/projects/many-gens-rl-vigen/RL-ViGen-upstream/train.py:297: Hydra14MigrationWarning: 
The version_base parameter is not specified.
Hydra will assume defaults for version 1.1.
Hydra 1.4 will remove this compatibility behavior.
Before upgrading to Hydra 1.4, set version_base="1.3" and test your application.
See https://hydra.cc/docs/upgrades/1.3_to_1.4/prepare_for_1_4/ for preparation instructions.
  @hydra.main(config_path='cfgs', config_name='svea_config')
| [33mtrain[0m | F: 8500 | S: 8500 | E: 17 | L: 500 | R: 5.0037 | BS: 8500 | FPS: 1.8715 | T: 0:46:39
/Users/a2mogus/build-projs/ccm-intro/projects/many-gens-rl-vigen/RL-ViGen-upstream/train.py:297: Hydra14MigrationWarning: 
The version_base parameter is not specified.
Hydra will assume defaults for version 1.1.
Hydra 1.4 will remove this compatibility behavior.
Before upgrading to Hydra 1.4, set version_base="1.3" and test your application.
See https://hydra.cc/docs/upgrades/1.3_to_1.4/prepare_for_1_4/ for preparation instructions.
  @hydra.main(config_path='cfgs', config_name='svea_config')
/Users/a2mogus/build-projs/ccm-intro/projects/many-gens-rl-vigen/RL-ViGen-upstream/train.py:297: Hydra14MigrationWarning: 
The version_base parameter is not specified.
Hydra will assume defaults for version 1.1.
Hydra 1.4 will remove this compatibility behavior.
Before upgrading to Hydra 1.4, set version_base="1.3" and test your application.
See https://hydra.cc/docs/upgrades/1.3_to_1.4/prepare_for_1_4/ for preparation instructions.
  @hydra.main(config_path='cfgs', config_name='svea_config')
/Users/a2mogus/build-projs/ccm-intro/projects/many-gens-rl-vigen/RL-ViGen-upstream/train.py:297: Hydra14MigrationWarning: 
The version_base parameter is not specified.
Hydra will assume defaults for version 1.1.
Hydra 1.4 will remove this compatibility behavior.
Before upgrading to Hydra 1.4, set version_base="1.3" and test your application.
See https://hydra.cc/docs/upgrades/1.3_to_1.4/prepare_for_1_4/ for preparation instructions.
  @hydra.main(config_path='cfgs', config_name='svea_config')
/Users/a2mogus/build-projs/ccm-intro/projects/many-gens-rl-vigen/RL-ViGen-upstream/train.py:297: Hydra14MigrationWarning: 
The version_base parameter is not specified.
Hydra will assume defaults for version 1.1.
Hydra 1.4 will remove this compatibility behavior.
Before upgrading to Hydra 1.4, set version_base="1.3" and test your application.
See https://hydra.cc/docs/upgrades/1.3_to_1.4/prepare_for_1_4/ for preparation instructions.
  @hydra.main(config_path='cfgs', config_name='svea_config')
/Users/a2mogus/build-projs/ccm-intro/projects/many-gens-rl-vigen/RL-ViGen-upstream/train.py:297: Hydra14MigrationWarning: 
The version_base parameter is not specified.
Hydra will assume defaults for version 1.1.
Hydra 1.4 will remove this compatibility behavior.
Before upgrading to Hydra 1.4, set version_base="1.3" and test your application.
See https://hydra.cc/docs/upgrades/1.3_to_1.4/prepare_for_1_4/ for preparation instructions.
  @hydra.main(config_path='cfgs', config_name='svea_config')
/Users/a2mogus/build-projs/ccm-intro/projects/many-gens-rl-vigen/RL-ViGen-upstream/train.py:297: Hydra14MigrationWarning: 
The version_base parameter is not specified.
Hydra will assume defaults for version 1.1.
Hydra 1.4 will remove this compatibility behavior.
Before upgrading to Hydra 1.4, set version_base="1.3" and test your application.
See https://hydra.cc/docs/upgrades/1.3_to_1.4/prepare_for_1_4/ for preparation instructions.
  @hydra.main(config_path='cfgs', config_name='svea_config')
/Users/a2mogus/build-projs/ccm-intro/projects/many-gens-rl-vigen/RL-ViGen-upstream/train.py:297: Hydra14MigrationWarning: 
The version_base parameter is not specified.
Hydra will assume defaults for version 1.1.
Hydra 1.4 will remove this compatibility behavior.
Before upgrading to Hydra 1.4, set version_base="1.3" and test your application.
See https://hydra.cc/docs/upgrades/1.3_to_1.4/prepare_for_1_4/ for preparation instructions.
  @hydra.main(config_path='cfgs', config_name='svea_config')
/Users/a2mogus/build-projs/ccm-intro/projects/many-gens-rl-vigen/RL-ViGen-upstream/train.py:297: Hydra14MigrationWarning: 
The version_base parameter is not specified.
Hydra will assume defaults for version 1.1.
Hydra 1.4 will remove this compatibility behavior.
Before upgrading to Hydra 1.4, set version_base="1.3" and test your application.
See https://hydra.cc/docs/upgrades/1.3_to_1.4/prepare_for_1_4/ for preparation instructions.
  @hydra.main(config_path='cfgs', config_name='svea_config')
/Users/a2mogus/build-projs/ccm-intro/projects/many-gens-rl-vigen/RL-ViGen-upstream/train.py:297: Hydra14MigrationWarning: 
The version_base parameter is not specified.
Hydra will assume defaults for version 1.1.
Hydra 1.4 will remove this compatibility behavior.
Before upgrading to Hydra 1.4, set version_base="1.3" and test your application.
See https://hydra.cc/docs/upgrades/1.3_to_1.4/prepare_for_1_4/ for preparation instructions.
  @hydra.main(config_path='cfgs', config_name='svea_config')
/Users/a2mogus/build-projs/ccm-intro/projects/many-gens-rl-vigen/RL-ViGen-upstream/train.py:297: Hydra14MigrationWarning: 
The version_base parameter is not specified.
Hydra will assume defaults for version 1.1.
Hydra 1.4 will remove this compatibility behavior.
Before upgrading to Hydra 1.4, set version_base="1.3" and test your application.
See https://hydra.cc/docs/upgrades/1.3_to_1.4/prepare_for_1_4/ for preparation instructions.
  @hydra.main(config_path='cfgs', config_name='svea_config')
/Users/a2mogus/build-projs/ccm-intro/projects/many-gens-rl-vigen/RL-ViGen-upstream/train.py:297: Hydra14MigrationWarning: 
The version_base parameter is not specified.
Hydra will assume defaults for version 1.1.
Hydra 1.4 will remove this compatibility behavior.
Before upgrading to Hydra 1.4, set version_base="1.3" and test your application.
See https://hydra.cc/docs/upgrades/1.3_to_1.4/prepare_for_1_4/ for preparation instructions.
  @hydra.main(config_path='cfgs', config_name='svea_config')
/Users/a2mogus/build-projs/ccm-intro/projects/many-gens-rl-vigen/RL-ViGen-upstream/train.py:297: Hydra14MigrationWarning: 
The version_base parameter is not specified.
Hydra will assume defaults for version 1.1.
Hydra 1.4 will remove this compatibility behavior.
Before upgrading to Hydra 1.4, set version_base="1.3" and test your application.
See https://hydra.cc/docs/upgrades/1.3_to_1.4/prepare_for_1_4/ for preparation instructions.
  @hydra.main(config_path='cfgs', config_name='svea_config')
/Users/a2mogus/build-projs/ccm-intro/projects/many-gens-rl-vigen/RL-ViGen-upstream/train.py:297: Hydra14MigrationWarning: 
The version_base parameter is not specified.
Hydra will assume defaults for version 1.1.
Hydra 1.4 will remove this compatibility behavior.
Before upgrading to Hydra 1.4, set version_base="1.3" and test your application.
See https://hydra.cc/docs/upgrades/1.3_to_1.4/prepare_for_1_4/ for preparation instructions.
  @hydra.main(config_path='cfgs', config_name='svea_config')
/Users/a2mogus/build-projs/ccm-intro/projects/many-gens-rl-vigen/RL-ViGen-upstream/train.py:297: Hydra14MigrationWarning: 
The version_base parameter is not specified.
Hydra will assume defaults for version 1.1.
Hydra 1.4 will remove this compatibility behavior.
Before upgrading to Hydra 1.4, set version_base="1.3" and test your application.
See https://hydra.cc/docs/upgrades/1.3_to_1.4/prepare_for_1_4/ for preparation instructions.
  @hydra.main(config_path='cfgs', config_name='svea_config')
/Users/a2mogus/build-projs/ccm-intro/projects/many-gens-rl-vigen/RL-ViGen-upstream/train.py:297: Hydra14MigrationWarning: 
The version_base parameter is not specified.
Hydra will assume defaults for version 1.1.
Hydra 1.4 will remove this compatibility behavior.
Before upgrading to Hydra 1.4, set version_base="1.3" and test your application.
See https://hydra.cc/docs/upgrades/1.3_to_1.4/prepare_for_1_4/ for preparation instructions.
  @hydra.main(config_path='cfgs', config_name='svea_config')
/Users/a2mogus/build-projs/ccm-intro/projects/many-gens-rl-vigen/RL-ViGen-upstream/train.py:297: Hydra14MigrationWarning: 
The version_base parameter is not specified.
Hydra will assume defaults for version 1.1.
Hydra 1.4 will remove this compatibility behavior.
Before upgrading to Hydra 1.4, set version_base="1.3" and test your application.
See https://hydra.cc/docs/upgrades/1.3_to_1.4/prepare_for_1_4/ for preparation instructions.
  @hydra.main(config_path='cfgs', config_name='svea_config')
| [33mtrain[0m | F: 9000 | S: 9000 | E: 18 | L: 500 | R: 9.6958 | BS: 9000 | FPS: 1.5906 | T: 0:51:53
/Users/a2mogus/build-projs/ccm-intro/projects/many-gens-rl-vigen/RL-ViGen-upstream/train.py:297: Hydra14MigrationWarning: 
The version_base parameter is not specified.
Hydra will assume defaults for version 1.1.
Hydra 1.4 will remove this compatibility behavior.
Before upgrading to Hydra 1.4, set version_base="1.3" and test your application.
See https://hydra.cc/docs/upgrades/1.3_to_1.4/prepare_for_1_4/ for preparation instructions.
  @hydra.main(config_path='cfgs', config_name='svea_config')
/Users/a2mogus/build-projs/ccm-intro/projects/many-gens-rl-vigen/RL-ViGen-upstream/train.py:297: Hydra14MigrationWarning: 
The version_base parameter is not specified.
Hydra will assume defaults for version 1.1.
Hydra 1.4 will remove this compatibility behavior.
Before upgrading to Hydra 1.4, set version_base="1.3" and test your application.
See https://hydra.cc/docs/upgrades/1.3_to_1.4/prepare_for_1_4/ for preparation instructions.
  @hydra.main(config_path='cfgs', config_name='svea_config')
/Users/a2mogus/build-projs/ccm-intro/projects/many-gens-rl-vigen/RL-ViGen-upstream/train.py:297: Hydra14MigrationWarning: 
The version_base parameter is not specified.
Hydra will assume defaults for version 1.1.
Hydra 1.4 will remove this compatibility behavior.
Before upgrading to Hydra 1.4, set version_base="1.3" and test your application.
See https://hydra.cc/docs/upgrades/1.3_to_1.4/prepare_for_1_4/ for preparation instructions.
  @hydra.main(config_path='cfgs', config_name='svea_config')
/Users/a2mogus/build-projs/ccm-intro/projects/many-gens-rl-vigen/RL-ViGen-upstream/train.py:297: Hydra14MigrationWarning: 
The version_base parameter is not specified.
Hydra will assume defaults for version 1.1.
Hydra 1.4 will remove this compatibility behavior.
Before upgrading to Hydra 1.4, set version_base="1.3" and test your application.
See https://hydra.cc/docs/upgrades/1.3_to_1.4/prepare_for_1_4/ for preparation instructions.
  @hydra.main(config_path='cfgs', config_name='svea_config')
/Users/a2mogus/build-projs/ccm-intro/projects/many-gens-rl-vigen/RL-ViGen-upstream/train.py:297: Hydra14MigrationWarning: 
The version_base parameter is not specified.
Hydra will assume defaults for version 1.1.
Hydra 1.4 will remove this compatibility behavior.
Before upgrading to Hydra 1.4, set version_base="1.3" and test your application.
See https://hydra.cc/docs/upgrades/1.3_to_1.4/prepare_for_1_4/ for preparation instructions.
  @hydra.main(config_path='cfgs', config_name='svea_config')
/Users/a2mogus/build-projs/ccm-intro/projects/many-gens-rl-vigen/RL-ViGen-upstream/train.py:297: Hydra14MigrationWarning: 
The version_base parameter is not specified.
Hydra will assume defaults for version 1.1.
Hydra 1.4 will remove this compatibility behavior.
Before upgrading to Hydra 1.4, set version_base="1.3" and test your application.
See https://hydra.cc/docs/upgrades/1.3_to_1.4/prepare_for_1_4/ for preparation instructions.
  @hydra.main(config_path='cfgs', config_name='svea_config')
/Users/a2mogus/build-projs/ccm-intro/projects/many-gens-rl-vigen/RL-ViGen-upstream/train.py:297: Hydra14MigrationWarning: 
The version_base parameter is not specified.
Hydra will assume defaults for version 1.1.
Hydra 1.4 will remove this compatibility behavior.
Before upgrading to Hydra 1.4, set version_base="1.3" and test your application.
See https://hydra.cc/docs/upgrades/1.3_to_1.4/prepare_for_1_4/ for preparation instructions.
  @hydra.main(config_path='cfgs', config_name='svea_config')
/Users/a2mogus/build-projs/ccm-intro/projects/many-gens-rl-vigen/RL-ViGen-upstream/train.py:297: Hydra14MigrationWarning: 
The version_base parameter is not specified.
Hydra will assume defaults for version 1.1.
Hydra 1.4 will remove this compatibility behavior.
Before upgrading to Hydra 1.4, set version_base="1.3" and test your application.
See https://hydra.cc/docs/upgrades/1.3_to_1.4/prepare_for_1_4/ for preparation instructions.
  @hydra.main(config_path='cfgs', config_name='svea_config')
/Users/a2mogus/build-projs/ccm-intro/projects/many-gens-rl-vigen/RL-ViGen-upstream/train.py:297: Hydra14MigrationWarning: 
The version_base parameter is not specified.
Hydra will assume defaults for version 1.1.
Hydra 1.4 will remove this compatibility behavior.
Before upgrading to Hydra 1.4, set version_base="1.3" and test your application.
See https://hydra.cc/docs/upgrades/1.3_to_1.4/prepare_for_1_4/ for preparation instructions.
  @hydra.main(config_path='cfgs', config_name='svea_config')
/Users/a2mogus/build-projs/ccm-intro/projects/many-gens-rl-vigen/RL-ViGen-upstream/train.py:297: Hydra14MigrationWarning: 
The version_base parameter is not specified.
Hydra will assume defaults for version 1.1.
Hydra 1.4 will remove this compatibility behavior.
Before upgrading to Hydra 1.4, set version_base="1.3" and test your application.
See https://hydra.cc/docs/upgrades/1.3_to_1.4/prepare_for_1_4/ for preparation instructions.
  @hydra.main(config_path='cfgs', config_name='svea_config')
/Users/a2mogus/build-projs/ccm-intro/projects/many-gens-rl-vigen/RL-ViGen-upstream/train.py:297: Hydra14MigrationWarning: 
The version_base parameter is not specified.
Hydra will assume defaults for version 1.1.
Hydra 1.4 will remove this compatibility behavior.
Before upgrading to Hydra 1.4, set version_base="1.3" and test your application.
See https://hydra.cc/docs/upgrades/1.3_to_1.4/prepare_for_1_4/ for preparation instructions.
  @hydra.main(config_path='cfgs', config_name='svea_config')
/Users/a2mogus/build-projs/ccm-intro/projects/many-gens-rl-vigen/RL-ViGen-upstream/train.py:297: Hydra14MigrationWarning: 
The version_base parameter is not specified.
Hydra will assume defaults for version 1.1.
Hydra 1.4 will remove this compatibility behavior.
Before upgrading to Hydra 1.4, set version_base="1.3" and test your application.
See https://hydra.cc/docs/upgrades/1.3_to_1.4/prepare_for_1_4/ for preparation instructions.
  @hydra.main(config_path='cfgs', config_name='svea_config')
/Users/a2mogus/build-projs/ccm-intro/projects/many-gens-rl-vigen/RL-ViGen-upstream/train.py:297: Hydra14MigrationWarning: 
The version_base parameter is not specified.
Hydra will assume defaults for version 1.1.
Hydra 1.4 will remove this compatibility behavior.
Before upgrading to Hydra 1.4, set version_base="1.3" and test your application.
See https://hydra.cc/docs/upgrades/1.3_to_1.4/prepare_for_1_4/ for preparation instructions.
  @hydra.main(config_path='cfgs', config_name='svea_config')
/Users/a2mogus/build-projs/ccm-intro/projects/many-gens-rl-vigen/RL-ViGen-upstream/train.py:297: Hydra14MigrationWarning: 
The version_base parameter is not specified.
Hydra will assume defaults for version 1.1.
Hydra 1.4 will remove this compatibility behavior.
Before upgrading to Hydra 1.4, set version_base="1.3" and test your application.
See https://hydra.cc/docs/upgrades/1.3_to_1.4/prepare_for_1_4/ for preparation instructions.
  @hydra.main(config_path='cfgs', config_name='svea_config')
/Users/a2mogus/build-projs/ccm-intro/projects/many-gens-rl-vigen/RL-ViGen-upstream/train.py:297: Hydra14MigrationWarning: 
The version_base parameter is not specified.
Hydra will assume defaults for version 1.1.
Hydra 1.4 will remove this compatibility behavior.
Before upgrading to Hydra 1.4, set version_base="1.3" and test your application.
See https://hydra.cc/docs/upgrades/1.3_to_1.4/prepare_for_1_4/ for preparation instructions.
  @hydra.main(config_path='cfgs', config_name='svea_config')
/Users/a2mogus/build-projs/ccm-intro/projects/many-gens-rl-vigen/RL-ViGen-upstream/train.py:297: Hydra14MigrationWarning: 
The version_base parameter is not specified.
Hydra will assume defaults for version 1.1.
Hydra 1.4 will remove this compatibility behavior.
Before upgrading to Hydra 1.4, set version_base="1.3" and test your application.
See https://hydra.cc/docs/upgrades/1.3_to_1.4/prepare_for_1_4/ for preparation instructions.
  @hydra.main(config_path='cfgs', config_name='svea_config')
| [33mtrain[0m | F: 9500 | S: 9500 | E: 19 | L: 500 | R: 40.1010 | BS: 9500 | FPS: 1.5174 | T: 0:57:23
/Users/a2mogus/build-projs/ccm-intro/projects/many-gens-rl-vigen/RL-ViGen-upstream/train.py:297: Hydra14MigrationWarning: 
The version_base parameter is not specified.
Hydra will assume defaults for version 1.1.
Hydra 1.4 will remove this compatibility behavior.
Before upgrading to Hydra 1.4, set version_base="1.3" and test your application.
See https://hydra.cc/docs/upgrades/1.3_to_1.4/prepare_for_1_4/ for preparation instructions.
  @hydra.main(config_path='cfgs', config_name='svea_config')
/Users/a2mogus/build-projs/ccm-intro/projects/many-gens-rl-vigen/RL-ViGen-upstream/train.py:297: Hydra14MigrationWarning: 
The version_base parameter is not specified.
Hydra will assume defaults for version 1.1.
Hydra 1.4 will remove this compatibility behavior.
Before upgrading to Hydra 1.4, set version_base="1.3" and test your application.
See https://hydra.cc/docs/upgrades/1.3_to_1.4/prepare_for_1_4/ for preparation instructions.
  @hydra.main(config_path='cfgs', config_name='svea_config')
/Users/a2mogus/build-projs/ccm-intro/projects/many-gens-rl-vigen/RL-ViGen-upstream/train.py:297: Hydra14MigrationWarning: 
The version_base parameter is not specified.
Hydra will assume defaults for version 1.1.
Hydra 1.4 will remove this compatibility behavior.
Before upgrading to Hydra 1.4, set version_base="1.3" and test your application.
See https://hydra.cc/docs/upgrades/1.3_to_1.4/prepare_for_1_4/ for preparation instructions.
  @hydra.main(config_path='cfgs', config_name='svea_config')
/Users/a2mogus/build-projs/ccm-intro/projects/many-gens-rl-vigen/RL-ViGen-upstream/train.py:297: Hydra14MigrationWarning: 
The version_base parameter is not specified.
Hydra will assume defaults for version 1.1.
Hydra 1.4 will remove this compatibility behavior.
Before upgrading to Hydra 1.4, set version_base="1.3" and test your application.
See https://hydra.cc/docs/upgrades/1.3_to_1.4/prepare_for_1_4/ for preparation instructions.
  @hydra.main(config_path='cfgs', config_name='svea_config')
/Users/a2mogus/build-projs/ccm-intro/projects/many-gens-rl-vigen/RL-ViGen-upstream/train.py:297: Hydra14MigrationWarning: 
The version_base parameter is not specified.
Hydra will assume defaults for version 1.1.
Hydra 1.4 will remove this compatibility behavior.
Before upgrading to Hydra 1.4, set version_base="1.3" and test your application.
See https://hydra.cc/docs/upgrades/1.3_to_1.4/prepare_for_1_4/ for preparation instructions.
  @hydra.main(config_path='cfgs', config_name='svea_config')
/Users/a2mogus/build-projs/ccm-intro/projects/many-gens-rl-vigen/RL-ViGen-upstream/train.py:297: Hydra14MigrationWarning: 
The version_base parameter is not specified.
Hydra will assume defaults for version 1.1.
Hydra 1.4 will remove this compatibility behavior.
Before upgrading to Hydra 1.4, set version_base="1.3" and test your application.
See https://hydra.cc/docs/upgrades/1.3_to_1.4/prepare_for_1_4/ for preparation instructions.
  @hydra.main(config_path='cfgs', config_name='svea_config')
/Users/a2mogus/build-projs/ccm-intro/projects/many-gens-rl-vigen/RL-ViGen-upstream/train.py:297: Hydra14MigrationWarning: 
The version_base parameter is not specified.
Hydra will assume defaults for version 1.1.
Hydra 1.4 will remove this compatibility behavior.
Before upgrading to Hydra 1.4, set version_base="1.3" and test your application.
See https://hydra.cc/docs/upgrades/1.3_to_1.4/prepare_for_1_4/ for preparation instructions.
  @hydra.main(config_path='cfgs', config_name='svea_config')
/Users/a2mogus/build-projs/ccm-intro/projects/many-gens-rl-vigen/RL-ViGen-upstream/train.py:297: Hydra14MigrationWarning: 
The version_base parameter is not specified.
Hydra will assume defaults for version 1.1.
Hydra 1.4 will remove this compatibility behavior.
Before upgrading to Hydra 1.4, set version_base="1.3" and test your application.
See https://hydra.cc/docs/upgrades/1.3_to_1.4/prepare_for_1_4/ for preparation instructions.
  @hydra.main(config_path='cfgs', config_name='svea_config')
/Users/a2mogus/build-projs/ccm-intro/projects/many-gens-rl-vigen/RL-ViGen-upstream/train.py:297: Hydra14MigrationWarning: 
The version_base parameter is not specified.
Hydra will assume defaults for version 1.1.
Hydra 1.4 will remove this compatibility behavior.
Before upgrading to Hydra 1.4, set version_base="1.3" and test your application.
See https://hydra.cc/docs/upgrades/1.3_to_1.4/prepare_for_1_4/ for preparation instructions.
  @hydra.main(config_path='cfgs', config_name='svea_config')
/Users/a2mogus/build-projs/ccm-intro/projects/many-gens-rl-vigen/RL-ViGen-upstream/train.py:297: Hydra14MigrationWarning: 
The version_base parameter is not specified.
Hydra will assume defaults for version 1.1.
Hydra 1.4 will remove this compatibility behavior.
Before upgrading to Hydra 1.4, set version_base="1.3" and test your application.
See https://hydra.cc/docs/upgrades/1.3_to_1.4/prepare_for_1_4/ for preparation instructions.
  @hydra.main(config_path='cfgs', config_name='svea_config')
/Users/a2mogus/build-projs/ccm-intro/projects/many-gens-rl-vigen/RL-ViGen-upstream/train.py:297: Hydra14MigrationWarning: 
The version_base parameter is not specified.
Hydra will assume defaults for version 1.1.
Hydra 1.4 will remove this compatibility behavior.
Before upgrading to Hydra 1.4, set version_base="1.3" and test your application.
See https://hydra.cc/docs/upgrades/1.3_to_1.4/prepare_for_1_4/ for preparation instructions.
  @hydra.main(config_path='cfgs', config_name='svea_config')
/Users/a2mogus/build-projs/ccm-intro/projects/many-gens-rl-vigen/RL-ViGen-upstream/train.py:297: Hydra14MigrationWarning: 
The version_base parameter is not specified.
Hydra will assume defaults for version 1.1.
Hydra 1.4 will remove this compatibility behavior.
Before upgrading to Hydra 1.4, set version_base="1.3" and test your application.
See https://hydra.cc/docs/upgrades/1.3_to_1.4/prepare_for_1_4/ for preparation instructions.
  @hydra.main(config_path='cfgs', config_name='svea_config')
/Users/a2mogus/build-projs/ccm-intro/projects/many-gens-rl-vigen/RL-ViGen-upstream/train.py:297: Hydra14MigrationWarning: 
The version_base parameter is not specified.
Hydra will assume defaults for version 1.1.
Hydra 1.4 will remove this compatibility behavior.
Before upgrading to Hydra 1.4, set version_base="1.3" and test your application.
See https://hydra.cc/docs/upgrades/1.3_to_1.4/prepare_for_1_4/ for preparation instructions.
  @hydra.main(config_path='cfgs', config_name='svea_config')
/Users/a2mogus/build-projs/ccm-intro/projects/many-gens-rl-vigen/RL-ViGen-upstream/train.py:297: Hydra14MigrationWarning: 
The version_base parameter is not specified.
Hydra will assume defaults for version 1.1.
Hydra 1.4 will remove this compatibility behavior.
Before upgrading to Hydra 1.4, set version_base="1.3" and test your application.
See https://hydra.cc/docs/upgrades/1.3_to_1.4/prepare_for_1_4/ for preparation instructions.
  @hydra.main(config_path='cfgs', config_name='svea_config')
/Users/a2mogus/build-projs/ccm-intro/projects/many-gens-rl-vigen/RL-ViGen-upstream/train.py:297: Hydra14MigrationWarning: 
The version_base parameter is not specified.
Hydra will assume defaults for version 1.1.
Hydra 1.4 will remove this compatibility behavior.
Before upgrading to Hydra 1.4, set version_base="1.3" and test your application.
See https://hydra.cc/docs/upgrades/1.3_to_1.4/prepare_for_1_4/ for preparation instructions.
  @hydra.main(config_path='cfgs', config_name='svea_config')
/Users/a2mogus/build-projs/ccm-intro/projects/many-gens-rl-vigen/RL-ViGen-upstream/train.py:297: Hydra14MigrationWarning: 
The version_base parameter is not specified.
Hydra will assume defaults for version 1.1.
Hydra 1.4 will remove this compatibility behavior.
Before upgrading to Hydra 1.4, set version_base="1.3" and test your application.
See https://hydra.cc/docs/upgrades/1.3_to_1.4/prepare_for_1_4/ for preparation instructions.
  @hydra.main(config_path='cfgs', config_name='svea_config')
| [33mtrain[0m | F: 10000 | S: 10000 | E: 20 | L: 500 | R: 5.9296 | BS: 10000 | FPS: 1.6063 | T: 1:02:34
| [32meval[0m  | F: 10000 | S: 10000 | E: 20 | L: 500 | R: 13.0324 | T: 1:02:34 | SR: 0.0000
/Users/a2mogus/build-projs/ccm-intro/projects/many-gens-rl-vigen/RL-ViGen-upstream/train.py:297: Hydra14MigrationWarning: 
The version_base parameter is not specified.
Hydra will assume defaults for version 1.1.
Hydra 1.4 will remove this compatibility behavior.
Before upgrading to Hydra 1.4, set version_base="1.3" and test your application.
See https://hydra.cc/docs/upgrades/1.3_to_1.4/prepare_for_1_4/ for preparation instructions.
  @hydra.main(config_path='cfgs', config_name='svea_config')
/Users/a2mogus/build-projs/ccm-intro/projects/many-gens-rl-vigen/RL-ViGen-upstream/train.py:297: Hydra14MigrationWarning: 
The version_base parameter is not specified.
Hydra will assume defaults for version 1.1.
Hydra 1.4 will remove this compatibility behavior.
Before upgrading to Hydra 1.4, set version_base="1.3" and test your application.
See https://hydra.cc/docs/upgrades/1.3_to_1.4/prepare_for_1_4/ for preparation instructions.
  @hydra.main(config_path='cfgs', config_name='svea_config')
/Users/a2mogus/build-projs/ccm-intro/projects/many-gens-rl-vigen/RL-ViGen-upstream/train.py:297: Hydra14MigrationWarning: 
The version_base parameter is not specified.
Hydra will assume defaults for version 1.1.
Hydra 1.4 will remove this compatibility behavior.
Before upgrading to Hydra 1.4, set version_base="1.3" and test your application.
See https://hydra.cc/docs/upgrades/1.3_to_1.4/prepare_for_1_4/ for preparation instructions.
  @hydra.main(config_path='cfgs', config_name='svea_config')
/Users/a2mogus/build-projs/ccm-intro/projects/many-gens-rl-vigen/RL-ViGen-upstream/train.py:297: Hydra14MigrationWarning: 
The version_base parameter is not specified.
Hydra will assume defaults for version 1.1.
Hydra 1.4 will remove this compatibility behavior.
Before upgrading to Hydra 1.4, set version_base="1.3" and test your application.
See https://hydra.cc/docs/upgrades/1.3_to_1.4/prepare_for_1_4/ for preparation instructions.
  @hydra.main(config_path='cfgs', config_name='svea_config')
/Users/a2mogus/build-projs/ccm-intro/projects/many-gens-rl-vigen/RL-ViGen-upstream/train.py:297: Hydra14MigrationWarning: 
The version_base parameter is not specified.
Hydra will assume defaults for version 1.1.
Hydra 1.4 will remove this compatibility behavior.
Before upgrading to Hydra 1.4, set version_base="1.3" and test your application.
See https://hydra.cc/docs/upgrades/1.3_to_1.4/prepare_for_1_4/ for preparation instructions.
  @hydra.main(config_path='cfgs', config_name='svea_config')
/Users/a2mogus/build-projs/ccm-intro/projects/many-gens-rl-vigen/RL-ViGen-upstream/train.py:297: Hydra14MigrationWarning: 
The version_base parameter is not specified.
Hydra will assume defaults for version 1.1.
Hydra 1.4 will remove this compatibility behavior.
Before upgrading to Hydra 1.4, set version_base="1.3" and test your application.
See https://hydra.cc/docs/upgrades/1.3_to_1.4/prepare_for_1_4/ for preparation instructions.
  @hydra.main(config_path='cfgs', config_name='svea_config')
/Users/a2mogus/build-projs/ccm-intro/projects/many-gens-rl-vigen/RL-ViGen-upstream/train.py:297: Hydra14MigrationWarning: 
The version_base parameter is not specified.
Hydra will assume defaults for version 1.1.
Hydra 1.4 will remove this compatibility behavior.
Before upgrading to Hydra 1.4, set version_base="1.3" and test your application.
See https://hydra.cc/docs/upgrades/1.3_to_1.4/prepare_for_1_4/ for preparation instructions.
  @hydra.main(config_path='cfgs', config_name='svea_config')
/Users/a2mogus/build-projs/ccm-intro/projects/many-gens-rl-vigen/RL-ViGen-upstream/train.py:297: Hydra14MigrationWarning: 
The version_base parameter is not specified.
Hydra will assume defaults for version 1.1.
Hydra 1.4 will remove this compatibility behavior.
Before upgrading to Hydra 1.4, set version_base="1.3" and test your application.
See https://hydra.cc/docs/upgrades/1.3_to_1.4/prepare_for_1_4/ for preparation instructions.
  @hydra.main(config_path='cfgs', config_name='svea_config')
| [33mtrain[0m | F: 10500 | S: 10500 | E: 21 | L: 500 | R: 17.8119 | BS: 10500 | FPS: 1.4602 | T: 1:08:17
/Users/a2mogus/build-projs/ccm-intro/projects/many-gens-rl-vigen/RL-ViGen-upstream/train.py:297: Hydra14MigrationWarning: 
The version_base parameter is not specified.
Hydra will assume defaults for version 1.1.
Hydra 1.4 will remove this compatibility behavior.
Before upgrading to Hydra 1.4, set version_base="1.3" and test your application.
See https://hydra.cc/docs/upgrades/1.3_to_1.4/prepare_for_1_4/ for preparation instructions.
  @hydra.main(config_path='cfgs', config_name='svea_config')
/Users/a2mogus/build-projs/ccm-intro/projects/many-gens-rl-vigen/RL-ViGen-upstream/train.py:297: Hydra14MigrationWarning: 
The version_base parameter is not specified.
Hydra will assume defaults for version 1.1.
Hydra 1.4 will remove this compatibility behavior.
Before upgrading to Hydra 1.4, set version_base="1.3" and test your application.
See https://hydra.cc/docs/upgrades/1.3_to_1.4/prepare_for_1_4/ for preparation instructions.
  @hydra.main(config_path='cfgs', config_name='svea_config')
/Users/a2mogus/build-projs/ccm-intro/projects/many-gens-rl-vigen/RL-ViGen-upstream/train.py:297: Hydra14MigrationWarning: 
The version_base parameter is not specified.
Hydra will assume defaults for version 1.1.
Hydra 1.4 will remove this compatibility behavior.
Before upgrading to Hydra 1.4, set version_base="1.3" and test your application.
See https://hydra.cc/docs/upgrades/1.3_to_1.4/prepare_for_1_4/ for preparation instructions.
  @hydra.main(config_path='cfgs', config_name='svea_config')
/Users/a2mogus/build-projs/ccm-intro/projects/many-gens-rl-vigen/RL-ViGen-upstream/train.py:297: Hydra14MigrationWarning: 
The version_base parameter is not specified.
Hydra will assume defaults for version 1.1.
Hydra 1.4 will remove this compatibility behavior.
Before upgrading to Hydra 1.4, set version_base="1.3" and test your application.
See https://hydra.cc/docs/upgrades/1.3_to_1.4/prepare_for_1_4/ for preparation instructions.
  @hydra.main(config_path='cfgs', config_name='svea_config')
/Users/a2mogus/build-projs/ccm-intro/projects/many-gens-rl-vigen/RL-ViGen-upstream/train.py:297: Hydra14MigrationWarning: 
The version_base parameter is not specified.
Hydra will assume defaults for version 1.1.
Hydra 1.4 will remove this compatibility behavior.
Before upgrading to Hydra 1.4, set version_base="1.3" and test your application.
See https://hydra.cc/docs/upgrades/1.3_to_1.4/prepare_for_1_4/ for preparation instructions.
  @hydra.main(config_path='cfgs', config_name='svea_config')
/Users/a2mogus/build-projs/ccm-intro/projects/many-gens-rl-vigen/RL-ViGen-upstream/train.py:297: Hydra14MigrationWarning: 
The version_base parameter is not specified.
Hydra will assume defaults for version 1.1.
Hydra 1.4 will remove this compatibility behavior.
Before upgrading to Hydra 1.4, set version_base="1.3" and test your application.
See https://hydra.cc/docs/upgrades/1.3_to_1.4/prepare_for_1_4/ for preparation instructions.
  @hydra.main(config_path='cfgs', config_name='svea_config')
/Users/a2mogus/build-projs/ccm-intro/projects/many-gens-rl-vigen/RL-ViGen-upstream/train.py:297: Hydra14MigrationWarning: 
The version_base parameter is not specified.
Hydra will assume defaults for version 1.1.
Hydra 1.4 will remove this compatibility behavior.
Before upgrading to Hydra 1.4, set version_base="1.3" and test your application.
See https://hydra.cc/docs/upgrades/1.3_to_1.4/prepare_for_1_4/ for preparation instructions.
  @hydra.main(config_path='cfgs', config_name='svea_config')
/Users/a2mogus/build-projs/ccm-intro/projects/many-gens-rl-vigen/RL-ViGen-upstream/train.py:297: Hydra14MigrationWarning: 
The version_base parameter is not specified.
Hydra will assume defaults for version 1.1.
Hydra 1.4 will remove this compatibility behavior.
Before upgrading to Hydra 1.4, set version_base="1.3" and test your application.
See https://hydra.cc/docs/upgrades/1.3_to_1.4/prepare_for_1_4/ for preparation instructions.
  @hydra.main(config_path='cfgs', config_name='svea_config')
/Users/a2mogus/build-projs/ccm-intro/projects/many-gens-rl-vigen/RL-ViGen-upstream/train.py:297: Hydra14MigrationWarning: 
The version_base parameter is not specified.
Hydra will assume defaults for version 1.1.
Hydra 1.4 will remove this compatibility behavior.
Before upgrading to Hydra 1.4, set version_base="1.3" and test your application.
See https://hydra.cc/docs/upgrades/1.3_to_1.4/prepare_for_1_4/ for preparation instructions.
  @hydra.main(config_path='cfgs', config_name='svea_config')
/Users/a2mogus/build-projs/ccm-intro/projects/many-gens-rl-vigen/RL-ViGen-upstream/train.py:297: Hydra14MigrationWarning: 
The version_base parameter is not specified.
Hydra will assume defaults for version 1.1.
Hydra 1.4 will remove this compatibility behavior.
Before upgrading to Hydra 1.4, set version_base="1.3" and test your application.
See https://hydra.cc/docs/upgrades/1.3_to_1.4/prepare_for_1_4/ for preparation instructions.
  @hydra.main(config_path='cfgs', config_name='svea_config')
/Users/a2mogus/build-projs/ccm-intro/projects/many-gens-rl-vigen/RL-ViGen-upstream/train.py:297: Hydra14MigrationWarning: 
The version_base parameter is not specified.
Hydra will assume defaults for version 1.1.
Hydra 1.4 will remove this compatibility behavior.
Before upgrading to Hydra 1.4, set version_base="1.3" and test your application.
See https://hydra.cc/docs/upgrades/1.3_to_1.4/prepare_for_1_4/ for preparation instructions.
  @hydra.main(config_path='cfgs', config_name='svea_config')
/Users/a2mogus/build-projs/ccm-intro/projects/many-gens-rl-vigen/RL-ViGen-upstream/train.py:297: Hydra14MigrationWarning: 
The version_base parameter is not specified.
Hydra will assume defaults for version 1.1.
Hydra 1.4 will remove this compatibility behavior.
Before upgrading to Hydra 1.4, set version_base="1.3" and test your application.
See https://hydra.cc/docs/upgrades/1.3_to_1.4/prepare_for_1_4/ for preparation instructions.
  @hydra.main(config_path='cfgs', config_name='svea_config')
/Users/a2mogus/build-projs/ccm-intro/projects/many-gens-rl-vigen/RL-ViGen-upstream/train.py:297: Hydra14MigrationWarning: 
The version_base parameter is not specified.
Hydra will assume defaults for version 1.1.
Hydra 1.4 will remove this compatibility behavior.
Before upgrading to Hydra 1.4, set version_base="1.3" and test your application.
See https://hydra.cc/docs/upgrades/1.3_to_1.4/prepare_for_1_4/ for preparation instructions.
  @hydra.main(config_path='cfgs', config_name='svea_config')
/Users/a2mogus/build-projs/ccm-intro/projects/many-gens-rl-vigen/RL-ViGen-upstream/train.py:297: Hydra14MigrationWarning: 
The version_base parameter is not specified.
Hydra will assume defaults for version 1.1.
Hydra 1.4 will remove this compatibility behavior.
Before upgrading to Hydra 1.4, set version_base="1.3" and test your application.
See https://hydra.cc/docs/upgrades/1.3_to_1.4/prepare_for_1_4/ for preparation instructions.
  @hydra.main(config_path='cfgs', config_name='svea_config')
/Users/a2mogus/build-projs/ccm-intro/projects/many-gens-rl-vigen/RL-ViGen-upstream/train.py:297: Hydra14MigrationWarning: 
The version_base parameter is not specified.
Hydra will assume defaults for version 1.1.
Hydra 1.4 will remove this compatibility behavior.
Before upgrading to Hydra 1.4, set version_base="1.3" and test your application.
See https://hydra.cc/docs/upgrades/1.3_to_1.4/prepare_for_1_4/ for preparation instructions.
  @hydra.main(config_path='cfgs', config_name='svea_config')
/Users/a2mogus/build-projs/ccm-intro/projects/many-gens-rl-vigen/RL-ViGen-upstream/train.py:297: Hydra14MigrationWarning: 
The version_base parameter is not specified.
Hydra will assume defaults for version 1.1.
Hydra 1.4 will remove this compatibility behavior.
Before upgrading to Hydra 1.4, set version_base="1.3" and test your application.
See https://hydra.cc/docs/upgrades/1.3_to_1.4/prepare_for_1_4/ for preparation instructions.
  @hydra.main(config_path='cfgs', config_name='svea_config')
| [33mtrain[0m | F: 11000 | S: 11000 | E: 22 | L: 500 | R: 32.8196 | BS: 11000 | FPS: 1.5054 | T: 1:13:49
/Users/a2mogus/build-projs/ccm-intro/projects/many-gens-rl-vigen/RL-ViGen-upstream/train.py:297: Hydra14MigrationWarning: 
The version_base parameter is not specified.
Hydra will assume defaults for version 1.1.
Hydra 1.4 will remove this compatibility behavior.
Before upgrading to Hydra 1.4, set version_base="1.3" and test your application.
See https://hydra.cc/docs/upgrades/1.3_to_1.4/prepare_for_1_4/ for preparation instructions.
  @hydra.main(config_path='cfgs', config_name='svea_config')
/Users/a2mogus/build-projs/ccm-intro/projects/many-gens-rl-vigen/RL-ViGen-upstream/train.py:297: Hydra14MigrationWarning: 
The version_base parameter is not specified.
Hydra will assume defaults for version 1.1.
Hydra 1.4 will remove this compatibility behavior.
Before upgrading to Hydra 1.4, set version_base="1.3" and test your application.
See https://hydra.cc/docs/upgrades/1.3_to_1.4/prepare_for_1_4/ for preparation instructions.
  @hydra.main(config_path='cfgs', config_name='svea_config')
/Users/a2mogus/build-projs/ccm-intro/projects/many-gens-rl-vigen/RL-ViGen-upstream/train.py:297: Hydra14MigrationWarning: 
The version_base parameter is not specified.
Hydra will assume defaults for version 1.1.
Hydra 1.4 will remove this compatibility behavior.
Before upgrading to Hydra 1.4, set version_base="1.3" and test your application.
See https://hydra.cc/docs/upgrades/1.3_to_1.4/prepare_for_1_4/ for preparation instructions.
  @hydra.main(config_path='cfgs', config_name='svea_config')
/Users/a2mogus/build-projs/ccm-intro/projects/many-gens-rl-vigen/RL-ViGen-upstream/train.py:297: Hydra14MigrationWarning: 
The version_base parameter is not specified.
Hydra will assume defaults for version 1.1.
Hydra 1.4 will remove this compatibility behavior.
Before upgrading to Hydra 1.4, set version_base="1.3" and test your application.
See https://hydra.cc/docs/upgrades/1.3_to_1.4/prepare_for_1_4/ for preparation instructions.
  @hydra.main(config_path='cfgs', config_name='svea_config')
/Users/a2mogus/build-projs/ccm-intro/projects/many-gens-rl-vigen/RL-ViGen-upstream/train.py:297: Hydra14MigrationWarning: 
The version_base parameter is not specified.
Hydra will assume defaults for version 1.1.
Hydra 1.4 will remove this compatibility behavior.
Before upgrading to Hydra 1.4, set version_base="1.3" and test your application.
See https://hydra.cc/docs/upgrades/1.3_to_1.4/prepare_for_1_4/ for preparation instructions.
  @hydra.main(config_path='cfgs', config_name='svea_config')
/Users/a2mogus/build-projs/ccm-intro/projects/many-gens-rl-vigen/RL-ViGen-upstream/train.py:297: Hydra14MigrationWarning: 
The version_base parameter is not specified.
Hydra will assume defaults for version 1.1.
Hydra 1.4 will remove this compatibility behavior.
Before upgrading to Hydra 1.4, set version_base="1.3" and test your application.
See https://hydra.cc/docs/upgrades/1.3_to_1.4/prepare_for_1_4/ for preparation instructions.
  @hydra.main(config_path='cfgs', config_name='svea_config')
/Users/a2mogus/build-projs/ccm-intro/projects/many-gens-rl-vigen/RL-ViGen-upstream/train.py:297: Hydra14MigrationWarning: 
The version_base parameter is not specified.
Hydra will assume defaults for version 1.1.
Hydra 1.4 will remove this compatibility behavior.
Before upgrading to Hydra 1.4, set version_base="1.3" and test your application.
See https://hydra.cc/docs/upgrades/1.3_to_1.4/prepare_for_1_4/ for preparation instructions.
  @hydra.main(config_path='cfgs', config_name='svea_config')
/Users/a2mogus/build-projs/ccm-intro/projects/many-gens-rl-vigen/RL-ViGen-upstream/train.py:297: Hydra14MigrationWarning: 
The version_base parameter is not specified.
Hydra will assume defaults for version 1.1.
Hydra 1.4 will remove this compatibility behavior.
Before upgrading to Hydra 1.4, set version_base="1.3" and test your application.
See https://hydra.cc/docs/upgrades/1.3_to_1.4/prepare_for_1_4/ for preparation instructions.
  @hydra.main(config_path='cfgs', config_name='svea_config')
/Users/a2mogus/build-projs/ccm-intro/projects/many-gens-rl-vigen/RL-ViGen-upstream/train.py:297: Hydra14MigrationWarning: 
The version_base parameter is not specified.
Hydra will assume defaults for version 1.1.
Hydra 1.4 will remove this compatibility behavior.
Before upgrading to Hydra 1.4, set version_base="1.3" and test your application.
See https://hydra.cc/docs/upgrades/1.3_to_1.4/prepare_for_1_4/ for preparation instructions.
  @hydra.main(config_path='cfgs', config_name='svea_config')
/Users/a2mogus/build-projs/ccm-intro/projects/many-gens-rl-vigen/RL-ViGen-upstream/train.py:297: Hydra14MigrationWarning: 
The version_base parameter is not specified.
Hydra will assume defaults for version 1.1.
Hydra 1.4 will remove this compatibility behavior.
Before upgrading to Hydra 1.4, set version_base="1.3" and test your application.
See https://hydra.cc/docs/upgrades/1.3_to_1.4/prepare_for_1_4/ for preparation instructions.
  @hydra.main(config_path='cfgs', config_name='svea_config')
/Users/a2mogus/build-projs/ccm-intro/projects/many-gens-rl-vigen/RL-ViGen-upstream/train.py:297: Hydra14MigrationWarning: 
The version_base parameter is not specified.
Hydra will assume defaults for version 1.1.
Hydra 1.4 will remove this compatibility behavior.
Before upgrading to Hydra 1.4, set version_base="1.3" and test your application.
See https://hydra.cc/docs/upgrades/1.3_to_1.4/prepare_for_1_4/ for preparation instructions.
  @hydra.main(config_path='cfgs', config_name='svea_config')
/Users/a2mogus/build-projs/ccm-intro/projects/many-gens-rl-vigen/RL-ViGen-upstream/train.py:297: Hydra14MigrationWarning: 
The version_base parameter is not specified.
Hydra will assume defaults for version 1.1.
Hydra 1.4 will remove this compatibility behavior.
Before upgrading to Hydra 1.4, set version_base="1.3" and test your application.
See https://hydra.cc/docs/upgrades/1.3_to_1.4/prepare_for_1_4/ for preparation instructions.
  @hydra.main(config_path='cfgs', config_name='svea_config')
/Users/a2mogus/build-projs/ccm-intro/projects/many-gens-rl-vigen/RL-ViGen-upstream/train.py:297: Hydra14MigrationWarning: 
The version_base parameter is not specified.
Hydra will assume defaults for version 1.1.
Hydra 1.4 will remove this compatibility behavior.
Before upgrading to Hydra 1.4, set version_base="1.3" and test your application.
See https://hydra.cc/docs/upgrades/1.3_to_1.4/prepare_for_1_4/ for preparation instructions.
  @hydra.main(config_path='cfgs', config_name='svea_config')
/Users/a2mogus/build-projs/ccm-intro/projects/many-gens-rl-vigen/RL-ViGen-upstream/train.py:297: Hydra14MigrationWarning: 
The version_base parameter is not specified.
Hydra will assume defaults for version 1.1.
Hydra 1.4 will remove this compatibility behavior.
Before upgrading to Hydra 1.4, set version_base="1.3" and test your application.
See https://hydra.cc/docs/upgrades/1.3_to_1.4/prepare_for_1_4/ for preparation instructions.
  @hydra.main(config_path='cfgs', config_name='svea_config')
/Users/a2mogus/build-projs/ccm-intro/projects/many-gens-rl-vigen/RL-ViGen-upstream/train.py:297: Hydra14MigrationWarning: 
The version_base parameter is not specified.
Hydra will assume defaults for version 1.1.
Hydra 1.4 will remove this compatibility behavior.
Before upgrading to Hydra 1.4, set version_base="1.3" and test your application.
See https://hydra.cc/docs/upgrades/1.3_to_1.4/prepare_for_1_4/ for preparation instructions.
  @hydra.main(config_path='cfgs', config_name='svea_config')
/Users/a2mogus/build-projs/ccm-intro/projects/many-gens-rl-vigen/RL-ViGen-upstream/train.py:297: Hydra14MigrationWarning: 
The version_base parameter is not specified.
Hydra will assume defaults for version 1.1.
Hydra 1.4 will remove this compatibility behavior.
Before upgrading to Hydra 1.4, set version_base="1.3" and test your application.
See https://hydra.cc/docs/upgrades/1.3_to_1.4/prepare_for_1_4/ for preparation instructions.
  @hydra.main(config_path='cfgs', config_name='svea_config')
| [33mtrain[0m | F: 11500 | S: 11500 | E: 23 | L: 500 | R: 15.3393 | BS: 11500 | FPS: 1.5690 | T: 1:19:07
/Users/a2mogus/build-projs/ccm-intro/projects/many-gens-rl-vigen/RL-ViGen-upstream/train.py:297: Hydra14MigrationWarning: 
The version_base parameter is not specified.
Hydra will assume defaults for version 1.1.
Hydra 1.4 will remove this compatibility behavior.
Before upgrading to Hydra 1.4, set version_base="1.3" and test your application.
See https://hydra.cc/docs/upgrades/1.3_to_1.4/prepare_for_1_4/ for preparation instructions.
  @hydra.main(config_path='cfgs', config_name='svea_config')
/Users/a2mogus/build-projs/ccm-intro/projects/many-gens-rl-vigen/RL-ViGen-upstream/train.py:297: Hydra14MigrationWarning: 
The version_base parameter is not specified.
Hydra will assume defaults for version 1.1.
Hydra 1.4 will remove this compatibility behavior.
Before upgrading to Hydra 1.4, set version_base="1.3" and test your application.
See https://hydra.cc/docs/upgrades/1.3_to_1.4/prepare_for_1_4/ for preparation instructions.
  @hydra.main(config_path='cfgs', config_name='svea_config')
/Users/a2mogus/build-projs/ccm-intro/projects/many-gens-rl-vigen/RL-ViGen-upstream/train.py:297: Hydra14MigrationWarning: 
The version_base parameter is not specified.
Hydra will assume defaults for version 1.1.
Hydra 1.4 will remove this compatibility behavior.
Before upgrading to Hydra 1.4, set version_base="1.3" and test your application.
See https://hydra.cc/docs/upgrades/1.3_to_1.4/prepare_for_1_4/ for preparation instructions.
  @hydra.main(config_path='cfgs', config_name='svea_config')
/Users/a2mogus/build-projs/ccm-intro/projects/many-gens-rl-vigen/RL-ViGen-upstream/train.py:297: Hydra14MigrationWarning: 
The version_base parameter is not specified.
Hydra will assume defaults for version 1.1.
Hydra 1.4 will remove this compatibility behavior.
Before upgrading to Hydra 1.4, set version_base="1.3" and test your application.
See https://hydra.cc/docs/upgrades/1.3_to_1.4/prepare_for_1_4/ for preparation instructions.
  @hydra.main(config_path='cfgs', config_name='svea_config')
/Users/a2mogus/build-projs/ccm-intro/projects/many-gens-rl-vigen/RL-ViGen-upstream/train.py:297: Hydra14MigrationWarning: 
The version_base parameter is not specified.
Hydra will assume defaults for version 1.1.
Hydra 1.4 will remove this compatibility behavior.
Before upgrading to Hydra 1.4, set version_base="1.3" and test your application.
See https://hydra.cc/docs/upgrades/1.3_to_1.4/prepare_for_1_4/ for preparation instructions.
  @hydra.main(config_path='cfgs', config_name='svea_config')
/Users/a2mogus/build-projs/ccm-intro/projects/many-gens-rl-vigen/RL-ViGen-upstream/train.py:297: Hydra14MigrationWarning: 
The version_base parameter is not specified.
Hydra will assume defaults for version 1.1.
Hydra 1.4 will remove this compatibility behavior.
Before upgrading to Hydra 1.4, set version_base="1.3" and test your application.
See https://hydra.cc/docs/upgrades/1.3_to_1.4/prepare_for_1_4/ for preparation instructions.
  @hydra.main(config_path='cfgs', config_name='svea_config')
/Users/a2mogus/build-projs/ccm-intro/projects/many-gens-rl-vigen/RL-ViGen-upstream/train.py:297: Hydra14MigrationWarning: 
The version_base parameter is not specified.
Hydra will assume defaults for version 1.1.
Hydra 1.4 will remove this compatibility behavior.
Before upgrading to Hydra 1.4, set version_base="1.3" and test your application.
See https://hydra.cc/docs/upgrades/1.3_to_1.4/prepare_for_1_4/ for preparation instructions.
  @hydra.main(config_path='cfgs', config_name='svea_config')
/Users/a2mogus/build-projs/ccm-intro/projects/many-gens-rl-vigen/RL-ViGen-upstream/train.py:297: Hydra14MigrationWarning: 
The version_base parameter is not specified.
Hydra will assume defaults for version 1.1.
Hydra 1.4 will remove this compatibility behavior.
Before upgrading to Hydra 1.4, set version_base="1.3" and test your application.
See https://hydra.cc/docs/upgrades/1.3_to_1.4/prepare_for_1_4/ for preparation instructions.
  @hydra.main(config_path='cfgs', config_name='svea_config')
/Users/a2mogus/build-projs/ccm-intro/projects/many-gens-rl-vigen/RL-ViGen-upstream/train.py:297: Hydra14MigrationWarning: 
The version_base parameter is not specified.
Hydra will assume defaults for version 1.1.
Hydra 1.4 will remove this compatibility behavior.
Before upgrading to Hydra 1.4, set version_base="1.3" and test your application.
See https://hydra.cc/docs/upgrades/1.3_to_1.4/prepare_for_1_4/ for preparation instructions.
  @hydra.main(config_path='cfgs', config_name='svea_config')
/Users/a2mogus/build-projs/ccm-intro/projects/many-gens-rl-vigen/RL-ViGen-upstream/train.py:297: Hydra14MigrationWarning: 
The version_base parameter is not specified.
Hydra will assume defaults for version 1.1.
Hydra 1.4 will remove this compatibility behavior.
Before upgrading to Hydra 1.4, set version_base="1.3" and test your application.
See https://hydra.cc/docs/upgrades/1.3_to_1.4/prepare_for_1_4/ for preparation instructions.
  @hydra.main(config_path='cfgs', config_name='svea_config')
/Users/a2mogus/build-projs/ccm-intro/projects/many-gens-rl-vigen/RL-ViGen-upstream/train.py:297: Hydra14MigrationWarning: 
The version_base parameter is not specified.
Hydra will assume defaults for version 1.1.
Hydra 1.4 will remove this compatibility behavior.
Before upgrading to Hydra 1.4, set version_base="1.3" and test your application.
See https://hydra.cc/docs/upgrades/1.3_to_1.4/prepare_for_1_4/ for preparation instructions.
  @hydra.main(config_path='cfgs', config_name='svea_config')
/Users/a2mogus/build-projs/ccm-intro/projects/many-gens-rl-vigen/RL-ViGen-upstream/train.py:297: Hydra14MigrationWarning: 
The version_base parameter is not specified.
Hydra will assume defaults for version 1.1.
Hydra 1.4 will remove this compatibility behavior.
Before upgrading to Hydra 1.4, set version_base="1.3" and test your application.
See https://hydra.cc/docs/upgrades/1.3_to_1.4/prepare_for_1_4/ for preparation instructions.
  @hydra.main(config_path='cfgs', config_name='svea_config')
/Users/a2mogus/build-projs/ccm-intro/projects/many-gens-rl-vigen/RL-ViGen-upstream/train.py:297: Hydra14MigrationWarning: 
The version_base parameter is not specified.
Hydra will assume defaults for version 1.1.
Hydra 1.4 will remove this compatibility behavior.
Before upgrading to Hydra 1.4, set version_base="1.3" and test your application.
See https://hydra.cc/docs/upgrades/1.3_to_1.4/prepare_for_1_4/ for preparation instructions.
  @hydra.main(config_path='cfgs', config_name='svea_config')
/Users/a2mogus/build-projs/ccm-intro/projects/many-gens-rl-vigen/RL-ViGen-upstream/train.py:297: Hydra14MigrationWarning: 
The version_base parameter is not specified.
Hydra will assume defaults for version 1.1.
Hydra 1.4 will remove this compatibility behavior.
Before upgrading to Hydra 1.4, set version_base="1.3" and test your application.
See https://hydra.cc/docs/upgrades/1.3_to_1.4/prepare_for_1_4/ for preparation instructions.
  @hydra.main(config_path='cfgs', config_name='svea_config')
/Users/a2mogus/build-projs/ccm-intro/projects/many-gens-rl-vigen/RL-ViGen-upstream/train.py:297: Hydra14MigrationWarning: 
The version_base parameter is not specified.
Hydra will assume defaults for version 1.1.
Hydra 1.4 will remove this compatibility behavior.
Before upgrading to Hydra 1.4, set version_base="1.3" and test your application.
See https://hydra.cc/docs/upgrades/1.3_to_1.4/prepare_for_1_4/ for preparation instructions.
  @hydra.main(config_path='cfgs', config_name='svea_config')
/Users/a2mogus/build-projs/ccm-intro/projects/many-gens-rl-vigen/RL-ViGen-upstream/train.py:297: Hydra14MigrationWarning: 
The version_base parameter is not specified.
Hydra will assume defaults for version 1.1.
Hydra 1.4 will remove this compatibility behavior.
Before upgrading to Hydra 1.4, set version_base="1.3" and test your application.
See https://hydra.cc/docs/upgrades/1.3_to_1.4/prepare_for_1_4/ for preparation instructions.
  @hydra.main(config_path='cfgs', config_name='svea_config')
| [33mtrain[0m | F: 12000 | S: 12000 | E: 24 | L: 500 | R: 6.9811 | BS: 12000 | FPS: 1.5177 | T: 1:24:37
/Users/a2mogus/build-projs/ccm-intro/projects/many-gens-rl-vigen/RL-ViGen-upstream/train.py:297: Hydra14MigrationWarning: 
The version_base parameter is not specified.
Hydra will assume defaults for version 1.1.
Hydra 1.4 will remove this compatibility behavior.
Before upgrading to Hydra 1.4, set version_base="1.3" and test your application.
See https://hydra.cc/docs/upgrades/1.3_to_1.4/prepare_for_1_4/ for preparation instructions.
  @hydra.main(config_path='cfgs', config_name='svea_config')
/Users/a2mogus/build-projs/ccm-intro/projects/many-gens-rl-vigen/RL-ViGen-upstream/train.py:297: Hydra14MigrationWarning: 
The version_base parameter is not specified.
Hydra will assume defaults for version 1.1.
Hydra 1.4 will remove this compatibility behavior.
Before upgrading to Hydra 1.4, set version_base="1.3" and test your application.
See https://hydra.cc/docs/upgrades/1.3_to_1.4/prepare_for_1_4/ for preparation instructions.
  @hydra.main(config_path='cfgs', config_name='svea_config')
/Users/a2mogus/build-projs/ccm-intro/projects/many-gens-rl-vigen/RL-ViGen-upstream/train.py:297: Hydra14MigrationWarning: 
The version_base parameter is not specified.
Hydra will assume defaults for version 1.1.
Hydra 1.4 will remove this compatibility behavior.
Before upgrading to Hydra 1.4, set version_base="1.3" and test your application.
See https://hydra.cc/docs/upgrades/1.3_to_1.4/prepare_for_1_4/ for preparation instructions.
  @hydra.main(config_path='cfgs', config_name='svea_config')
/Users/a2mogus/build-projs/ccm-intro/projects/many-gens-rl-vigen/RL-ViGen-upstream/train.py:297: Hydra14MigrationWarning: 
The version_base parameter is not specified.
Hydra will assume defaults for version 1.1.
Hydra 1.4 will remove this compatibility behavior.
Before upgrading to Hydra 1.4, set version_base="1.3" and test your application.
See https://hydra.cc/docs/upgrades/1.3_to_1.4/prepare_for_1_4/ for preparation instructions.
  @hydra.main(config_path='cfgs', config_name='svea_config')
/Users/a2mogus/build-projs/ccm-intro/projects/many-gens-rl-vigen/RL-ViGen-upstream/train.py:297: Hydra14MigrationWarning: 
The version_base parameter is not specified.
Hydra will assume defaults for version 1.1.
Hydra 1.4 will remove this compatibility behavior.
Before upgrading to Hydra 1.4, set version_base="1.3" and test your application.
See https://hydra.cc/docs/upgrades/1.3_to_1.4/prepare_for_1_4/ for preparation instructions.
  @hydra.main(config_path='cfgs', config_name='svea_config')
/Users/a2mogus/build-projs/ccm-intro/projects/many-gens-rl-vigen/RL-ViGen-upstream/train.py:297: Hydra14MigrationWarning: 
The version_base parameter is not specified.
Hydra will assume defaults for version 1.1.
Hydra 1.4 will remove this compatibility behavior.
Before upgrading to Hydra 1.4, set version_base="1.3" and test your application.
See https://hydra.cc/docs/upgrades/1.3_to_1.4/prepare_for_1_4/ for preparation instructions.
  @hydra.main(config_path='cfgs', config_name='svea_config')
/Users/a2mogus/build-projs/ccm-intro/projects/many-gens-rl-vigen/RL-ViGen-upstream/train.py:297: Hydra14MigrationWarning: 
The version_base parameter is not specified.
Hydra will assume defaults for version 1.1.
Hydra 1.4 will remove this compatibility behavior.
Before upgrading to Hydra 1.4, set version_base="1.3" and test your application.
See https://hydra.cc/docs/upgrades/1.3_to_1.4/prepare_for_1_4/ for preparation instructions.
  @hydra.main(config_path='cfgs', config_name='svea_config')
/Users/a2mogus/build-projs/ccm-intro/projects/many-gens-rl-vigen/RL-ViGen-upstream/train.py:297: Hydra14MigrationWarning: 
The version_base parameter is not specified.
Hydra will assume defaults for version 1.1.
Hydra 1.4 will remove this compatibility behavior.
Before upgrading to Hydra 1.4, set version_base="1.3" and test your application.
See https://hydra.cc/docs/upgrades/1.3_to_1.4/prepare_for_1_4/ for preparation instructions.
  @hydra.main(config_path='cfgs', config_name='svea_config')
| [33mtrain[0m | F: 12500 | S: 12500 | E: 25 | L: 500 | R: 28.1996 | BS: 12500 | FPS: 2.1086 | T: 1:28:34
/Users/a2mogus/build-projs/ccm-intro/projects/many-gens-rl-vigen/RL-ViGen-upstream/train.py:297: Hydra14MigrationWarning: 
The version_base parameter is not specified.
Hydra will assume defaults for version 1.1.
Hydra 1.4 will remove this compatibility behavior.
Before upgrading to Hydra 1.4, set version_base="1.3" and test your application.
See https://hydra.cc/docs/upgrades/1.3_to_1.4/prepare_for_1_4/ for preparation instructions.
  @hydra.main(config_path='cfgs', config_name='svea_config')
/Users/a2mogus/build-projs/ccm-intro/projects/many-gens-rl-vigen/RL-ViGen-upstream/train.py:297: Hydra14MigrationWarning: 
The version_base parameter is not specified.
Hydra will assume defaults for version 1.1.
Hydra 1.4 will remove this compatibility behavior.
Before upgrading to Hydra 1.4, set version_base="1.3" and test your application.
See https://hydra.cc/docs/upgrades/1.3_to_1.4/prepare_for_1_4/ for preparation instructions.
  @hydra.main(config_path='cfgs', config_name='svea_config')
/Users/a2mogus/build-projs/ccm-intro/projects/many-gens-rl-vigen/RL-ViGen-upstream/train.py:297: Hydra14MigrationWarning: 
The version_base parameter is not specified.
Hydra will assume defaults for version 1.1.
Hydra 1.4 will remove this compatibility behavior.
Before upgrading to Hydra 1.4, set version_base="1.3" and test your application.
See https://hydra.cc/docs/upgrades/1.3_to_1.4/prepare_for_1_4/ for preparation instructions.
  @hydra.main(config_path='cfgs', config_name='svea_config')
/Users/a2mogus/build-projs/ccm-intro/projects/many-gens-rl-vigen/RL-ViGen-upstream/train.py:297: Hydra14MigrationWarning: 
The version_base parameter is not specified.
Hydra will assume defaults for version 1.1.
Hydra 1.4 will remove this compatibility behavior.
Before upgrading to Hydra 1.4, set version_base="1.3" and test your application.
See https://hydra.cc/docs/upgrades/1.3_to_1.4/prepare_for_1_4/ for preparation instructions.
  @hydra.main(config_path='cfgs', config_name='svea_config')
/Users/a2mogus/build-projs/ccm-intro/projects/many-gens-rl-vigen/RL-ViGen-upstream/train.py:297: Hydra14MigrationWarning: 
The version_base parameter is not specified.
Hydra will assume defaults for version 1.1.
Hydra 1.4 will remove this compatibility behavior.
Before upgrading to Hydra 1.4, set version_base="1.3" and test your application.
See https://hydra.cc/docs/upgrades/1.3_to_1.4/prepare_for_1_4/ for preparation instructions.
  @hydra.main(config_path='cfgs', config_name='svea_config')
/Users/a2mogus/build-projs/ccm-intro/projects/many-gens-rl-vigen/RL-ViGen-upstream/train.py:297: Hydra14MigrationWarning: 
The version_base parameter is not specified.
Hydra will assume defaults for version 1.1.
Hydra 1.4 will remove this compatibility behavior.
Before upgrading to Hydra 1.4, set version_base="1.3" and test your application.
See https://hydra.cc/docs/upgrades/1.3_to_1.4/prepare_for_1_4/ for preparation instructions.
  @hydra.main(config_path='cfgs', config_name='svea_config')
/Users/a2mogus/build-projs/ccm-intro/projects/many-gens-rl-vigen/RL-ViGen-upstream/train.py:297: Hydra14MigrationWarning: 
The version_base parameter is not specified.
Hydra will assume defaults for version 1.1.
Hydra 1.4 will remove this compatibility behavior.
Before upgrading to Hydra 1.4, set version_base="1.3" and test your application.
See https://hydra.cc/docs/upgrades/1.3_to_1.4/prepare_for_1_4/ for preparation instructions.
  @hydra.main(config_path='cfgs', config_name='svea_config')
/Users/a2mogus/build-projs/ccm-intro/projects/many-gens-rl-vigen/RL-ViGen-upstream/train.py:297: Hydra14MigrationWarning: 
The version_base parameter is not specified.
Hydra will assume defaults for version 1.1.
Hydra 1.4 will remove this compatibility behavior.
Before upgrading to Hydra 1.4, set version_base="1.3" and test your application.
See https://hydra.cc/docs/upgrades/1.3_to_1.4/prepare_for_1_4/ for preparation instructions.
  @hydra.main(config_path='cfgs', config_name='svea_config')
/Users/a2mogus/build-projs/ccm-intro/projects/many-gens-rl-vigen/RL-ViGen-upstream/train.py:297: Hydra14MigrationWarning: 
The version_base parameter is not specified.
Hydra will assume defaults for version 1.1.
Hydra 1.4 will remove this compatibility behavior.
Before upgrading to Hydra 1.4, set version_base="1.3" and test your application.
See https://hydra.cc/docs/upgrades/1.3_to_1.4/prepare_for_1_4/ for preparation instructions.
  @hydra.main(config_path='cfgs', config_name='svea_config')
/Users/a2mogus/build-projs/ccm-intro/projects/many-gens-rl-vigen/RL-ViGen-upstream/train.py:297: Hydra14MigrationWarning: 
The version_base parameter is not specified.
Hydra will assume defaults for version 1.1.
Hydra 1.4 will remove this compatibility behavior.
Before upgrading to Hydra 1.4, set version_base="1.3" and test your application.
See https://hydra.cc/docs/upgrades/1.3_to_1.4/prepare_for_1_4/ for preparation instructions.
  @hydra.main(config_path='cfgs', config_name='svea_config')
/Users/a2mogus/build-projs/ccm-intro/projects/many-gens-rl-vigen/RL-ViGen-upstream/train.py:297: Hydra14MigrationWarning: 
The version_base parameter is not specified.
Hydra will assume defaults for version 1.1.
Hydra 1.4 will remove this compatibility behavior.
Before upgrading to Hydra 1.4, set version_base="1.3" and test your application.
See https://hydra.cc/docs/upgrades/1.3_to_1.4/prepare_for_1_4/ for preparation instructions.
  @hydra.main(config_path='cfgs', config_name='svea_config')
/Users/a2mogus/build-projs/ccm-intro/projects/many-gens-rl-vigen/RL-ViGen-upstream/train.py:297: Hydra14MigrationWarning: 
The version_base parameter is not specified.
Hydra will assume defaults for version 1.1.
Hydra 1.4 will remove this compatibility behavior.
Before upgrading to Hydra 1.4, set version_base="1.3" and test your application.
See https://hydra.cc/docs/upgrades/1.3_to_1.4/prepare_for_1_4/ for preparation instructions.
  @hydra.main(config_path='cfgs', config_name='svea_config')
/Users/a2mogus/build-projs/ccm-intro/projects/many-gens-rl-vigen/RL-ViGen-upstream/train.py:297: Hydra14MigrationWarning: 
The version_base parameter is not specified.
Hydra will assume defaults for version 1.1.
Hydra 1.4 will remove this compatibility behavior.
Before upgrading to Hydra 1.4, set version_base="1.3" and test your application.
See https://hydra.cc/docs/upgrades/1.3_to_1.4/prepare_for_1_4/ for preparation instructions.
  @hydra.main(config_path='cfgs', config_name='svea_config')
/Users/a2mogus/build-projs/ccm-intro/projects/many-gens-rl-vigen/RL-ViGen-upstream/train.py:297: Hydra14MigrationWarning: 
The version_base parameter is not specified.
Hydra will assume defaults for version 1.1.
Hydra 1.4 will remove this compatibility behavior.
Before upgrading to Hydra 1.4, set version_base="1.3" and test your application.
See https://hydra.cc/docs/upgrades/1.3_to_1.4/prepare_for_1_4/ for preparation instructions.
  @hydra.main(config_path='cfgs', config_name='svea_config')
/Users/a2mogus/build-projs/ccm-intro/projects/many-gens-rl-vigen/RL-ViGen-upstream/train.py:297: Hydra14MigrationWarning: 
The version_base parameter is not specified.
Hydra will assume defaults for version 1.1.
Hydra 1.4 will remove this compatibility behavior.
Before upgrading to Hydra 1.4, set version_base="1.3" and test your application.
See https://hydra.cc/docs/upgrades/1.3_to_1.4/prepare_for_1_4/ for preparation instructions.
  @hydra.main(config_path='cfgs', config_name='svea_config')
/Users/a2mogus/build-projs/ccm-intro/projects/many-gens-rl-vigen/RL-ViGen-upstream/train.py:297: Hydra14MigrationWarning: 
The version_base parameter is not specified.
Hydra will assume defaults for version 1.1.
Hydra 1.4 will remove this compatibility behavior.
Before upgrading to Hydra 1.4, set version_base="1.3" and test your application.
See https://hydra.cc/docs/upgrades/1.3_to_1.4/prepare_for_1_4/ for preparation instructions.
  @hydra.main(config_path='cfgs', config_name='svea_config')
| [33mtrain[0m | F: 13000 | S: 13000 | E: 26 | L: 500 | R: 17.3137 | BS: 13000 | FPS: 1.5280 | T: 1:34:01
/Users/a2mogus/build-projs/ccm-intro/projects/many-gens-rl-vigen/RL-ViGen-upstream/train.py:297: Hydra14MigrationWarning: 
The version_base parameter is not specified.
Hydra will assume defaults for version 1.1.
Hydra 1.4 will remove this compatibility behavior.
Before upgrading to Hydra 1.4, set version_base="1.3" and test your application.
See https://hydra.cc/docs/upgrades/1.3_to_1.4/prepare_for_1_4/ for preparation instructions.
  @hydra.main(config_path='cfgs', config_name='svea_config')
/Users/a2mogus/build-projs/ccm-intro/projects/many-gens-rl-vigen/RL-ViGen-upstream/train.py:297: Hydra14MigrationWarning: 
The version_base parameter is not specified.
Hydra will assume defaults for version 1.1.
Hydra 1.4 will remove this compatibility behavior.
Before upgrading to Hydra 1.4, set version_base="1.3" and test your application.
See https://hydra.cc/docs/upgrades/1.3_to_1.4/prepare_for_1_4/ for preparation instructions.
  @hydra.main(config_path='cfgs', config_name='svea_config')
/Users/a2mogus/build-projs/ccm-intro/projects/many-gens-rl-vigen/RL-ViGen-upstream/train.py:297: Hydra14MigrationWarning: 
The version_base parameter is not specified.
Hydra will assume defaults for version 1.1.
Hydra 1.4 will remove this compatibility behavior.
Before upgrading to Hydra 1.4, set version_base="1.3" and test your application.
See https://hydra.cc/docs/upgrades/1.3_to_1.4/prepare_for_1_4/ for preparation instructions.
  @hydra.main(config_path='cfgs', config_name='svea_config')
/Users/a2mogus/build-projs/ccm-intro/projects/many-gens-rl-vigen/RL-ViGen-upstream/train.py:297: Hydra14MigrationWarning: 
The version_base parameter is not specified.
Hydra will assume defaults for version 1.1.
Hydra 1.4 will remove this compatibility behavior.
Before upgrading to Hydra 1.4, set version_base="1.3" and test your application.
See https://hydra.cc/docs/upgrades/1.3_to_1.4/prepare_for_1_4/ for preparation instructions.
  @hydra.main(config_path='cfgs', config_name='svea_config')
/Users/a2mogus/build-projs/ccm-intro/projects/many-gens-rl-vigen/RL-ViGen-upstream/train.py:297: Hydra14MigrationWarning: 
The version_base parameter is not specified.
Hydra will assume defaults for version 1.1.
Hydra 1.4 will remove this compatibility behavior.
Before upgrading to Hydra 1.4, set version_base="1.3" and test your application.
See https://hydra.cc/docs/upgrades/1.3_to_1.4/prepare_for_1_4/ for preparation instructions.
  @hydra.main(config_path='cfgs', config_name='svea_config')
/Users/a2mogus/build-projs/ccm-intro/projects/many-gens-rl-vigen/RL-ViGen-upstream/train.py:297: Hydra14MigrationWarning: 
The version_base parameter is not specified.
Hydra will assume defaults for version 1.1.
Hydra 1.4 will remove this compatibility behavior.
Before upgrading to Hydra 1.4, set version_base="1.3" and test your application.
See https://hydra.cc/docs/upgrades/1.3_to_1.4/prepare_for_1_4/ for preparation instructions.
  @hydra.main(config_path='cfgs', config_name='svea_config')
/Users/a2mogus/build-projs/ccm-intro/projects/many-gens-rl-vigen/RL-ViGen-upstream/train.py:297: Hydra14MigrationWarning: 
The version_base parameter is not specified.
Hydra will assume defaults for version 1.1.
Hydra 1.4 will remove this compatibility behavior.
Before upgrading to Hydra 1.4, set version_base="1.3" and test your application.
See https://hydra.cc/docs/upgrades/1.3_to_1.4/prepare_for_1_4/ for preparation instructions.
  @hydra.main(config_path='cfgs', config_name='svea_config')
/Users/a2mogus/build-projs/ccm-intro/projects/many-gens-rl-vigen/RL-ViGen-upstream/train.py:297: Hydra14MigrationWarning: 
The version_base parameter is not specified.
Hydra will assume defaults for version 1.1.
Hydra 1.4 will remove this compatibility behavior.
Before upgrading to Hydra 1.4, set version_base="1.3" and test your application.
See https://hydra.cc/docs/upgrades/1.3_to_1.4/prepare_for_1_4/ for preparation instructions.
  @hydra.main(config_path='cfgs', config_name='svea_config')
/Users/a2mogus/build-projs/ccm-intro/projects/many-gens-rl-vigen/RL-ViGen-upstream/train.py:297: Hydra14MigrationWarning: 
The version_base parameter is not specified.
Hydra will assume defaults for version 1.1.
Hydra 1.4 will remove this compatibility behavior.
Before upgrading to Hydra 1.4, set version_base="1.3" and test your application.
See https://hydra.cc/docs/upgrades/1.3_to_1.4/prepare_for_1_4/ for preparation instructions.
  @hydra.main(config_path='cfgs', config_name='svea_config')
/Users/a2mogus/build-projs/ccm-intro/projects/many-gens-rl-vigen/RL-ViGen-upstream/train.py:297: Hydra14MigrationWarning: 
The version_base parameter is not specified.
Hydra will assume defaults for version 1.1.
Hydra 1.4 will remove this compatibility behavior.
Before upgrading to Hydra 1.4, set version_base="1.3" and test your application.
See https://hydra.cc/docs/upgrades/1.3_to_1.4/prepare_for_1_4/ for preparation instructions.
  @hydra.main(config_path='cfgs', config_name='svea_config')
/Users/a2mogus/build-projs/ccm-intro/projects/many-gens-rl-vigen/RL-ViGen-upstream/train.py:297: Hydra14MigrationWarning: 
The version_base parameter is not specified.
Hydra will assume defaults for version 1.1.
Hydra 1.4 will remove this compatibility behavior.
Before upgrading to Hydra 1.4, set version_base="1.3" and test your application.
See https://hydra.cc/docs/upgrades/1.3_to_1.4/prepare_for_1_4/ for preparation instructions.
  @hydra.main(config_path='cfgs', config_name='svea_config')
/Users/a2mogus/build-projs/ccm-intro/projects/many-gens-rl-vigen/RL-ViGen-upstream/train.py:297: Hydra14MigrationWarning: 
The version_base parameter is not specified.
Hydra will assume defaults for version 1.1.
Hydra 1.4 will remove this compatibility behavior.
Before upgrading to Hydra 1.4, set version_base="1.3" and test your application.
See https://hydra.cc/docs/upgrades/1.3_to_1.4/prepare_for_1_4/ for preparation instructions.
  @hydra.main(config_path='cfgs', config_name='svea_config')
/Users/a2mogus/build-projs/ccm-intro/projects/many-gens-rl-vigen/RL-ViGen-upstream/train.py:297: Hydra14MigrationWarning: 
The version_base parameter is not specified.
Hydra will assume defaults for version 1.1.
Hydra 1.4 will remove this compatibility behavior.
Before upgrading to Hydra 1.4, set version_base="1.3" and test your application.
See https://hydra.cc/docs/upgrades/1.3_to_1.4/prepare_for_1_4/ for preparation instructions.
  @hydra.main(config_path='cfgs', config_name='svea_config')
/Users/a2mogus/build-projs/ccm-intro/projects/many-gens-rl-vigen/RL-ViGen-upstream/train.py:297: Hydra14MigrationWarning: 
The version_base parameter is not specified.
Hydra will assume defaults for version 1.1.
Hydra 1.4 will remove this compatibility behavior.
Before upgrading to Hydra 1.4, set version_base="1.3" and test your application.
See https://hydra.cc/docs/upgrades/1.3_to_1.4/prepare_for_1_4/ for preparation instructions.
  @hydra.main(config_path='cfgs', config_name='svea_config')
/Users/a2mogus/build-projs/ccm-intro/projects/many-gens-rl-vigen/RL-ViGen-upstream/train.py:297: Hydra14MigrationWarning: 
The version_base parameter is not specified.
Hydra will assume defaults for version 1.1.
Hydra 1.4 will remove this compatibility behavior.
Before upgrading to Hydra 1.4, set version_base="1.3" and test your application.
See https://hydra.cc/docs/upgrades/1.3_to_1.4/prepare_for_1_4/ for preparation instructions.
  @hydra.main(config_path='cfgs', config_name='svea_config')
/Users/a2mogus/build-projs/ccm-intro/projects/many-gens-rl-vigen/RL-ViGen-upstream/train.py:297: Hydra14MigrationWarning: 
The version_base parameter is not specified.
Hydra will assume defaults for version 1.1.
Hydra 1.4 will remove this compatibility behavior.
Before upgrading to Hydra 1.4, set version_base="1.3" and test your application.
See https://hydra.cc/docs/upgrades/1.3_to_1.4/prepare_for_1_4/ for preparation instructions.
  @hydra.main(config_path='cfgs', config_name='svea_config')
| [33mtrain[0m | F: 13500 | S: 13500 | E: 27 | L: 500 | R: 47.3825 | BS: 13500 | FPS: 1.4709 | T: 1:39:41
/Users/a2mogus/build-projs/ccm-intro/projects/many-gens-rl-vigen/RL-ViGen-upstream/train.py:297: Hydra14MigrationWarning: 
The version_base parameter is not specified.
Hydra will assume defaults for version 1.1.
Hydra 1.4 will remove this compatibility behavior.
Before upgrading to Hydra 1.4, set version_base="1.3" and test your application.
See https://hydra.cc/docs/upgrades/1.3_to_1.4/prepare_for_1_4/ for preparation instructions.
  @hydra.main(config_path='cfgs', config_name='svea_config')
/Users/a2mogus/build-projs/ccm-intro/projects/many-gens-rl-vigen/RL-ViGen-upstream/train.py:297: Hydra14MigrationWarning: 
The version_base parameter is not specified.
Hydra will assume defaults for version 1.1.
Hydra 1.4 will remove this compatibility behavior.
Before upgrading to Hydra 1.4, set version_base="1.3" and test your application.
See https://hydra.cc/docs/upgrades/1.3_to_1.4/prepare_for_1_4/ for preparation instructions.
  @hydra.main(config_path='cfgs', config_name='svea_config')
/Users/a2mogus/build-projs/ccm-intro/projects/many-gens-rl-vigen/RL-ViGen-upstream/train.py:297: Hydra14MigrationWarning: 
The version_base parameter is not specified.
Hydra will assume defaults for version 1.1.
Hydra 1.4 will remove this compatibility behavior.
Before upgrading to Hydra 1.4, set version_base="1.3" and test your application.
See https://hydra.cc/docs/upgrades/1.3_to_1.4/prepare_for_1_4/ for preparation instructions.
  @hydra.main(config_path='cfgs', config_name='svea_config')
/Users/a2mogus/build-projs/ccm-intro/projects/many-gens-rl-vigen/RL-ViGen-upstream/train.py:297: Hydra14MigrationWarning: 
The version_base parameter is not specified.
Hydra will assume defaults for version 1.1.
Hydra 1.4 will remove this compatibility behavior.
Before upgrading to Hydra 1.4, set version_base="1.3" and test your application.
See https://hydra.cc/docs/upgrades/1.3_to_1.4/prepare_for_1_4/ for preparation instructions.
  @hydra.main(config_path='cfgs', config_name='svea_config')
/Users/a2mogus/build-projs/ccm-intro/projects/many-gens-rl-vigen/RL-ViGen-upstream/train.py:297: Hydra14MigrationWarning: 
The version_base parameter is not specified.
Hydra will assume defaults for version 1.1.
Hydra 1.4 will remove this compatibility behavior.
Before upgrading to Hydra 1.4, set version_base="1.3" and test your application.
See https://hydra.cc/docs/upgrades/1.3_to_1.4/prepare_for_1_4/ for preparation instructions.
  @hydra.main(config_path='cfgs', config_name='svea_config')
/Users/a2mogus/build-projs/ccm-intro/projects/many-gens-rl-vigen/RL-ViGen-upstream/train.py:297: Hydra14MigrationWarning: 
The version_base parameter is not specified.
Hydra will assume defaults for version 1.1.
Hydra 1.4 will remove this compatibility behavior.
Before upgrading to Hydra 1.4, set version_base="1.3" and test your application.
See https://hydra.cc/docs/upgrades/1.3_to_1.4/prepare_for_1_4/ for preparation instructions.
  @hydra.main(config_path='cfgs', config_name='svea_config')
/Users/a2mogus/build-projs/ccm-intro/projects/many-gens-rl-vigen/RL-ViGen-upstream/train.py:297: Hydra14MigrationWarning: 
The version_base parameter is not specified.
Hydra will assume defaults for version 1.1.
Hydra 1.4 will remove this compatibility behavior.
Before upgrading to Hydra 1.4, set version_base="1.3" and test your application.
See https://hydra.cc/docs/upgrades/1.3_to_1.4/prepare_for_1_4/ for preparation instructions.
  @hydra.main(config_path='cfgs', config_name='svea_config')
/Users/a2mogus/build-projs/ccm-intro/projects/many-gens-rl-vigen/RL-ViGen-upstream/train.py:297: Hydra14MigrationWarning: 
The version_base parameter is not specified.
Hydra will assume defaults for version 1.1.
Hydra 1.4 will remove this compatibility behavior.
Before upgrading to Hydra 1.4, set version_base="1.3" and test your application.
See https://hydra.cc/docs/upgrades/1.3_to_1.4/prepare_for_1_4/ for preparation instructions.
  @hydra.main(config_path='cfgs', config_name='svea_config')
/Users/a2mogus/build-projs/ccm-intro/projects/many-gens-rl-vigen/RL-ViGen-upstream/train.py:297: Hydra14MigrationWarning: 
The version_base parameter is not specified.
Hydra will assume defaults for version 1.1.
Hydra 1.4 will remove this compatibility behavior.
Before upgrading to Hydra 1.4, set version_base="1.3" and test your application.
See https://hydra.cc/docs/upgrades/1.3_to_1.4/prepare_for_1_4/ for preparation instructions.
  @hydra.main(config_path='cfgs', config_name='svea_config')
/Users/a2mogus/build-projs/ccm-intro/projects/many-gens-rl-vigen/RL-ViGen-upstream/train.py:297: Hydra14MigrationWarning: 
The version_base parameter is not specified.
Hydra will assume defaults for version 1.1.
Hydra 1.4 will remove this compatibility behavior.
Before upgrading to Hydra 1.4, set version_base="1.3" and test your application.
See https://hydra.cc/docs/upgrades/1.3_to_1.4/prepare_for_1_4/ for preparation instructions.
  @hydra.main(config_path='cfgs', config_name='svea_config')
/Users/a2mogus/build-projs/ccm-intro/projects/many-gens-rl-vigen/RL-ViGen-upstream/train.py:297: Hydra14MigrationWarning: 
The version_base parameter is not specified.
Hydra will assume defaults for version 1.1.
Hydra 1.4 will remove this compatibility behavior.
Before upgrading to Hydra 1.4, set version_base="1.3" and test your application.
See https://hydra.cc/docs/upgrades/1.3_to_1.4/prepare_for_1_4/ for preparation instructions.
  @hydra.main(config_path='cfgs', config_name='svea_config')
/Users/a2mogus/build-projs/ccm-intro/projects/many-gens-rl-vigen/RL-ViGen-upstream/train.py:297: Hydra14MigrationWarning: 
The version_base parameter is not specified.
Hydra will assume defaults for version 1.1.
Hydra 1.4 will remove this compatibility behavior.
Before upgrading to Hydra 1.4, set version_base="1.3" and test your application.
See https://hydra.cc/docs/upgrades/1.3_to_1.4/prepare_for_1_4/ for preparation instructions.
  @hydra.main(config_path='cfgs', config_name='svea_config')
/Users/a2mogus/build-projs/ccm-intro/projects/many-gens-rl-vigen/RL-ViGen-upstream/train.py:297: Hydra14MigrationWarning: 
The version_base parameter is not specified.
Hydra will assume defaults for version 1.1.
Hydra 1.4 will remove this compatibility behavior.
Before upgrading to Hydra 1.4, set version_base="1.3" and test your application.
See https://hydra.cc/docs/upgrades/1.3_to_1.4/prepare_for_1_4/ for preparation instructions.
  @hydra.main(config_path='cfgs', config_name='svea_config')
/Users/a2mogus/build-projs/ccm-intro/projects/many-gens-rl-vigen/RL-ViGen-upstream/train.py:297: Hydra14MigrationWarning: 
The version_base parameter is not specified.
Hydra will assume defaults for version 1.1.
Hydra 1.4 will remove this compatibility behavior.
Before upgrading to Hydra 1.4, set version_base="1.3" and test your application.
See https://hydra.cc/docs/upgrades/1.3_to_1.4/prepare_for_1_4/ for preparation instructions.
  @hydra.main(config_path='cfgs', config_name='svea_config')
/Users/a2mogus/build-projs/ccm-intro/projects/many-gens-rl-vigen/RL-ViGen-upstream/train.py:297: Hydra14MigrationWarning: 
The version_base parameter is not specified.
Hydra will assume defaults for version 1.1.
Hydra 1.4 will remove this compatibility behavior.
Before upgrading to Hydra 1.4, set version_base="1.3" and test your application.
See https://hydra.cc/docs/upgrades/1.3_to_1.4/prepare_for_1_4/ for preparation instructions.
  @hydra.main(config_path='cfgs', config_name='svea_config')
/Users/a2mogus/build-projs/ccm-intro/projects/many-gens-rl-vigen/RL-ViGen-upstream/train.py:297: Hydra14MigrationWarning: 
The version_base parameter is not specified.
Hydra will assume defaults for version 1.1.
Hydra 1.4 will remove this compatibility behavior.
Before upgrading to Hydra 1.4, set version_base="1.3" and test your application.
See https://hydra.cc/docs/upgrades/1.3_to_1.4/prepare_for_1_4/ for preparation instructions.
  @hydra.main(config_path='cfgs', config_name='svea_config')
| [33mtrain[0m | F: 14000 | S: 14000 | E: 28 | L: 500 | R: 75.7202 | BS: 14000 | FPS: 1.4177 | T: 1:45:34
/Users/a2mogus/build-projs/ccm-intro/projects/many-gens-rl-vigen/RL-ViGen-upstream/train.py:297: Hydra14MigrationWarning: 
The version_base parameter is not specified.
Hydra will assume defaults for version 1.1.
Hydra 1.4 will remove this compatibility behavior.
Before upgrading to Hydra 1.4, set version_base="1.3" and test your application.
See https://hydra.cc/docs/upgrades/1.3_to_1.4/prepare_for_1_4/ for preparation instructions.
  @hydra.main(config_path='cfgs', config_name='svea_config')
/Users/a2mogus/build-projs/ccm-intro/projects/many-gens-rl-vigen/RL-ViGen-upstream/train.py:297: Hydra14MigrationWarning: 
The version_base parameter is not specified.
Hydra will assume defaults for version 1.1.
Hydra 1.4 will remove this compatibility behavior.
Before upgrading to Hydra 1.4, set version_base="1.3" and test your application.
See https://hydra.cc/docs/upgrades/1.3_to_1.4/prepare_for_1_4/ for preparation instructions.
  @hydra.main(config_path='cfgs', config_name='svea_config')
/Users/a2mogus/build-projs/ccm-intro/projects/many-gens-rl-vigen/RL-ViGen-upstream/train.py:297: Hydra14MigrationWarning: 
The version_base parameter is not specified.
Hydra will assume defaults for version 1.1.
Hydra 1.4 will remove this compatibility behavior.
Before upgrading to Hydra 1.4, set version_base="1.3" and test your application.
See https://hydra.cc/docs/upgrades/1.3_to_1.4/prepare_for_1_4/ for preparation instructions.
  @hydra.main(config_path='cfgs', config_name='svea_config')
/Users/a2mogus/build-projs/ccm-intro/projects/many-gens-rl-vigen/RL-ViGen-upstream/train.py:297: Hydra14MigrationWarning: 
The version_base parameter is not specified.
Hydra will assume defaults for version 1.1.
Hydra 1.4 will remove this compatibility behavior.
Before upgrading to Hydra 1.4, set version_base="1.3" and test your application.
See https://hydra.cc/docs/upgrades/1.3_to_1.4/prepare_for_1_4/ for preparation instructions.
  @hydra.main(config_path='cfgs', config_name='svea_config')
/Users/a2mogus/build-projs/ccm-intro/projects/many-gens-rl-vigen/RL-ViGen-upstream/train.py:297: Hydra14MigrationWarning: 
The version_base parameter is not specified.
Hydra will assume defaults for version 1.1.
Hydra 1.4 will remove this compatibility behavior.
Before upgrading to Hydra 1.4, set version_base="1.3" and test your application.
See https://hydra.cc/docs/upgrades/1.3_to_1.4/prepare_for_1_4/ for preparation instructions.
  @hydra.main(config_path='cfgs', config_name='svea_config')
/Users/a2mogus/build-projs/ccm-intro/projects/many-gens-rl-vigen/RL-ViGen-upstream/train.py:297: Hydra14MigrationWarning: 
The version_base parameter is not specified.
Hydra will assume defaults for version 1.1.
Hydra 1.4 will remove this compatibility behavior.
Before upgrading to Hydra 1.4, set version_base="1.3" and test your application.
See https://hydra.cc/docs/upgrades/1.3_to_1.4/prepare_for_1_4/ for preparation instructions.
  @hydra.main(config_path='cfgs', config_name='svea_config')
/Users/a2mogus/build-projs/ccm-intro/projects/many-gens-rl-vigen/RL-ViGen-upstream/train.py:297: Hydra14MigrationWarning: 
The version_base parameter is not specified.
Hydra will assume defaults for version 1.1.
Hydra 1.4 will remove this compatibility behavior.
Before upgrading to Hydra 1.4, set version_base="1.3" and test your application.
See https://hydra.cc/docs/upgrades/1.3_to_1.4/prepare_for_1_4/ for preparation instructions.
  @hydra.main(config_path='cfgs', config_name='svea_config')
/Users/a2mogus/build-projs/ccm-intro/projects/many-gens-rl-vigen/RL-ViGen-upstream/train.py:297: Hydra14MigrationWarning: 
The version_base parameter is not specified.
Hydra will assume defaults for version 1.1.
Hydra 1.4 will remove this compatibility behavior.
Before upgrading to Hydra 1.4, set version_base="1.3" and test your application.
See https://hydra.cc/docs/upgrades/1.3_to_1.4/prepare_for_1_4/ for preparation instructions.
  @hydra.main(config_path='cfgs', config_name='svea_config')
| [33mtrain[0m | F: 14500 | S: 14500 | E: 29 | L: 500 | R: 4.5788 | BS: 14500 | FPS: 1.8320 | T: 1:50:07
/Users/a2mogus/build-projs/ccm-intro/projects/many-gens-rl-vigen/RL-ViGen-upstream/train.py:297: Hydra14MigrationWarning: 
The version_base parameter is not specified.
Hydra will assume defaults for version 1.1.
Hydra 1.4 will remove this compatibility behavior.
Before upgrading to Hydra 1.4, set version_base="1.3" and test your application.
See https://hydra.cc/docs/upgrades/1.3_to_1.4/prepare_for_1_4/ for preparation instructions.
  @hydra.main(config_path='cfgs', config_name='svea_config')
/Users/a2mogus/build-projs/ccm-intro/projects/many-gens-rl-vigen/RL-ViGen-upstream/train.py:297: Hydra14MigrationWarning: 
The version_base parameter is not specified.
Hydra will assume defaults for version 1.1.
Hydra 1.4 will remove this compatibility behavior.
Before upgrading to Hydra 1.4, set version_base="1.3" and test your application.
See https://hydra.cc/docs/upgrades/1.3_to_1.4/prepare_for_1_4/ for preparation instructions.
  @hydra.main(config_path='cfgs', config_name='svea_config')
/Users/a2mogus/build-projs/ccm-intro/projects/many-gens-rl-vigen/RL-ViGen-upstream/train.py:297: Hydra14MigrationWarning: 
The version_base parameter is not specified.
Hydra will assume defaults for version 1.1.
Hydra 1.4 will remove this compatibility behavior.
Before upgrading to Hydra 1.4, set version_base="1.3" and test your application.
See https://hydra.cc/docs/upgrades/1.3_to_1.4/prepare_for_1_4/ for preparation instructions.
  @hydra.main(config_path='cfgs', config_name='svea_config')
/Users/a2mogus/build-projs/ccm-intro/projects/many-gens-rl-vigen/RL-ViGen-upstream/train.py:297: Hydra14MigrationWarning: 
The version_base parameter is not specified.
Hydra will assume defaults for version 1.1.
Hydra 1.4 will remove this compatibility behavior.
Before upgrading to Hydra 1.4, set version_base="1.3" and test your application.
See https://hydra.cc/docs/upgrades/1.3_to_1.4/prepare_for_1_4/ for preparation instructions.
  @hydra.main(config_path='cfgs', config_name='svea_config')
/Users/a2mogus/build-projs/ccm-intro/projects/many-gens-rl-vigen/RL-ViGen-upstream/train.py:297: Hydra14MigrationWarning: 
The version_base parameter is not specified.
Hydra will assume defaults for version 1.1.
Hydra 1.4 will remove this compatibility behavior.
Before upgrading to Hydra 1.4, set version_base="1.3" and test your application.
See https://hydra.cc/docs/upgrades/1.3_to_1.4/prepare_for_1_4/ for preparation instructions.
  @hydra.main(config_path='cfgs', config_name='svea_config')
/Users/a2mogus/build-projs/ccm-intro/projects/many-gens-rl-vigen/RL-ViGen-upstream/train.py:297: Hydra14MigrationWarning: 
The version_base parameter is not specified.
Hydra will assume defaults for version 1.1.
Hydra 1.4 will remove this compatibility behavior.
Before upgrading to Hydra 1.4, set version_base="1.3" and test your application.
See https://hydra.cc/docs/upgrades/1.3_to_1.4/prepare_for_1_4/ for preparation instructions.
  @hydra.main(config_path='cfgs', config_name='svea_config')
/Users/a2mogus/build-projs/ccm-intro/projects/many-gens-rl-vigen/RL-ViGen-upstream/train.py:297: Hydra14MigrationWarning: 
The version_base parameter is not specified.
Hydra will assume defaults for version 1.1.
Hydra 1.4 will remove this compatibility behavior.
Before upgrading to Hydra 1.4, set version_base="1.3" and test your application.
See https://hydra.cc/docs/upgrades/1.3_to_1.4/prepare_for_1_4/ for preparation instructions.
  @hydra.main(config_path='cfgs', config_name='svea_config')
/Users/a2mogus/build-projs/ccm-intro/projects/many-gens-rl-vigen/RL-ViGen-upstream/train.py:297: Hydra14MigrationWarning: 
The version_base parameter is not specified.
Hydra will assume defaults for version 1.1.
Hydra 1.4 will remove this compatibility behavior.
Before upgrading to Hydra 1.4, set version_base="1.3" and test your application.
See https://hydra.cc/docs/upgrades/1.3_to_1.4/prepare_for_1_4/ for preparation instructions.
  @hydra.main(config_path='cfgs', config_name='svea_config')
/Users/a2mogus/build-projs/ccm-intro/projects/many-gens-rl-vigen/RL-ViGen-upstream/train.py:297: Hydra14MigrationWarning: 
The version_base parameter is not specified.
Hydra will assume defaults for version 1.1.
Hydra 1.4 will remove this compatibility behavior.
Before upgrading to Hydra 1.4, set version_base="1.3" and test your application.
See https://hydra.cc/docs/upgrades/1.3_to_1.4/prepare_for_1_4/ for preparation instructions.
  @hydra.main(config_path='cfgs', config_name='svea_config')
/Users/a2mogus/build-projs/ccm-intro/projects/many-gens-rl-vigen/RL-ViGen-upstream/train.py:297: Hydra14MigrationWarning: 
The version_base parameter is not specified.
Hydra will assume defaults for version 1.1.
Hydra 1.4 will remove this compatibility behavior.
Before upgrading to Hydra 1.4, set version_base="1.3" and test your application.
See https://hydra.cc/docs/upgrades/1.3_to_1.4/prepare_for_1_4/ for preparation instructions.
  @hydra.main(config_path='cfgs', config_name='svea_config')
/Users/a2mogus/build-projs/ccm-intro/projects/many-gens-rl-vigen/RL-ViGen-upstream/train.py:297: Hydra14MigrationWarning: 
The version_base parameter is not specified.
Hydra will assume defaults for version 1.1.
Hydra 1.4 will remove this compatibility behavior.
Before upgrading to Hydra 1.4, set version_base="1.3" and test your application.
See https://hydra.cc/docs/upgrades/1.3_to_1.4/prepare_for_1_4/ for preparation instructions.
  @hydra.main(config_path='cfgs', config_name='svea_config')
/Users/a2mogus/build-projs/ccm-intro/projects/many-gens-rl-vigen/RL-ViGen-upstream/train.py:297: Hydra14MigrationWarning: 
The version_base parameter is not specified.
Hydra will assume defaults for version 1.1.
Hydra 1.4 will remove this compatibility behavior.
Before upgrading to Hydra 1.4, set version_base="1.3" and test your application.
See https://hydra.cc/docs/upgrades/1.3_to_1.4/prepare_for_1_4/ for preparation instructions.
  @hydra.main(config_path='cfgs', config_name='svea_config')
/Users/a2mogus/build-projs/ccm-intro/projects/many-gens-rl-vigen/RL-ViGen-upstream/train.py:297: Hydra14MigrationWarning: 
The version_base parameter is not specified.
Hydra will assume defaults for version 1.1.
Hydra 1.4 will remove this compatibility behavior.
Before upgrading to Hydra 1.4, set version_base="1.3" and test your application.
See https://hydra.cc/docs/upgrades/1.3_to_1.4/prepare_for_1_4/ for preparation instructions.
  @hydra.main(config_path='cfgs', config_name='svea_config')
/Users/a2mogus/build-projs/ccm-intro/projects/many-gens-rl-vigen/RL-ViGen-upstream/train.py:297: Hydra14MigrationWarning: 
The version_base parameter is not specified.
Hydra will assume defaults for version 1.1.
Hydra 1.4 will remove this compatibility behavior.
Before upgrading to Hydra 1.4, set version_base="1.3" and test your application.
See https://hydra.cc/docs/upgrades/1.3_to_1.4/prepare_for_1_4/ for preparation instructions.
  @hydra.main(config_path='cfgs', config_name='svea_config')
/Users/a2mogus/build-projs/ccm-intro/projects/many-gens-rl-vigen/RL-ViGen-upstream/train.py:297: Hydra14MigrationWarning: 
The version_base parameter is not specified.
Hydra will assume defaults for version 1.1.
Hydra 1.4 will remove this compatibility behavior.
Before upgrading to Hydra 1.4, set version_base="1.3" and test your application.
See https://hydra.cc/docs/upgrades/1.3_to_1.4/prepare_for_1_4/ for preparation instructions.
  @hydra.main(config_path='cfgs', config_name='svea_config')
/Users/a2mogus/build-projs/ccm-intro/projects/many-gens-rl-vigen/RL-ViGen-upstream/train.py:297: Hydra14MigrationWarning: 
The version_base parameter is not specified.
Hydra will assume defaults for version 1.1.
Hydra 1.4 will remove this compatibility behavior.
Before upgrading to Hydra 1.4, set version_base="1.3" and test your application.
See https://hydra.cc/docs/upgrades/1.3_to_1.4/prepare_for_1_4/ for preparation instructions.
  @hydra.main(config_path='cfgs', config_name='svea_config')
| [33mtrain[0m | F: 15000 | S: 15000 | E: 30 | L: 500 | R: 15.7579 | BS: 15000 | FPS: 1.6135 | T: 1:55:17
/Users/a2mogus/build-projs/ccm-intro/projects/many-gens-rl-vigen/RL-ViGen-upstream/train.py:297: Hydra14MigrationWarning: 
The version_base parameter is not specified.
Hydra will assume defaults for version 1.1.
Hydra 1.4 will remove this compatibility behavior.
Before upgrading to Hydra 1.4, set version_base="1.3" and test your application.
See https://hydra.cc/docs/upgrades/1.3_to_1.4/prepare_for_1_4/ for preparation instructions.
  @hydra.main(config_path='cfgs', config_name='svea_config')
/Users/a2mogus/build-projs/ccm-intro/projects/many-gens-rl-vigen/RL-ViGen-upstream/train.py:297: Hydra14MigrationWarning: 
The version_base parameter is not specified.
Hydra will assume defaults for version 1.1.
Hydra 1.4 will remove this compatibility behavior.
Before upgrading to Hydra 1.4, set version_base="1.3" and test your application.
See https://hydra.cc/docs/upgrades/1.3_to_1.4/prepare_for_1_4/ for preparation instructions.
  @hydra.main(config_path='cfgs', config_name='svea_config')
/Users/a2mogus/build-projs/ccm-intro/projects/many-gens-rl-vigen/RL-ViGen-upstream/train.py:297: Hydra14MigrationWarning: 
The version_base parameter is not specified.
Hydra will assume defaults for version 1.1.
Hydra 1.4 will remove this compatibility behavior.
Before upgrading to Hydra 1.4, set version_base="1.3" and test your application.
See https://hydra.cc/docs/upgrades/1.3_to_1.4/prepare_for_1_4/ for preparation instructions.
  @hydra.main(config_path='cfgs', config_name='svea_config')
/Users/a2mogus/build-projs/ccm-intro/projects/many-gens-rl-vigen/RL-ViGen-upstream/train.py:297: Hydra14MigrationWarning: 
The version_base parameter is not specified.
Hydra will assume defaults for version 1.1.
Hydra 1.4 will remove this compatibility behavior.
Before upgrading to Hydra 1.4, set version_base="1.3" and test your application.
See https://hydra.cc/docs/upgrades/1.3_to_1.4/prepare_for_1_4/ for preparation instructions.
  @hydra.main(config_path='cfgs', config_name='svea_config')
/Users/a2mogus/build-projs/ccm-intro/projects/many-gens-rl-vigen/RL-ViGen-upstream/train.py:297: Hydra14MigrationWarning: 
The version_base parameter is not specified.
Hydra will assume defaults for version 1.1.
Hydra 1.4 will remove this compatibility behavior.
Before upgrading to Hydra 1.4, set version_base="1.3" and test your application.
See https://hydra.cc/docs/upgrades/1.3_to_1.4/prepare_for_1_4/ for preparation instructions.
  @hydra.main(config_path='cfgs', config_name='svea_config')
/Users/a2mogus/build-projs/ccm-intro/projects/many-gens-rl-vigen/RL-ViGen-upstream/train.py:297: Hydra14MigrationWarning: 
The version_base parameter is not specified.
Hydra will assume defaults for version 1.1.
Hydra 1.4 will remove this compatibility behavior.
Before upgrading to Hydra 1.4, set version_base="1.3" and test your application.
See https://hydra.cc/docs/upgrades/1.3_to_1.4/prepare_for_1_4/ for preparation instructions.
  @hydra.main(config_path='cfgs', config_name='svea_config')
/Users/a2mogus/build-projs/ccm-intro/projects/many-gens-rl-vigen/RL-ViGen-upstream/train.py:297: Hydra14MigrationWarning: 
The version_base parameter is not specified.
Hydra will assume defaults for version 1.1.
Hydra 1.4 will remove this compatibility behavior.
Before upgrading to Hydra 1.4, set version_base="1.3" and test your application.
See https://hydra.cc/docs/upgrades/1.3_to_1.4/prepare_for_1_4/ for preparation instructions.
  @hydra.main(config_path='cfgs', config_name='svea_config')
/Users/a2mogus/build-projs/ccm-intro/projects/many-gens-rl-vigen/RL-ViGen-upstream/train.py:297: Hydra14MigrationWarning: 
The version_base parameter is not specified.
Hydra will assume defaults for version 1.1.
Hydra 1.4 will remove this compatibility behavior.
Before upgrading to Hydra 1.4, set version_base="1.3" and test your application.
See https://hydra.cc/docs/upgrades/1.3_to_1.4/prepare_for_1_4/ for preparation instructions.
  @hydra.main(config_path='cfgs', config_name='svea_config')
/Users/a2mogus/build-projs/ccm-intro/projects/many-gens-rl-vigen/RL-ViGen-upstream/train.py:297: Hydra14MigrationWarning: 
The version_base parameter is not specified.
Hydra will assume defaults for version 1.1.
Hydra 1.4 will remove this compatibility behavior.
Before upgrading to Hydra 1.4, set version_base="1.3" and test your application.
See https://hydra.cc/docs/upgrades/1.3_to_1.4/prepare_for_1_4/ for preparation instructions.
  @hydra.main(config_path='cfgs', config_name='svea_config')
/Users/a2mogus/build-projs/ccm-intro/projects/many-gens-rl-vigen/RL-ViGen-upstream/train.py:297: Hydra14MigrationWarning: 
The version_base parameter is not specified.
Hydra will assume defaults for version 1.1.
Hydra 1.4 will remove this compatibility behavior.
Before upgrading to Hydra 1.4, set version_base="1.3" and test your application.
See https://hydra.cc/docs/upgrades/1.3_to_1.4/prepare_for_1_4/ for preparation instructions.
  @hydra.main(config_path='cfgs', config_name='svea_config')
/Users/a2mogus/build-projs/ccm-intro/projects/many-gens-rl-vigen/RL-ViGen-upstream/train.py:297: Hydra14MigrationWarning: 
The version_base parameter is not specified.
Hydra will assume defaults for version 1.1.
Hydra 1.4 will remove this compatibility behavior.
Before upgrading to Hydra 1.4, set version_base="1.3" and test your application.
See https://hydra.cc/docs/upgrades/1.3_to_1.4/prepare_for_1_4/ for preparation instructions.
  @hydra.main(config_path='cfgs', config_name='svea_config')
/Users/a2mogus/build-projs/ccm-intro/projects/many-gens-rl-vigen/RL-ViGen-upstream/train.py:297: Hydra14MigrationWarning: 
The version_base parameter is not specified.
Hydra will assume defaults for version 1.1.
Hydra 1.4 will remove this compatibility behavior.
Before upgrading to Hydra 1.4, set version_base="1.3" and test your application.
See https://hydra.cc/docs/upgrades/1.3_to_1.4/prepare_for_1_4/ for preparation instructions.
  @hydra.main(config_path='cfgs', config_name='svea_config')
/Users/a2mogus/build-projs/ccm-intro/projects/many-gens-rl-vigen/RL-ViGen-upstream/train.py:297: Hydra14MigrationWarning: 
The version_base parameter is not specified.
Hydra will assume defaults for version 1.1.
Hydra 1.4 will remove this compatibility behavior.
Before upgrading to Hydra 1.4, set version_base="1.3" and test your application.
See https://hydra.cc/docs/upgrades/1.3_to_1.4/prepare_for_1_4/ for preparation instructions.
  @hydra.main(config_path='cfgs', config_name='svea_config')
/Users/a2mogus/build-projs/ccm-intro/projects/many-gens-rl-vigen/RL-ViGen-upstream/train.py:297: Hydra14MigrationWarning: 
The version_base parameter is not specified.
Hydra will assume defaults for version 1.1.
Hydra 1.4 will remove this compatibility behavior.
Before upgrading to Hydra 1.4, set version_base="1.3" and test your application.
See https://hydra.cc/docs/upgrades/1.3_to_1.4/prepare_for_1_4/ for preparation instructions.
  @hydra.main(config_path='cfgs', config_name='svea_config')
/Users/a2mogus/build-projs/ccm-intro/projects/many-gens-rl-vigen/RL-ViGen-upstream/train.py:297: Hydra14MigrationWarning: 
The version_base parameter is not specified.
Hydra will assume defaults for version 1.1.
Hydra 1.4 will remove this compatibility behavior.
Before upgrading to Hydra 1.4, set version_base="1.3" and test your application.
See https://hydra.cc/docs/upgrades/1.3_to_1.4/prepare_for_1_4/ for preparation instructions.
  @hydra.main(config_path='cfgs', config_name='svea_config')
/Users/a2mogus/build-projs/ccm-intro/projects/many-gens-rl-vigen/RL-ViGen-upstream/train.py:297: Hydra14MigrationWarning: 
The version_base parameter is not specified.
Hydra will assume defaults for version 1.1.
Hydra 1.4 will remove this compatibility behavior.
Before upgrading to Hydra 1.4, set version_base="1.3" and test your application.
See https://hydra.cc/docs/upgrades/1.3_to_1.4/prepare_for_1_4/ for preparation instructions.
  @hydra.main(config_path='cfgs', config_name='svea_config')
| [33mtrain[0m | F: 15500 | S: 15500 | E: 31 | L: 500 | R: 9.7073 | BS: 15500 | FPS: 1.5953 | T: 2:00:30
/Users/a2mogus/build-projs/ccm-intro/projects/many-gens-rl-vigen/RL-ViGen-upstream/train.py:297: Hydra14MigrationWarning: 
The version_base parameter is not specified.
Hydra will assume defaults for version 1.1.
Hydra 1.4 will remove this compatibility behavior.
Before upgrading to Hydra 1.4, set version_base="1.3" and test your application.
See https://hydra.cc/docs/upgrades/1.3_to_1.4/prepare_for_1_4/ for preparation instructions.
  @hydra.main(config_path='cfgs', config_name='svea_config')
/Users/a2mogus/build-projs/ccm-intro/projects/many-gens-rl-vigen/RL-ViGen-upstream/train.py:297: Hydra14MigrationWarning: 
The version_base parameter is not specified.
Hydra will assume defaults for version 1.1.
Hydra 1.4 will remove this compatibility behavior.
Before upgrading to Hydra 1.4, set version_base="1.3" and test your application.
See https://hydra.cc/docs/upgrades/1.3_to_1.4/prepare_for_1_4/ for preparation instructions.
  @hydra.main(config_path='cfgs', config_name='svea_config')
/Users/a2mogus/build-projs/ccm-intro/projects/many-gens-rl-vigen/RL-ViGen-upstream/train.py:297: Hydra14MigrationWarning: 
The version_base parameter is not specified.
Hydra will assume defaults for version 1.1.
Hydra 1.4 will remove this compatibility behavior.
Before upgrading to Hydra 1.4, set version_base="1.3" and test your application.
See https://hydra.cc/docs/upgrades/1.3_to_1.4/prepare_for_1_4/ for preparation instructions.
  @hydra.main(config_path='cfgs', config_name='svea_config')
/Users/a2mogus/build-projs/ccm-intro/projects/many-gens-rl-vigen/RL-ViGen-upstream/train.py:297: Hydra14MigrationWarning: 
The version_base parameter is not specified.
Hydra will assume defaults for version 1.1.
Hydra 1.4 will remove this compatibility behavior.
Before upgrading to Hydra 1.4, set version_base="1.3" and test your application.
See https://hydra.cc/docs/upgrades/1.3_to_1.4/prepare_for_1_4/ for preparation instructions.
  @hydra.main(config_path='cfgs', config_name='svea_config')
/Users/a2mogus/build-projs/ccm-intro/projects/many-gens-rl-vigen/RL-ViGen-upstream/train.py:297: Hydra14MigrationWarning: 
The version_base parameter is not specified.
Hydra will assume defaults for version 1.1.
Hydra 1.4 will remove this compatibility behavior.
Before upgrading to Hydra 1.4, set version_base="1.3" and test your application.
See https://hydra.cc/docs/upgrades/1.3_to_1.4/prepare_for_1_4/ for preparation instructions.
  @hydra.main(config_path='cfgs', config_name='svea_config')
/Users/a2mogus/build-projs/ccm-intro/projects/many-gens-rl-vigen/RL-ViGen-upstream/train.py:297: Hydra14MigrationWarning: 
The version_base parameter is not specified.
Hydra will assume defaults for version 1.1.
Hydra 1.4 will remove this compatibility behavior.
Before upgrading to Hydra 1.4, set version_base="1.3" and test your application.
See https://hydra.cc/docs/upgrades/1.3_to_1.4/prepare_for_1_4/ for preparation instructions.
  @hydra.main(config_path='cfgs', config_name='svea_config')
/Users/a2mogus/build-projs/ccm-intro/projects/many-gens-rl-vigen/RL-ViGen-upstream/train.py:297: Hydra14MigrationWarning: 
The version_base parameter is not specified.
Hydra will assume defaults for version 1.1.
Hydra 1.4 will remove this compatibility behavior.
Before upgrading to Hydra 1.4, set version_base="1.3" and test your application.
See https://hydra.cc/docs/upgrades/1.3_to_1.4/prepare_for_1_4/ for preparation instructions.
  @hydra.main(config_path='cfgs', config_name='svea_config')
/Users/a2mogus/build-projs/ccm-intro/projects/many-gens-rl-vigen/RL-ViGen-upstream/train.py:297: Hydra14MigrationWarning: 
The version_base parameter is not specified.
Hydra will assume defaults for version 1.1.
Hydra 1.4 will remove this compatibility behavior.
Before upgrading to Hydra 1.4, set version_base="1.3" and test your application.
See https://hydra.cc/docs/upgrades/1.3_to_1.4/prepare_for_1_4/ for preparation instructions.
  @hydra.main(config_path='cfgs', config_name='svea_config')
/Users/a2mogus/build-projs/ccm-intro/projects/many-gens-rl-vigen/RL-ViGen-upstream/train.py:297: Hydra14MigrationWarning: 
The version_base parameter is not specified.
Hydra will assume defaults for version 1.1.
Hydra 1.4 will remove this compatibility behavior.
Before upgrading to Hydra 1.4, set version_base="1.3" and test your application.
See https://hydra.cc/docs/upgrades/1.3_to_1.4/prepare_for_1_4/ for preparation instructions.
  @hydra.main(config_path='cfgs', config_name='svea_config')
/Users/a2mogus/build-projs/ccm-intro/projects/many-gens-rl-vigen/RL-ViGen-upstream/train.py:297: Hydra14MigrationWarning: 
The version_base parameter is not specified.
Hydra will assume defaults for version 1.1.
Hydra 1.4 will remove this compatibility behavior.
Before upgrading to Hydra 1.4, set version_base="1.3" and test your application.
See https://hydra.cc/docs/upgrades/1.3_to_1.4/prepare_for_1_4/ for preparation instructions.
  @hydra.main(config_path='cfgs', config_name='svea_config')
/Users/a2mogus/build-projs/ccm-intro/projects/many-gens-rl-vigen/RL-ViGen-upstream/train.py:297: Hydra14MigrationWarning: 
The version_base parameter is not specified.
Hydra will assume defaults for version 1.1.
Hydra 1.4 will remove this compatibility behavior.
Before upgrading to Hydra 1.4, set version_base="1.3" and test your application.
See https://hydra.cc/docs/upgrades/1.3_to_1.4/prepare_for_1_4/ for preparation instructions.
  @hydra.main(config_path='cfgs', config_name='svea_config')
/Users/a2mogus/build-projs/ccm-intro/projects/many-gens-rl-vigen/RL-ViGen-upstream/train.py:297: Hydra14MigrationWarning: 
The version_base parameter is not specified.
Hydra will assume defaults for version 1.1.
Hydra 1.4 will remove this compatibility behavior.
Before upgrading to Hydra 1.4, set version_base="1.3" and test your application.
See https://hydra.cc/docs/upgrades/1.3_to_1.4/prepare_for_1_4/ for preparation instructions.
  @hydra.main(config_path='cfgs', config_name='svea_config')
/Users/a2mogus/build-projs/ccm-intro/projects/many-gens-rl-vigen/RL-ViGen-upstream/train.py:297: Hydra14MigrationWarning: 
The version_base parameter is not specified.
Hydra will assume defaults for version 1.1.
Hydra 1.4 will remove this compatibility behavior.
Before upgrading to Hydra 1.4, set version_base="1.3" and test your application.
See https://hydra.cc/docs/upgrades/1.3_to_1.4/prepare_for_1_4/ for preparation instructions.
  @hydra.main(config_path='cfgs', config_name='svea_config')
/Users/a2mogus/build-projs/ccm-intro/projects/many-gens-rl-vigen/RL-ViGen-upstream/train.py:297: Hydra14MigrationWarning: 
The version_base parameter is not specified.
Hydra will assume defaults for version 1.1.
Hydra 1.4 will remove this compatibility behavior.
Before upgrading to Hydra 1.4, set version_base="1.3" and test your application.
See https://hydra.cc/docs/upgrades/1.3_to_1.4/prepare_for_1_4/ for preparation instructions.
  @hydra.main(config_path='cfgs', config_name='svea_config')
/Users/a2mogus/build-projs/ccm-intro/projects/many-gens-rl-vigen/RL-ViGen-upstream/train.py:297: Hydra14MigrationWarning: 
The version_base parameter is not specified.
Hydra will assume defaults for version 1.1.
Hydra 1.4 will remove this compatibility behavior.
Before upgrading to Hydra 1.4, set version_base="1.3" and test your application.
See https://hydra.cc/docs/upgrades/1.3_to_1.4/prepare_for_1_4/ for preparation instructions.
  @hydra.main(config_path='cfgs', config_name='svea_config')
/Users/a2mogus/build-projs/ccm-intro/projects/many-gens-rl-vigen/RL-ViGen-upstream/train.py:297: Hydra14MigrationWarning: 
The version_base parameter is not specified.
Hydra will assume defaults for version 1.1.
Hydra 1.4 will remove this compatibility behavior.
Before upgrading to Hydra 1.4, set version_base="1.3" and test your application.
See https://hydra.cc/docs/upgrades/1.3_to_1.4/prepare_for_1_4/ for preparation instructions.
  @hydra.main(config_path='cfgs', config_name='svea_config')
| [33mtrain[0m | F: 16000 | S: 16000 | E: 32 | L: 500 | R: 27.3259 | BS: 16000 | FPS: 1.5391 | T: 2:05:55
/Users/a2mogus/build-projs/ccm-intro/projects/many-gens-rl-vigen/RL-ViGen-upstream/train.py:297: Hydra14MigrationWarning: 
The version_base parameter is not specified.
Hydra will assume defaults for version 1.1.
Hydra 1.4 will remove this compatibility behavior.
Before upgrading to Hydra 1.4, set version_base="1.3" and test your application.
See https://hydra.cc/docs/upgrades/1.3_to_1.4/prepare_for_1_4/ for preparation instructions.
  @hydra.main(config_path='cfgs', config_name='svea_config')
/Users/a2mogus/build-projs/ccm-intro/projects/many-gens-rl-vigen/RL-ViGen-upstream/train.py:297: Hydra14MigrationWarning: 
The version_base parameter is not specified.
Hydra will assume defaults for version 1.1.
Hydra 1.4 will remove this compatibility behavior.
Before upgrading to Hydra 1.4, set version_base="1.3" and test your application.
See https://hydra.cc/docs/upgrades/1.3_to_1.4/prepare_for_1_4/ for preparation instructions.
  @hydra.main(config_path='cfgs', config_name='svea_config')
/Users/a2mogus/build-projs/ccm-intro/projects/many-gens-rl-vigen/RL-ViGen-upstream/train.py:297: Hydra14MigrationWarning: 
The version_base parameter is not specified.
Hydra will assume defaults for version 1.1.
Hydra 1.4 will remove this compatibility behavior.
Before upgrading to Hydra 1.4, set version_base="1.3" and test your application.
See https://hydra.cc/docs/upgrades/1.3_to_1.4/prepare_for_1_4/ for preparation instructions.
  @hydra.main(config_path='cfgs', config_name='svea_config')
/Users/a2mogus/build-projs/ccm-intro/projects/many-gens-rl-vigen/RL-ViGen-upstream/train.py:297: Hydra14MigrationWarning: 
The version_base parameter is not specified.
Hydra will assume defaults for version 1.1.
Hydra 1.4 will remove this compatibility behavior.
Before upgrading to Hydra 1.4, set version_base="1.3" and test your application.
See https://hydra.cc/docs/upgrades/1.3_to_1.4/prepare_for_1_4/ for preparation instructions.
  @hydra.main(config_path='cfgs', config_name='svea_config')
/Users/a2mogus/build-projs/ccm-intro/projects/many-gens-rl-vigen/RL-ViGen-upstream/train.py:297: Hydra14MigrationWarning: 
The version_base parameter is not specified.
Hydra will assume defaults for version 1.1.
Hydra 1.4 will remove this compatibility behavior.
Before upgrading to Hydra 1.4, set version_base="1.3" and test your application.
See https://hydra.cc/docs/upgrades/1.3_to_1.4/prepare_for_1_4/ for preparation instructions.
  @hydra.main(config_path='cfgs', config_name='svea_config')
/Users/a2mogus/build-projs/ccm-intro/projects/many-gens-rl-vigen/RL-ViGen-upstream/train.py:297: Hydra14MigrationWarning: 
The version_base parameter is not specified.
Hydra will assume defaults for version 1.1.
Hydra 1.4 will remove this compatibility behavior.
Before upgrading to Hydra 1.4, set version_base="1.3" and test your application.
See https://hydra.cc/docs/upgrades/1.3_to_1.4/prepare_for_1_4/ for preparation instructions.
  @hydra.main(config_path='cfgs', config_name='svea_config')
/Users/a2mogus/build-projs/ccm-intro/projects/many-gens-rl-vigen/RL-ViGen-upstream/train.py:297: Hydra14MigrationWarning: 
The version_base parameter is not specified.
Hydra will assume defaults for version 1.1.
Hydra 1.4 will remove this compatibility behavior.
Before upgrading to Hydra 1.4, set version_base="1.3" and test your application.
See https://hydra.cc/docs/upgrades/1.3_to_1.4/prepare_for_1_4/ for preparation instructions.
  @hydra.main(config_path='cfgs', config_name='svea_config')
/Users/a2mogus/build-projs/ccm-intro/projects/many-gens-rl-vigen/RL-ViGen-upstream/train.py:297: Hydra14MigrationWarning: 
The version_base parameter is not specified.
Hydra will assume defaults for version 1.1.
Hydra 1.4 will remove this compatibility behavior.
Before upgrading to Hydra 1.4, set version_base="1.3" and test your application.
See https://hydra.cc/docs/upgrades/1.3_to_1.4/prepare_for_1_4/ for preparation instructions.
  @hydra.main(config_path='cfgs', config_name='svea_config')
/Users/a2mogus/build-projs/ccm-intro/projects/many-gens-rl-vigen/RL-ViGen-upstream/train.py:297: Hydra14MigrationWarning: 
The version_base parameter is not specified.
Hydra will assume defaults for version 1.1.
Hydra 1.4 will remove this compatibility behavior.
Before upgrading to Hydra 1.4, set version_base="1.3" and test your application.
See https://hydra.cc/docs/upgrades/1.3_to_1.4/prepare_for_1_4/ for preparation instructions.
  @hydra.main(config_path='cfgs', config_name='svea_config')
/Users/a2mogus/build-projs/ccm-intro/projects/many-gens-rl-vigen/RL-ViGen-upstream/train.py:297: Hydra14MigrationWarning: 
The version_base parameter is not specified.
Hydra will assume defaults for version 1.1.
Hydra 1.4 will remove this compatibility behavior.
Before upgrading to Hydra 1.4, set version_base="1.3" and test your application.
See https://hydra.cc/docs/upgrades/1.3_to_1.4/prepare_for_1_4/ for preparation instructions.
  @hydra.main(config_path='cfgs', config_name='svea_config')
/Users/a2mogus/build-projs/ccm-intro/projects/many-gens-rl-vigen/RL-ViGen-upstream/train.py:297: Hydra14MigrationWarning: 
The version_base parameter is not specified.
Hydra will assume defaults for version 1.1.
Hydra 1.4 will remove this compatibility behavior.
Before upgrading to Hydra 1.4, set version_base="1.3" and test your application.
See https://hydra.cc/docs/upgrades/1.3_to_1.4/prepare_for_1_4/ for preparation instructions.
  @hydra.main(config_path='cfgs', config_name='svea_config')
/Users/a2mogus/build-projs/ccm-intro/projects/many-gens-rl-vigen/RL-ViGen-upstream/train.py:297: Hydra14MigrationWarning: 
The version_base parameter is not specified.
Hydra will assume defaults for version 1.1.
Hydra 1.4 will remove this compatibility behavior.
Before upgrading to Hydra 1.4, set version_base="1.3" and test your application.
See https://hydra.cc/docs/upgrades/1.3_to_1.4/prepare_for_1_4/ for preparation instructions.
  @hydra.main(config_path='cfgs', config_name='svea_config')
/Users/a2mogus/build-projs/ccm-intro/projects/many-gens-rl-vigen/RL-ViGen-upstream/train.py:297: Hydra14MigrationWarning: 
The version_base parameter is not specified.
Hydra will assume defaults for version 1.1.
Hydra 1.4 will remove this compatibility behavior.
Before upgrading to Hydra 1.4, set version_base="1.3" and test your application.
See https://hydra.cc/docs/upgrades/1.3_to_1.4/prepare_for_1_4/ for preparation instructions.
  @hydra.main(config_path='cfgs', config_name='svea_config')
/Users/a2mogus/build-projs/ccm-intro/projects/many-gens-rl-vigen/RL-ViGen-upstream/train.py:297: Hydra14MigrationWarning: 
The version_base parameter is not specified.
Hydra will assume defaults for version 1.1.
Hydra 1.4 will remove this compatibility behavior.
Before upgrading to Hydra 1.4, set version_base="1.3" and test your application.
See https://hydra.cc/docs/upgrades/1.3_to_1.4/prepare_for_1_4/ for preparation instructions.
  @hydra.main(config_path='cfgs', config_name='svea_config')
/Users/a2mogus/build-projs/ccm-intro/projects/many-gens-rl-vigen/RL-ViGen-upstream/train.py:297: Hydra14MigrationWarning: 
The version_base parameter is not specified.
Hydra will assume defaults for version 1.1.
Hydra 1.4 will remove this compatibility behavior.
Before upgrading to Hydra 1.4, set version_base="1.3" and test your application.
See https://hydra.cc/docs/upgrades/1.3_to_1.4/prepare_for_1_4/ for preparation instructions.
  @hydra.main(config_path='cfgs', config_name='svea_config')
/Users/a2mogus/build-projs/ccm-intro/projects/many-gens-rl-vigen/RL-ViGen-upstream/train.py:297: Hydra14MigrationWarning: 
The version_base parameter is not specified.
Hydra will assume defaults for version 1.1.
Hydra 1.4 will remove this compatibility behavior.
Before upgrading to Hydra 1.4, set version_base="1.3" and test your application.
See https://hydra.cc/docs/upgrades/1.3_to_1.4/prepare_for_1_4/ for preparation instructions.
  @hydra.main(config_path='cfgs', config_name='svea_config')
| [33mtrain[0m | F: 16500 | S: 16500 | E: 33 | L: 500 | R: 71.2641 | BS: 16500 | FPS: 1.5204 | T: 2:11:24
/Users/a2mogus/build-projs/ccm-intro/projects/many-gens-rl-vigen/RL-ViGen-upstream/train.py:297: Hydra14MigrationWarning: 
The version_base parameter is not specified.
Hydra will assume defaults for version 1.1.
Hydra 1.4 will remove this compatibility behavior.
Before upgrading to Hydra 1.4, set version_base="1.3" and test your application.
See https://hydra.cc/docs/upgrades/1.3_to_1.4/prepare_for_1_4/ for preparation instructions.
  @hydra.main(config_path='cfgs', config_name='svea_config')
/Users/a2mogus/build-projs/ccm-intro/projects/many-gens-rl-vigen/RL-ViGen-upstream/train.py:297: Hydra14MigrationWarning: 
The version_base parameter is not specified.
Hydra will assume defaults for version 1.1.
Hydra 1.4 will remove this compatibility behavior.
Before upgrading to Hydra 1.4, set version_base="1.3" and test your application.
See https://hydra.cc/docs/upgrades/1.3_to_1.4/prepare_for_1_4/ for preparation instructions.
  @hydra.main(config_path='cfgs', config_name='svea_config')
/Users/a2mogus/build-projs/ccm-intro/projects/many-gens-rl-vigen/RL-ViGen-upstream/train.py:297: Hydra14MigrationWarning: 
The version_base parameter is not specified.
Hydra will assume defaults for version 1.1.
Hydra 1.4 will remove this compatibility behavior.
Before upgrading to Hydra 1.4, set version_base="1.3" and test your application.
See https://hydra.cc/docs/upgrades/1.3_to_1.4/prepare_for_1_4/ for preparation instructions.
  @hydra.main(config_path='cfgs', config_name='svea_config')
/Users/a2mogus/build-projs/ccm-intro/projects/many-gens-rl-vigen/RL-ViGen-upstream/train.py:297: Hydra14MigrationWarning: 
The version_base parameter is not specified.
Hydra will assume defaults for version 1.1.
Hydra 1.4 will remove this compatibility behavior.
Before upgrading to Hydra 1.4, set version_base="1.3" and test your application.
See https://hydra.cc/docs/upgrades/1.3_to_1.4/prepare_for_1_4/ for preparation instructions.
  @hydra.main(config_path='cfgs', config_name='svea_config')
/Users/a2mogus/build-projs/ccm-intro/projects/many-gens-rl-vigen/RL-ViGen-upstream/train.py:297: Hydra14MigrationWarning: 
The version_base parameter is not specified.
Hydra will assume defaults for version 1.1.
Hydra 1.4 will remove this compatibility behavior.
Before upgrading to Hydra 1.4, set version_base="1.3" and test your application.
See https://hydra.cc/docs/upgrades/1.3_to_1.4/prepare_for_1_4/ for preparation instructions.
  @hydra.main(config_path='cfgs', config_name='svea_config')
/Users/a2mogus/build-projs/ccm-intro/projects/many-gens-rl-vigen/RL-ViGen-upstream/train.py:297: Hydra14MigrationWarning: 
The version_base parameter is not specified.
Hydra will assume defaults for version 1.1.
Hydra 1.4 will remove this compatibility behavior.
Before upgrading to Hydra 1.4, set version_base="1.3" and test your application.
See https://hydra.cc/docs/upgrades/1.3_to_1.4/prepare_for_1_4/ for preparation instructions.
  @hydra.main(config_path='cfgs', config_name='svea_config')
/Users/a2mogus/build-projs/ccm-intro/projects/many-gens-rl-vigen/RL-ViGen-upstream/train.py:297: Hydra14MigrationWarning: 
The version_base parameter is not specified.
Hydra will assume defaults for version 1.1.
Hydra 1.4 will remove this compatibility behavior.
Before upgrading to Hydra 1.4, set version_base="1.3" and test your application.
See https://hydra.cc/docs/upgrades/1.3_to_1.4/prepare_for_1_4/ for preparation instructions.
  @hydra.main(config_path='cfgs', config_name='svea_config')
/Users/a2mogus/build-projs/ccm-intro/projects/many-gens-rl-vigen/RL-ViGen-upstream/train.py:297: Hydra14MigrationWarning: 
The version_base parameter is not specified.
Hydra will assume defaults for version 1.1.
Hydra 1.4 will remove this compatibility behavior.
Before upgrading to Hydra 1.4, set version_base="1.3" and test your application.
See https://hydra.cc/docs/upgrades/1.3_to_1.4/prepare_for_1_4/ for preparation instructions.
  @hydra.main(config_path='cfgs', config_name='svea_config')
| [33mtrain[0m | F: 17000 | S: 17000 | E: 34 | L: 500 | R: 46.4267 | BS: 17000 | FPS: 1.7963 | T: 2:16:02
/Users/a2mogus/build-projs/ccm-intro/projects/many-gens-rl-vigen/RL-ViGen-upstream/train.py:297: Hydra14MigrationWarning: 
The version_base parameter is not specified.
Hydra will assume defaults for version 1.1.
Hydra 1.4 will remove this compatibility behavior.
Before upgrading to Hydra 1.4, set version_base="1.3" and test your application.
See https://hydra.cc/docs/upgrades/1.3_to_1.4/prepare_for_1_4/ for preparation instructions.
  @hydra.main(config_path='cfgs', config_name='svea_config')
/Users/a2mogus/build-projs/ccm-intro/projects/many-gens-rl-vigen/RL-ViGen-upstream/train.py:297: Hydra14MigrationWarning: 
The version_base parameter is not specified.
Hydra will assume defaults for version 1.1.
Hydra 1.4 will remove this compatibility behavior.
Before upgrading to Hydra 1.4, set version_base="1.3" and test your application.
See https://hydra.cc/docs/upgrades/1.3_to_1.4/prepare_for_1_4/ for preparation instructions.
  @hydra.main(config_path='cfgs', config_name='svea_config')
/Users/a2mogus/build-projs/ccm-intro/projects/many-gens-rl-vigen/RL-ViGen-upstream/train.py:297: Hydra14MigrationWarning: 
The version_base parameter is not specified.
Hydra will assume defaults for version 1.1.
Hydra 1.4 will remove this compatibility behavior.
Before upgrading to Hydra 1.4, set version_base="1.3" and test your application.
See https://hydra.cc/docs/upgrades/1.3_to_1.4/prepare_for_1_4/ for preparation instructions.
  @hydra.main(config_path='cfgs', config_name='svea_config')
/Users/a2mogus/build-projs/ccm-intro/projects/many-gens-rl-vigen/RL-ViGen-upstream/train.py:297: Hydra14MigrationWarning: 
The version_base parameter is not specified.
Hydra will assume defaults for version 1.1.
Hydra 1.4 will remove this compatibility behavior.
Before upgrading to Hydra 1.4, set version_base="1.3" and test your application.
See https://hydra.cc/docs/upgrades/1.3_to_1.4/prepare_for_1_4/ for preparation instructions.
  @hydra.main(config_path='cfgs', config_name='svea_config')
/Users/a2mogus/build-projs/ccm-intro/projects/many-gens-rl-vigen/RL-ViGen-upstream/train.py:297: Hydra14MigrationWarning: 
The version_base parameter is not specified.
Hydra will assume defaults for version 1.1.
Hydra 1.4 will remove this compatibility behavior.
Before upgrading to Hydra 1.4, set version_base="1.3" and test your application.
See https://hydra.cc/docs/upgrades/1.3_to_1.4/prepare_for_1_4/ for preparation instructions.
  @hydra.main(config_path='cfgs', config_name='svea_config')
/Users/a2mogus/build-projs/ccm-intro/projects/many-gens-rl-vigen/RL-ViGen-upstream/train.py:297: Hydra14MigrationWarning: 
The version_base parameter is not specified.
Hydra will assume defaults for version 1.1.
Hydra 1.4 will remove this compatibility behavior.
Before upgrading to Hydra 1.4, set version_base="1.3" and test your application.
See https://hydra.cc/docs/upgrades/1.3_to_1.4/prepare_for_1_4/ for preparation instructions.
  @hydra.main(config_path='cfgs', config_name='svea_config')
/Users/a2mogus/build-projs/ccm-intro/projects/many-gens-rl-vigen/RL-ViGen-upstream/train.py:297: Hydra14MigrationWarning: 
The version_base parameter is not specified.
Hydra will assume defaults for version 1.1.
Hydra 1.4 will remove this compatibility behavior.
Before upgrading to Hydra 1.4, set version_base="1.3" and test your application.
See https://hydra.cc/docs/upgrades/1.3_to_1.4/prepare_for_1_4/ for preparation instructions.
  @hydra.main(config_path='cfgs', config_name='svea_config')
/Users/a2mogus/build-projs/ccm-intro/projects/many-gens-rl-vigen/RL-ViGen-upstream/train.py:297: Hydra14MigrationWarning: 
The version_base parameter is not specified.
Hydra will assume defaults for version 1.1.
Hydra 1.4 will remove this compatibility behavior.
Before upgrading to Hydra 1.4, set version_base="1.3" and test your application.
See https://hydra.cc/docs/upgrades/1.3_to_1.4/prepare_for_1_4/ for preparation instructions.
  @hydra.main(config_path='cfgs', config_name='svea_config')
/Users/a2mogus/build-projs/ccm-intro/projects/many-gens-rl-vigen/RL-ViGen-upstream/train.py:297: Hydra14MigrationWarning: 
The version_base parameter is not specified.
Hydra will assume defaults for version 1.1.
Hydra 1.4 will remove this compatibility behavior.
Before upgrading to Hydra 1.4, set version_base="1.3" and test your application.
See https://hydra.cc/docs/upgrades/1.3_to_1.4/prepare_for_1_4/ for preparation instructions.
  @hydra.main(config_path='cfgs', config_name='svea_config')
/Users/a2mogus/build-projs/ccm-intro/projects/many-gens-rl-vigen/RL-ViGen-upstream/train.py:297: Hydra14MigrationWarning: 
The version_base parameter is not specified.
Hydra will assume defaults for version 1.1.
Hydra 1.4 will remove this compatibility behavior.
Before upgrading to Hydra 1.4, set version_base="1.3" and test your application.
See https://hydra.cc/docs/upgrades/1.3_to_1.4/prepare_for_1_4/ for preparation instructions.
  @hydra.main(config_path='cfgs', config_name='svea_config')
/Users/a2mogus/build-projs/ccm-intro/projects/many-gens-rl-vigen/RL-ViGen-upstream/train.py:297: Hydra14MigrationWarning: 
The version_base parameter is not specified.
Hydra will assume defaults for version 1.1.
Hydra 1.4 will remove this compatibility behavior.
Before upgrading to Hydra 1.4, set version_base="1.3" and test your application.
See https://hydra.cc/docs/upgrades/1.3_to_1.4/prepare_for_1_4/ for preparation instructions.
  @hydra.main(config_path='cfgs', config_name='svea_config')
/Users/a2mogus/build-projs/ccm-intro/projects/many-gens-rl-vigen/RL-ViGen-upstream/train.py:297: Hydra14MigrationWarning: 
The version_base parameter is not specified.
Hydra will assume defaults for version 1.1.
Hydra 1.4 will remove this compatibility behavior.
Before upgrading to Hydra 1.4, set version_base="1.3" and test your application.
See https://hydra.cc/docs/upgrades/1.3_to_1.4/prepare_for_1_4/ for preparation instructions.
  @hydra.main(config_path='cfgs', config_name='svea_config')
/Users/a2mogus/build-projs/ccm-intro/projects/many-gens-rl-vigen/RL-ViGen-upstream/train.py:297: Hydra14MigrationWarning: 
The version_base parameter is not specified.
Hydra will assume defaults for version 1.1.
Hydra 1.4 will remove this compatibility behavior.
Before upgrading to Hydra 1.4, set version_base="1.3" and test your application.
See https://hydra.cc/docs/upgrades/1.3_to_1.4/prepare_for_1_4/ for preparation instructions.
  @hydra.main(config_path='cfgs', config_name='svea_config')
/Users/a2mogus/build-projs/ccm-intro/projects/many-gens-rl-vigen/RL-ViGen-upstream/train.py:297: Hydra14MigrationWarning: 
The version_base parameter is not specified.
Hydra will assume defaults for version 1.1.
Hydra 1.4 will remove this compatibility behavior.
Before upgrading to Hydra 1.4, set version_base="1.3" and test your application.
See https://hydra.cc/docs/upgrades/1.3_to_1.4/prepare_for_1_4/ for preparation instructions.
  @hydra.main(config_path='cfgs', config_name='svea_config')
/Users/a2mogus/build-projs/ccm-intro/projects/many-gens-rl-vigen/RL-ViGen-upstream/train.py:297: Hydra14MigrationWarning: 
The version_base parameter is not specified.
Hydra will assume defaults for version 1.1.
Hydra 1.4 will remove this compatibility behavior.
Before upgrading to Hydra 1.4, set version_base="1.3" and test your application.
See https://hydra.cc/docs/upgrades/1.3_to_1.4/prepare_for_1_4/ for preparation instructions.
  @hydra.main(config_path='cfgs', config_name='svea_config')
/Users/a2mogus/build-projs/ccm-intro/projects/many-gens-rl-vigen/RL-ViGen-upstream/train.py:297: Hydra14MigrationWarning: 
The version_base parameter is not specified.
Hydra will assume defaults for version 1.1.
Hydra 1.4 will remove this compatibility behavior.
Before upgrading to Hydra 1.4, set version_base="1.3" and test your application.
See https://hydra.cc/docs/upgrades/1.3_to_1.4/prepare_for_1_4/ for preparation instructions.
  @hydra.main(config_path='cfgs', config_name='svea_config')
| [33mtrain[0m | F: 17500 | S: 17500 | E: 35 | L: 500 | R: 12.8347 | BS: 17500 | FPS: 1.4636 | T: 2:21:44
/Users/a2mogus/build-projs/ccm-intro/projects/many-gens-rl-vigen/RL-ViGen-upstream/train.py:297: Hydra14MigrationWarning: 
The version_base parameter is not specified.
Hydra will assume defaults for version 1.1.
Hydra 1.4 will remove this compatibility behavior.
Before upgrading to Hydra 1.4, set version_base="1.3" and test your application.
See https://hydra.cc/docs/upgrades/1.3_to_1.4/prepare_for_1_4/ for preparation instructions.
  @hydra.main(config_path='cfgs', config_name='svea_config')
/Users/a2mogus/build-projs/ccm-intro/projects/many-gens-rl-vigen/RL-ViGen-upstream/train.py:297: Hydra14MigrationWarning: 
The version_base parameter is not specified.
Hydra will assume defaults for version 1.1.
Hydra 1.4 will remove this compatibility behavior.
Before upgrading to Hydra 1.4, set version_base="1.3" and test your application.
See https://hydra.cc/docs/upgrades/1.3_to_1.4/prepare_for_1_4/ for preparation instructions.
  @hydra.main(config_path='cfgs', config_name='svea_config')
/Users/a2mogus/build-projs/ccm-intro/projects/many-gens-rl-vigen/RL-ViGen-upstream/train.py:297: Hydra14MigrationWarning: 
The version_base parameter is not specified.
Hydra will assume defaults for version 1.1.
Hydra 1.4 will remove this compatibility behavior.
Before upgrading to Hydra 1.4, set version_base="1.3" and test your application.
See https://hydra.cc/docs/upgrades/1.3_to_1.4/prepare_for_1_4/ for preparation instructions.
  @hydra.main(config_path='cfgs', config_name='svea_config')
/Users/a2mogus/build-projs/ccm-intro/projects/many-gens-rl-vigen/RL-ViGen-upstream/train.py:297: Hydra14MigrationWarning: 
The version_base parameter is not specified.
Hydra will assume defaults for version 1.1.
Hydra 1.4 will remove this compatibility behavior.
Before upgrading to Hydra 1.4, set version_base="1.3" and test your application.
See https://hydra.cc/docs/upgrades/1.3_to_1.4/prepare_for_1_4/ for preparation instructions.
  @hydra.main(config_path='cfgs', config_name='svea_config')
/Users/a2mogus/build-projs/ccm-intro/projects/many-gens-rl-vigen/RL-ViGen-upstream/train.py:297: Hydra14MigrationWarning: 
The version_base parameter is not specified.
Hydra will assume defaults for version 1.1.
Hydra 1.4 will remove this compatibility behavior.
Before upgrading to Hydra 1.4, set version_base="1.3" and test your application.
See https://hydra.cc/docs/upgrades/1.3_to_1.4/prepare_for_1_4/ for preparation instructions.
  @hydra.main(config_path='cfgs', config_name='svea_config')
/Users/a2mogus/build-projs/ccm-intro/projects/many-gens-rl-vigen/RL-ViGen-upstream/train.py:297: Hydra14MigrationWarning: 
The version_base parameter is not specified.
Hydra will assume defaults for version 1.1.
Hydra 1.4 will remove this compatibility behavior.
Before upgrading to Hydra 1.4, set version_base="1.3" and test your application.
See https://hydra.cc/docs/upgrades/1.3_to_1.4/prepare_for_1_4/ for preparation instructions.
  @hydra.main(config_path='cfgs', config_name='svea_config')
/Users/a2mogus/build-projs/ccm-intro/projects/many-gens-rl-vigen/RL-ViGen-upstream/train.py:297: Hydra14MigrationWarning: 
The version_base parameter is not specified.
Hydra will assume defaults for version 1.1.
Hydra 1.4 will remove this compatibility behavior.
Before upgrading to Hydra 1.4, set version_base="1.3" and test your application.
See https://hydra.cc/docs/upgrades/1.3_to_1.4/prepare_for_1_4/ for preparation instructions.
  @hydra.main(config_path='cfgs', config_name='svea_config')
/Users/a2mogus/build-projs/ccm-intro/projects/many-gens-rl-vigen/RL-ViGen-upstream/train.py:297: Hydra14MigrationWarning: 
The version_base parameter is not specified.
Hydra will assume defaults for version 1.1.
Hydra 1.4 will remove this compatibility behavior.
Before upgrading to Hydra 1.4, set version_base="1.3" and test your application.
See https://hydra.cc/docs/upgrades/1.3_to_1.4/prepare_for_1_4/ for preparation instructions.
  @hydra.main(config_path='cfgs', config_name='svea_config')
/Users/a2mogus/build-projs/ccm-intro/projects/many-gens-rl-vigen/RL-ViGen-upstream/train.py:297: Hydra14MigrationWarning: 
The version_base parameter is not specified.
Hydra will assume defaults for version 1.1.
Hydra 1.4 will remove this compatibility behavior.
Before upgrading to Hydra 1.4, set version_base="1.3" and test your application.
See https://hydra.cc/docs/upgrades/1.3_to_1.4/prepare_for_1_4/ for preparation instructions.
  @hydra.main(config_path='cfgs', config_name='svea_config')
/Users/a2mogus/build-projs/ccm-intro/projects/many-gens-rl-vigen/RL-ViGen-upstream/train.py:297: Hydra14MigrationWarning: 
The version_base parameter is not specified.
Hydra will assume defaults for version 1.1.
Hydra 1.4 will remove this compatibility behavior.
Before upgrading to Hydra 1.4, set version_base="1.3" and test your application.
See https://hydra.cc/docs/upgrades/1.3_to_1.4/prepare_for_1_4/ for preparation instructions.
  @hydra.main(config_path='cfgs', config_name='svea_config')
/Users/a2mogus/build-projs/ccm-intro/projects/many-gens-rl-vigen/RL-ViGen-upstream/train.py:297: Hydra14MigrationWarning: 
The version_base parameter is not specified.
Hydra will assume defaults for version 1.1.
Hydra 1.4 will remove this compatibility behavior.
Before upgrading to Hydra 1.4, set version_base="1.3" and test your application.
See https://hydra.cc/docs/upgrades/1.3_to_1.4/prepare_for_1_4/ for preparation instructions.
  @hydra.main(config_path='cfgs', config_name='svea_config')
/Users/a2mogus/build-projs/ccm-intro/projects/many-gens-rl-vigen/RL-ViGen-upstream/train.py:297: Hydra14MigrationWarning: 
The version_base parameter is not specified.
Hydra will assume defaults for version 1.1.
Hydra 1.4 will remove this compatibility behavior.
Before upgrading to Hydra 1.4, set version_base="1.3" and test your application.
See https://hydra.cc/docs/upgrades/1.3_to_1.4/prepare_for_1_4/ for preparation instructions.
  @hydra.main(config_path='cfgs', config_name='svea_config')
/Users/a2mogus/build-projs/ccm-intro/projects/many-gens-rl-vigen/RL-ViGen-upstream/train.py:297: Hydra14MigrationWarning: 
The version_base parameter is not specified.
Hydra will assume defaults for version 1.1.
Hydra 1.4 will remove this compatibility behavior.
Before upgrading to Hydra 1.4, set version_base="1.3" and test your application.
See https://hydra.cc/docs/upgrades/1.3_to_1.4/prepare_for_1_4/ for preparation instructions.
  @hydra.main(config_path='cfgs', config_name='svea_config')
/Users/a2mogus/build-projs/ccm-intro/projects/many-gens-rl-vigen/RL-ViGen-upstream/train.py:297: Hydra14MigrationWarning: 
The version_base parameter is not specified.
Hydra will assume defaults for version 1.1.
Hydra 1.4 will remove this compatibility behavior.
Before upgrading to Hydra 1.4, set version_base="1.3" and test your application.
See https://hydra.cc/docs/upgrades/1.3_to_1.4/prepare_for_1_4/ for preparation instructions.
  @hydra.main(config_path='cfgs', config_name='svea_config')
/Users/a2mogus/build-projs/ccm-intro/projects/many-gens-rl-vigen/RL-ViGen-upstream/train.py:297: Hydra14MigrationWarning: 
The version_base parameter is not specified.
Hydra will assume defaults for version 1.1.
Hydra 1.4 will remove this compatibility behavior.
Before upgrading to Hydra 1.4, set version_base="1.3" and test your application.
See https://hydra.cc/docs/upgrades/1.3_to_1.4/prepare_for_1_4/ for preparation instructions.
  @hydra.main(config_path='cfgs', config_name='svea_config')
/Users/a2mogus/build-projs/ccm-intro/projects/many-gens-rl-vigen/RL-ViGen-upstream/train.py:297: Hydra14MigrationWarning: 
The version_base parameter is not specified.
Hydra will assume defaults for version 1.1.
Hydra 1.4 will remove this compatibility behavior.
Before upgrading to Hydra 1.4, set version_base="1.3" and test your application.
See https://hydra.cc/docs/upgrades/1.3_to_1.4/prepare_for_1_4/ for preparation instructions.
  @hydra.main(config_path='cfgs', config_name='svea_config')
| [33mtrain[0m | F: 18000 | S: 18000 | E: 36 | L: 500 | R: 47.7119 | BS: 18000 | FPS: 1.4313 | T: 2:27:33
/Users/a2mogus/build-projs/ccm-intro/projects/many-gens-rl-vigen/RL-ViGen-upstream/train.py:297: Hydra14MigrationWarning: 
The version_base parameter is not specified.
Hydra will assume defaults for version 1.1.
Hydra 1.4 will remove this compatibility behavior.
Before upgrading to Hydra 1.4, set version_base="1.3" and test your application.
See https://hydra.cc/docs/upgrades/1.3_to_1.4/prepare_for_1_4/ for preparation instructions.
  @hydra.main(config_path='cfgs', config_name='svea_config')
/Users/a2mogus/build-projs/ccm-intro/projects/many-gens-rl-vigen/RL-ViGen-upstream/train.py:297: Hydra14MigrationWarning: 
The version_base parameter is not specified.
Hydra will assume defaults for version 1.1.
Hydra 1.4 will remove this compatibility behavior.
Before upgrading to Hydra 1.4, set version_base="1.3" and test your application.
See https://hydra.cc/docs/upgrades/1.3_to_1.4/prepare_for_1_4/ for preparation instructions.
  @hydra.main(config_path='cfgs', config_name='svea_config')
/Users/a2mogus/build-projs/ccm-intro/projects/many-gens-rl-vigen/RL-ViGen-upstream/train.py:297: Hydra14MigrationWarning: 
The version_base parameter is not specified.
Hydra will assume defaults for version 1.1.
Hydra 1.4 will remove this compatibility behavior.
Before upgrading to Hydra 1.4, set version_base="1.3" and test your application.
See https://hydra.cc/docs/upgrades/1.3_to_1.4/prepare_for_1_4/ for preparation instructions.
  @hydra.main(config_path='cfgs', config_name='svea_config')
/Users/a2mogus/build-projs/ccm-intro/projects/many-gens-rl-vigen/RL-ViGen-upstream/train.py:297: Hydra14MigrationWarning: 
The version_base parameter is not specified.
Hydra will assume defaults for version 1.1.
Hydra 1.4 will remove this compatibility behavior.
Before upgrading to Hydra 1.4, set version_base="1.3" and test your application.
See https://hydra.cc/docs/upgrades/1.3_to_1.4/prepare_for_1_4/ for preparation instructions.
  @hydra.main(config_path='cfgs', config_name='svea_config')
/Users/a2mogus/build-projs/ccm-intro/projects/many-gens-rl-vigen/RL-ViGen-upstream/train.py:297: Hydra14MigrationWarning: 
The version_base parameter is not specified.
Hydra will assume defaults for version 1.1.
Hydra 1.4 will remove this compatibility behavior.
Before upgrading to Hydra 1.4, set version_base="1.3" and test your application.
See https://hydra.cc/docs/upgrades/1.3_to_1.4/prepare_for_1_4/ for preparation instructions.
  @hydra.main(config_path='cfgs', config_name='svea_config')
/Users/a2mogus/build-projs/ccm-intro/projects/many-gens-rl-vigen/RL-ViGen-upstream/train.py:297: Hydra14MigrationWarning: 
The version_base parameter is not specified.
Hydra will assume defaults for version 1.1.
Hydra 1.4 will remove this compatibility behavior.
Before upgrading to Hydra 1.4, set version_base="1.3" and test your application.
See https://hydra.cc/docs/upgrades/1.3_to_1.4/prepare_for_1_4/ for preparation instructions.
  @hydra.main(config_path='cfgs', config_name='svea_config')
/Users/a2mogus/build-projs/ccm-intro/projects/many-gens-rl-vigen/RL-ViGen-upstream/train.py:297: Hydra14MigrationWarning: 
The version_base parameter is not specified.
Hydra will assume defaults for version 1.1.
Hydra 1.4 will remove this compatibility behavior.
Before upgrading to Hydra 1.4, set version_base="1.3" and test your application.
See https://hydra.cc/docs/upgrades/1.3_to_1.4/prepare_for_1_4/ for preparation instructions.
  @hydra.main(config_path='cfgs', config_name='svea_config')
/Users/a2mogus/build-projs/ccm-intro/projects/many-gens-rl-vigen/RL-ViGen-upstream/train.py:297: Hydra14MigrationWarning: 
The version_base parameter is not specified.
Hydra will assume defaults for version 1.1.
Hydra 1.4 will remove this compatibility behavior.
Before upgrading to Hydra 1.4, set version_base="1.3" and test your application.
See https://hydra.cc/docs/upgrades/1.3_to_1.4/prepare_for_1_4/ for preparation instructions.
  @hydra.main(config_path='cfgs', config_name='svea_config')
/Users/a2mogus/build-projs/ccm-intro/projects/many-gens-rl-vigen/RL-ViGen-upstream/train.py:297: Hydra14MigrationWarning: 
The version_base parameter is not specified.
Hydra will assume defaults for version 1.1.
Hydra 1.4 will remove this compatibility behavior.
Before upgrading to Hydra 1.4, set version_base="1.3" and test your application.
See https://hydra.cc/docs/upgrades/1.3_to_1.4/prepare_for_1_4/ for preparation instructions.
  @hydra.main(config_path='cfgs', config_name='svea_config')
/Users/a2mogus/build-projs/ccm-intro/projects/many-gens-rl-vigen/RL-ViGen-upstream/train.py:297: Hydra14MigrationWarning: 
The version_base parameter is not specified.
Hydra will assume defaults for version 1.1.
Hydra 1.4 will remove this compatibility behavior.
Before upgrading to Hydra 1.4, set version_base="1.3" and test your application.
See https://hydra.cc/docs/upgrades/1.3_to_1.4/prepare_for_1_4/ for preparation instructions.
  @hydra.main(config_path='cfgs', config_name='svea_config')
/Users/a2mogus/build-projs/ccm-intro/projects/many-gens-rl-vigen/RL-ViGen-upstream/train.py:297: Hydra14MigrationWarning: 
The version_base parameter is not specified.
Hydra will assume defaults for version 1.1.
Hydra 1.4 will remove this compatibility behavior.
Before upgrading to Hydra 1.4, set version_base="1.3" and test your application.
See https://hydra.cc/docs/upgrades/1.3_to_1.4/prepare_for_1_4/ for preparation instructions.
  @hydra.main(config_path='cfgs', config_name='svea_config')
/Users/a2mogus/build-projs/ccm-intro/projects/many-gens-rl-vigen/RL-ViGen-upstream/train.py:297: Hydra14MigrationWarning: 
The version_base parameter is not specified.
Hydra will assume defaults for version 1.1.
Hydra 1.4 will remove this compatibility behavior.
Before upgrading to Hydra 1.4, set version_base="1.3" and test your application.
See https://hydra.cc/docs/upgrades/1.3_to_1.4/prepare_for_1_4/ for preparation instructions.
  @hydra.main(config_path='cfgs', config_name='svea_config')
/Users/a2mogus/build-projs/ccm-intro/projects/many-gens-rl-vigen/RL-ViGen-upstream/train.py:297: Hydra14MigrationWarning: 
The version_base parameter is not specified.
Hydra will assume defaults for version 1.1.
Hydra 1.4 will remove this compatibility behavior.
Before upgrading to Hydra 1.4, set version_base="1.3" and test your application.
See https://hydra.cc/docs/upgrades/1.3_to_1.4/prepare_for_1_4/ for preparation instructions.
  @hydra.main(config_path='cfgs', config_name='svea_config')
/Users/a2mogus/build-projs/ccm-intro/projects/many-gens-rl-vigen/RL-ViGen-upstream/train.py:297: Hydra14MigrationWarning: 
The version_base parameter is not specified.
Hydra will assume defaults for version 1.1.
Hydra 1.4 will remove this compatibility behavior.
Before upgrading to Hydra 1.4, set version_base="1.3" and test your application.
See https://hydra.cc/docs/upgrades/1.3_to_1.4/prepare_for_1_4/ for preparation instructions.
  @hydra.main(config_path='cfgs', config_name='svea_config')
/Users/a2mogus/build-projs/ccm-intro/projects/many-gens-rl-vigen/RL-ViGen-upstream/train.py:297: Hydra14MigrationWarning: 
The version_base parameter is not specified.
Hydra will assume defaults for version 1.1.
Hydra 1.4 will remove this compatibility behavior.
Before upgrading to Hydra 1.4, set version_base="1.3" and test your application.
See https://hydra.cc/docs/upgrades/1.3_to_1.4/prepare_for_1_4/ for preparation instructions.
  @hydra.main(config_path='cfgs', config_name='svea_config')
/Users/a2mogus/build-projs/ccm-intro/projects/many-gens-rl-vigen/RL-ViGen-upstream/train.py:297: Hydra14MigrationWarning: 
The version_base parameter is not specified.
Hydra will assume defaults for version 1.1.
Hydra 1.4 will remove this compatibility behavior.
Before upgrading to Hydra 1.4, set version_base="1.3" and test your application.
See https://hydra.cc/docs/upgrades/1.3_to_1.4/prepare_for_1_4/ for preparation instructions.
  @hydra.main(config_path='cfgs', config_name='svea_config')
| [33mtrain[0m | F: 18500 | S: 18500 | E: 37 | L: 500 | R: 50.4092 | BS: 18500 | FPS: 1.4548 | T: 2:33:17
/Users/a2mogus/build-projs/ccm-intro/projects/many-gens-rl-vigen/RL-ViGen-upstream/train.py:297: Hydra14MigrationWarning: 
The version_base parameter is not specified.
Hydra will assume defaults for version 1.1.
Hydra 1.4 will remove this compatibility behavior.
Before upgrading to Hydra 1.4, set version_base="1.3" and test your application.
See https://hydra.cc/docs/upgrades/1.3_to_1.4/prepare_for_1_4/ for preparation instructions.
  @hydra.main(config_path='cfgs', config_name='svea_config')
/Users/a2mogus/build-projs/ccm-intro/projects/many-gens-rl-vigen/RL-ViGen-upstream/train.py:297: Hydra14MigrationWarning: 
The version_base parameter is not specified.
Hydra will assume defaults for version 1.1.
Hydra 1.4 will remove this compatibility behavior.
Before upgrading to Hydra 1.4, set version_base="1.3" and test your application.
See https://hydra.cc/docs/upgrades/1.3_to_1.4/prepare_for_1_4/ for preparation instructions.
  @hydra.main(config_path='cfgs', config_name='svea_config')
/Users/a2mogus/build-projs/ccm-intro/projects/many-gens-rl-vigen/RL-ViGen-upstream/train.py:297: Hydra14MigrationWarning: 
The version_base parameter is not specified.
Hydra will assume defaults for version 1.1.
Hydra 1.4 will remove this compatibility behavior.
Before upgrading to Hydra 1.4, set version_base="1.3" and test your application.
See https://hydra.cc/docs/upgrades/1.3_to_1.4/prepare_for_1_4/ for preparation instructions.
  @hydra.main(config_path='cfgs', config_name='svea_config')
/Users/a2mogus/build-projs/ccm-intro/projects/many-gens-rl-vigen/RL-ViGen-upstream/train.py:297: Hydra14MigrationWarning: 
The version_base parameter is not specified.
Hydra will assume defaults for version 1.1.
Hydra 1.4 will remove this compatibility behavior.
Before upgrading to Hydra 1.4, set version_base="1.3" and test your application.
See https://hydra.cc/docs/upgrades/1.3_to_1.4/prepare_for_1_4/ for preparation instructions.
  @hydra.main(config_path='cfgs', config_name='svea_config')
/Users/a2mogus/build-projs/ccm-intro/projects/many-gens-rl-vigen/RL-ViGen-upstream/train.py:297: Hydra14MigrationWarning: 
The version_base parameter is not specified.
Hydra will assume defaults for version 1.1.
Hydra 1.4 will remove this compatibility behavior.
Before upgrading to Hydra 1.4, set version_base="1.3" and test your application.
See https://hydra.cc/docs/upgrades/1.3_to_1.4/prepare_for_1_4/ for preparation instructions.
  @hydra.main(config_path='cfgs', config_name='svea_config')
/Users/a2mogus/build-projs/ccm-intro/projects/many-gens-rl-vigen/RL-ViGen-upstream/train.py:297: Hydra14MigrationWarning: 
The version_base parameter is not specified.
Hydra will assume defaults for version 1.1.
Hydra 1.4 will remove this compatibility behavior.
Before upgrading to Hydra 1.4, set version_base="1.3" and test your application.
See https://hydra.cc/docs/upgrades/1.3_to_1.4/prepare_for_1_4/ for preparation instructions.
  @hydra.main(config_path='cfgs', config_name='svea_config')
/Users/a2mogus/build-projs/ccm-intro/projects/many-gens-rl-vigen/RL-ViGen-upstream/train.py:297: Hydra14MigrationWarning: 
The version_base parameter is not specified.
Hydra will assume defaults for version 1.1.
Hydra 1.4 will remove this compatibility behavior.
Before upgrading to Hydra 1.4, set version_base="1.3" and test your application.
See https://hydra.cc/docs/upgrades/1.3_to_1.4/prepare_for_1_4/ for preparation instructions.
  @hydra.main(config_path='cfgs', config_name='svea_config')
/Users/a2mogus/build-projs/ccm-intro/projects/many-gens-rl-vigen/RL-ViGen-upstream/train.py:297: Hydra14MigrationWarning: 
The version_base parameter is not specified.
Hydra will assume defaults for version 1.1.
Hydra 1.4 will remove this compatibility behavior.
Before upgrading to Hydra 1.4, set version_base="1.3" and test your application.
See https://hydra.cc/docs/upgrades/1.3_to_1.4/prepare_for_1_4/ for preparation instructions.
  @hydra.main(config_path='cfgs', config_name='svea_config')
| [33mtrain[0m | F: 19000 | S: 19000 | E: 38 | L: 500 | R: 43.4156 | BS: 19000 | FPS: 1.7513 | T: 2:38:02
/Users/a2mogus/build-projs/ccm-intro/projects/many-gens-rl-vigen/RL-ViGen-upstream/train.py:297: Hydra14MigrationWarning: 
The version_base parameter is not specified.
Hydra will assume defaults for version 1.1.
Hydra 1.4 will remove this compatibility behavior.
Before upgrading to Hydra 1.4, set version_base="1.3" and test your application.
See https://hydra.cc/docs/upgrades/1.3_to_1.4/prepare_for_1_4/ for preparation instructions.
  @hydra.main(config_path='cfgs', config_name='svea_config')
/Users/a2mogus/build-projs/ccm-intro/projects/many-gens-rl-vigen/RL-ViGen-upstream/train.py:297: Hydra14MigrationWarning: 
The version_base parameter is not specified.
Hydra will assume defaults for version 1.1.
Hydra 1.4 will remove this compatibility behavior.
Before upgrading to Hydra 1.4, set version_base="1.3" and test your application.
See https://hydra.cc/docs/upgrades/1.3_to_1.4/prepare_for_1_4/ for preparation instructions.
  @hydra.main(config_path='cfgs', config_name='svea_config')
/Users/a2mogus/build-projs/ccm-intro/projects/many-gens-rl-vigen/RL-ViGen-upstream/train.py:297: Hydra14MigrationWarning: 
The version_base parameter is not specified.
Hydra will assume defaults for version 1.1.
Hydra 1.4 will remove this compatibility behavior.
Before upgrading to Hydra 1.4, set version_base="1.3" and test your application.
See https://hydra.cc/docs/upgrades/1.3_to_1.4/prepare_for_1_4/ for preparation instructions.
  @hydra.main(config_path='cfgs', config_name='svea_config')
/Users/a2mogus/build-projs/ccm-intro/projects/many-gens-rl-vigen/RL-ViGen-upstream/train.py:297: Hydra14MigrationWarning: 
The version_base parameter is not specified.
Hydra will assume defaults for version 1.1.
Hydra 1.4 will remove this compatibility behavior.
Before upgrading to Hydra 1.4, set version_base="1.3" and test your application.
See https://hydra.cc/docs/upgrades/1.3_to_1.4/prepare_for_1_4/ for preparation instructions.
  @hydra.main(config_path='cfgs', config_name='svea_config')
/Users/a2mogus/build-projs/ccm-intro/projects/many-gens-rl-vigen/RL-ViGen-upstream/train.py:297: Hydra14MigrationWarning: 
The version_base parameter is not specified.
Hydra will assume defaults for version 1.1.
Hydra 1.4 will remove this compatibility behavior.
Before upgrading to Hydra 1.4, set version_base="1.3" and test your application.
See https://hydra.cc/docs/upgrades/1.3_to_1.4/prepare_for_1_4/ for preparation instructions.
  @hydra.main(config_path='cfgs', config_name='svea_config')
/Users/a2mogus/build-projs/ccm-intro/projects/many-gens-rl-vigen/RL-ViGen-upstream/train.py:297: Hydra14MigrationWarning: 
The version_base parameter is not specified.
Hydra will assume defaults for version 1.1.
Hydra 1.4 will remove this compatibility behavior.
Before upgrading to Hydra 1.4, set version_base="1.3" and test your application.
See https://hydra.cc/docs/upgrades/1.3_to_1.4/prepare_for_1_4/ for preparation instructions.
  @hydra.main(config_path='cfgs', config_name='svea_config')
/Users/a2mogus/build-projs/ccm-intro/projects/many-gens-rl-vigen/RL-ViGen-upstream/train.py:297: Hydra14MigrationWarning: 
The version_base parameter is not specified.
Hydra will assume defaults for version 1.1.
Hydra 1.4 will remove this compatibility behavior.
Before upgrading to Hydra 1.4, set version_base="1.3" and test your application.
See https://hydra.cc/docs/upgrades/1.3_to_1.4/prepare_for_1_4/ for preparation instructions.
  @hydra.main(config_path='cfgs', config_name='svea_config')
/Users/a2mogus/build-projs/ccm-intro/projects/many-gens-rl-vigen/RL-ViGen-upstream/train.py:297: Hydra14MigrationWarning: 
The version_base parameter is not specified.
Hydra will assume defaults for version 1.1.
Hydra 1.4 will remove this compatibility behavior.
Before upgrading to Hydra 1.4, set version_base="1.3" and test your application.
See https://hydra.cc/docs/upgrades/1.3_to_1.4/prepare_for_1_4/ for preparation instructions.
  @hydra.main(config_path='cfgs', config_name='svea_config')
/Users/a2mogus/build-projs/ccm-intro/projects/many-gens-rl-vigen/RL-ViGen-upstream/train.py:297: Hydra14MigrationWarning: 
The version_base parameter is not specified.
Hydra will assume defaults for version 1.1.
Hydra 1.4 will remove this compatibility behavior.
Before upgrading to Hydra 1.4, set version_base="1.3" and test your application.
See https://hydra.cc/docs/upgrades/1.3_to_1.4/prepare_for_1_4/ for preparation instructions.
  @hydra.main(config_path='cfgs', config_name='svea_config')
/Users/a2mogus/build-projs/ccm-intro/projects/many-gens-rl-vigen/RL-ViGen-upstream/train.py:297: Hydra14MigrationWarning: 
The version_base parameter is not specified.
Hydra will assume defaults for version 1.1.
Hydra 1.4 will remove this compatibility behavior.
Before upgrading to Hydra 1.4, set version_base="1.3" and test your application.
See https://hydra.cc/docs/upgrades/1.3_to_1.4/prepare_for_1_4/ for preparation instructions.
  @hydra.main(config_path='cfgs', config_name='svea_config')
/Users/a2mogus/build-projs/ccm-intro/projects/many-gens-rl-vigen/RL-ViGen-upstream/train.py:297: Hydra14MigrationWarning: 
The version_base parameter is not specified.
Hydra will assume defaults for version 1.1.
Hydra 1.4 will remove this compatibility behavior.
Before upgrading to Hydra 1.4, set version_base="1.3" and test your application.
See https://hydra.cc/docs/upgrades/1.3_to_1.4/prepare_for_1_4/ for preparation instructions.
  @hydra.main(config_path='cfgs', config_name='svea_config')
/Users/a2mogus/build-projs/ccm-intro/projects/many-gens-rl-vigen/RL-ViGen-upstream/train.py:297: Hydra14MigrationWarning: 
The version_base parameter is not specified.
Hydra will assume defaults for version 1.1.
Hydra 1.4 will remove this compatibility behavior.
Before upgrading to Hydra 1.4, set version_base="1.3" and test your application.
See https://hydra.cc/docs/upgrades/1.3_to_1.4/prepare_for_1_4/ for preparation instructions.
  @hydra.main(config_path='cfgs', config_name='svea_config')
/Users/a2mogus/build-projs/ccm-intro/projects/many-gens-rl-vigen/RL-ViGen-upstream/train.py:297: Hydra14MigrationWarning: 
The version_base parameter is not specified.
Hydra will assume defaults for version 1.1.
Hydra 1.4 will remove this compatibility behavior.
Before upgrading to Hydra 1.4, set version_base="1.3" and test your application.
See https://hydra.cc/docs/upgrades/1.3_to_1.4/prepare_for_1_4/ for preparation instructions.
  @hydra.main(config_path='cfgs', config_name='svea_config')
/Users/a2mogus/build-projs/ccm-intro/projects/many-gens-rl-vigen/RL-ViGen-upstream/train.py:297: Hydra14MigrationWarning: 
The version_base parameter is not specified.
Hydra will assume defaults for version 1.1.
Hydra 1.4 will remove this compatibility behavior.
Before upgrading to Hydra 1.4, set version_base="1.3" and test your application.
See https://hydra.cc/docs/upgrades/1.3_to_1.4/prepare_for_1_4/ for preparation instructions.
  @hydra.main(config_path='cfgs', config_name='svea_config')
/Users/a2mogus/build-projs/ccm-intro/projects/many-gens-rl-vigen/RL-ViGen-upstream/train.py:297: Hydra14MigrationWarning: 
The version_base parameter is not specified.
Hydra will assume defaults for version 1.1.
Hydra 1.4 will remove this compatibility behavior.
Before upgrading to Hydra 1.4, set version_base="1.3" and test your application.
See https://hydra.cc/docs/upgrades/1.3_to_1.4/prepare_for_1_4/ for preparation instructions.
  @hydra.main(config_path='cfgs', config_name='svea_config')
/Users/a2mogus/build-projs/ccm-intro/projects/many-gens-rl-vigen/RL-ViGen-upstream/train.py:297: Hydra14MigrationWarning: 
The version_base parameter is not specified.
Hydra will assume defaults for version 1.1.
Hydra 1.4 will remove this compatibility behavior.
Before upgrading to Hydra 1.4, set version_base="1.3" and test your application.
See https://hydra.cc/docs/upgrades/1.3_to_1.4/prepare_for_1_4/ for preparation instructions.
  @hydra.main(config_path='cfgs', config_name='svea_config')
| [33mtrain[0m | F: 19500 | S: 19500 | E: 39 | L: 500 | R: 25.0920 | BS: 19500 | FPS: 1.5742 | T: 2:43:20
/Users/a2mogus/build-projs/ccm-intro/projects/many-gens-rl-vigen/RL-ViGen-upstream/train.py:297: Hydra14MigrationWarning: 
The version_base parameter is not specified.
Hydra will assume defaults for version 1.1.
Hydra 1.4 will remove this compatibility behavior.
Before upgrading to Hydra 1.4, set version_base="1.3" and test your application.
See https://hydra.cc/docs/upgrades/1.3_to_1.4/prepare_for_1_4/ for preparation instructions.
  @hydra.main(config_path='cfgs', config_name='svea_config')
/Users/a2mogus/build-projs/ccm-intro/projects/many-gens-rl-vigen/RL-ViGen-upstream/train.py:297: Hydra14MigrationWarning: 
The version_base parameter is not specified.
Hydra will assume defaults for version 1.1.
Hydra 1.4 will remove this compatibility behavior.
Before upgrading to Hydra 1.4, set version_base="1.3" and test your application.
See https://hydra.cc/docs/upgrades/1.3_to_1.4/prepare_for_1_4/ for preparation instructions.
  @hydra.main(config_path='cfgs', config_name='svea_config')
/Users/a2mogus/build-projs/ccm-intro/projects/many-gens-rl-vigen/RL-ViGen-upstream/train.py:297: Hydra14MigrationWarning: 
The version_base parameter is not specified.
Hydra will assume defaults for version 1.1.
Hydra 1.4 will remove this compatibility behavior.
Before upgrading to Hydra 1.4, set version_base="1.3" and test your application.
See https://hydra.cc/docs/upgrades/1.3_to_1.4/prepare_for_1_4/ for preparation instructions.
  @hydra.main(config_path='cfgs', config_name='svea_config')
/Users/a2mogus/build-projs/ccm-intro/projects/many-gens-rl-vigen/RL-ViGen-upstream/train.py:297: Hydra14MigrationWarning: 
The version_base parameter is not specified.
Hydra will assume defaults for version 1.1.
Hydra 1.4 will remove this compatibility behavior.
Before upgrading to Hydra 1.4, set version_base="1.3" and test your application.
See https://hydra.cc/docs/upgrades/1.3_to_1.4/prepare_for_1_4/ for preparation instructions.
  @hydra.main(config_path='cfgs', config_name='svea_config')
/Users/a2mogus/build-projs/ccm-intro/projects/many-gens-rl-vigen/RL-ViGen-upstream/train.py:297: Hydra14MigrationWarning: 
The version_base parameter is not specified.
Hydra will assume defaults for version 1.1.
Hydra 1.4 will remove this compatibility behavior.
Before upgrading to Hydra 1.4, set version_base="1.3" and test your application.
See https://hydra.cc/docs/upgrades/1.3_to_1.4/prepare_for_1_4/ for preparation instructions.
  @hydra.main(config_path='cfgs', config_name='svea_config')
/Users/a2mogus/build-projs/ccm-intro/projects/many-gens-rl-vigen/RL-ViGen-upstream/train.py:297: Hydra14MigrationWarning: 
The version_base parameter is not specified.
Hydra will assume defaults for version 1.1.
Hydra 1.4 will remove this compatibility behavior.
Before upgrading to Hydra 1.4, set version_base="1.3" and test your application.
See https://hydra.cc/docs/upgrades/1.3_to_1.4/prepare_for_1_4/ for preparation instructions.
  @hydra.main(config_path='cfgs', config_name='svea_config')
/Users/a2mogus/build-projs/ccm-intro/projects/many-gens-rl-vigen/RL-ViGen-upstream/train.py:297: Hydra14MigrationWarning: 
The version_base parameter is not specified.
Hydra will assume defaults for version 1.1.
Hydra 1.4 will remove this compatibility behavior.
Before upgrading to Hydra 1.4, set version_base="1.3" and test your application.
See https://hydra.cc/docs/upgrades/1.3_to_1.4/prepare_for_1_4/ for preparation instructions.
  @hydra.main(config_path='cfgs', config_name='svea_config')
/Users/a2mogus/build-projs/ccm-intro/projects/many-gens-rl-vigen/RL-ViGen-upstream/train.py:297: Hydra14MigrationWarning: 
The version_base parameter is not specified.
Hydra will assume defaults for version 1.1.
Hydra 1.4 will remove this compatibility behavior.
Before upgrading to Hydra 1.4, set version_base="1.3" and test your application.
See https://hydra.cc/docs/upgrades/1.3_to_1.4/prepare_for_1_4/ for preparation instructions.
  @hydra.main(config_path='cfgs', config_name='svea_config')
/Users/a2mogus/build-projs/ccm-intro/projects/many-gens-rl-vigen/RL-ViGen-upstream/train.py:297: Hydra14MigrationWarning: 
The version_base parameter is not specified.
Hydra will assume defaults for version 1.1.
Hydra 1.4 will remove this compatibility behavior.
Before upgrading to Hydra 1.4, set version_base="1.3" and test your application.
See https://hydra.cc/docs/upgrades/1.3_to_1.4/prepare_for_1_4/ for preparation instructions.
  @hydra.main(config_path='cfgs', config_name='svea_config')
/Users/a2mogus/build-projs/ccm-intro/projects/many-gens-rl-vigen/RL-ViGen-upstream/train.py:297: Hydra14MigrationWarning: 
The version_base parameter is not specified.
Hydra will assume defaults for version 1.1.
Hydra 1.4 will remove this compatibility behavior.
Before upgrading to Hydra 1.4, set version_base="1.3" and test your application.
See https://hydra.cc/docs/upgrades/1.3_to_1.4/prepare_for_1_4/ for preparation instructions.
  @hydra.main(config_path='cfgs', config_name='svea_config')
/Users/a2mogus/build-projs/ccm-intro/projects/many-gens-rl-vigen/RL-ViGen-upstream/train.py:297: Hydra14MigrationWarning: 
The version_base parameter is not specified.
Hydra will assume defaults for version 1.1.
Hydra 1.4 will remove this compatibility behavior.
Before upgrading to Hydra 1.4, set version_base="1.3" and test your application.
See https://hydra.cc/docs/upgrades/1.3_to_1.4/prepare_for_1_4/ for preparation instructions.
  @hydra.main(config_path='cfgs', config_name='svea_config')
/Users/a2mogus/build-projs/ccm-intro/projects/many-gens-rl-vigen/RL-ViGen-upstream/train.py:297: Hydra14MigrationWarning: 
The version_base parameter is not specified.
Hydra will assume defaults for version 1.1.
Hydra 1.4 will remove this compatibility behavior.
Before upgrading to Hydra 1.4, set version_base="1.3" and test your application.
See https://hydra.cc/docs/upgrades/1.3_to_1.4/prepare_for_1_4/ for preparation instructions.
  @hydra.main(config_path='cfgs', config_name='svea_config')
/Users/a2mogus/build-projs/ccm-intro/projects/many-gens-rl-vigen/RL-ViGen-upstream/train.py:297: Hydra14MigrationWarning: 
The version_base parameter is not specified.
Hydra will assume defaults for version 1.1.
Hydra 1.4 will remove this compatibility behavior.
Before upgrading to Hydra 1.4, set version_base="1.3" and test your application.
See https://hydra.cc/docs/upgrades/1.3_to_1.4/prepare_for_1_4/ for preparation instructions.
  @hydra.main(config_path='cfgs', config_name='svea_config')
/Users/a2mogus/build-projs/ccm-intro/projects/many-gens-rl-vigen/RL-ViGen-upstream/train.py:297: Hydra14MigrationWarning: 
The version_base parameter is not specified.
Hydra will assume defaults for version 1.1.
Hydra 1.4 will remove this compatibility behavior.
Before upgrading to Hydra 1.4, set version_base="1.3" and test your application.
See https://hydra.cc/docs/upgrades/1.3_to_1.4/prepare_for_1_4/ for preparation instructions.
  @hydra.main(config_path='cfgs', config_name='svea_config')
/Users/a2mogus/build-projs/ccm-intro/projects/many-gens-rl-vigen/RL-ViGen-upstream/train.py:297: Hydra14MigrationWarning: 
The version_base parameter is not specified.
Hydra will assume defaults for version 1.1.
Hydra 1.4 will remove this compatibility behavior.
Before upgrading to Hydra 1.4, set version_base="1.3" and test your application.
See https://hydra.cc/docs/upgrades/1.3_to_1.4/prepare_for_1_4/ for preparation instructions.
  @hydra.main(config_path='cfgs', config_name='svea_config')
/Users/a2mogus/build-projs/ccm-intro/projects/many-gens-rl-vigen/RL-ViGen-upstream/train.py:297: Hydra14MigrationWarning: 
The version_base parameter is not specified.
Hydra will assume defaults for version 1.1.
Hydra 1.4 will remove this compatibility behavior.
Before upgrading to Hydra 1.4, set version_base="1.3" and test your application.
See https://hydra.cc/docs/upgrades/1.3_to_1.4/prepare_for_1_4/ for preparation instructions.
  @hydra.main(config_path='cfgs', config_name='svea_config')
| [33mtrain[0m | F: 20000 | S: 20000 | E: 40 | L: 500 | R: 38.2438 | BS: 20000 | FPS: 1.5485 | T: 2:48:43
| [32meval[0m  | F: 20000 | S: 20000 | E: 40 | L: 500 | R: 58.5907 | T: 2:48:43 | SR: 0.0000
/Users/a2mogus/build-projs/ccm-intro/projects/many-gens-rl-vigen/RL-ViGen-upstream/train.py:297: Hydra14MigrationWarning: 
The version_base parameter is not specified.
Hydra will assume defaults for version 1.1.
Hydra 1.4 will remove this compatibility behavior.
Before upgrading to Hydra 1.4, set version_base="1.3" and test your application.
See https://hydra.cc/docs/upgrades/1.3_to_1.4/prepare_for_1_4/ for preparation instructions.
  @hydra.main(config_path='cfgs', config_name='svea_config')
/Users/a2mogus/build-projs/ccm-intro/projects/many-gens-rl-vigen/RL-ViGen-upstream/train.py:297: Hydra14MigrationWarning: 
The version_base parameter is not specified.
Hydra will assume defaults for version 1.1.
Hydra 1.4 will remove this compatibility behavior.
Before upgrading to Hydra 1.4, set version_base="1.3" and test your application.
See https://hydra.cc/docs/upgrades/1.3_to_1.4/prepare_for_1_4/ for preparation instructions.
  @hydra.main(config_path='cfgs', config_name='svea_config')
/Users/a2mogus/build-projs/ccm-intro/projects/many-gens-rl-vigen/RL-ViGen-upstream/train.py:297: Hydra14MigrationWarning: 
The version_base parameter is not specified.
Hydra will assume defaults for version 1.1.
Hydra 1.4 will remove this compatibility behavior.
Before upgrading to Hydra 1.4, set version_base="1.3" and test your application.
See https://hydra.cc/docs/upgrades/1.3_to_1.4/prepare_for_1_4/ for preparation instructions.
  @hydra.main(config_path='cfgs', config_name='svea_config')
/Users/a2mogus/build-projs/ccm-intro/projects/many-gens-rl-vigen/RL-ViGen-upstream/train.py:297: Hydra14MigrationWarning: 
The version_base parameter is not specified.
Hydra will assume defaults for version 1.1.
Hydra 1.4 will remove this compatibility behavior.
Before upgrading to Hydra 1.4, set version_base="1.3" and test your application.
See https://hydra.cc/docs/upgrades/1.3_to_1.4/prepare_for_1_4/ for preparation instructions.
  @hydra.main(config_path='cfgs', config_name='svea_config')
/Users/a2mogus/build-projs/ccm-intro/projects/many-gens-rl-vigen/RL-ViGen-upstream/train.py:297: Hydra14MigrationWarning: 
The version_base parameter is not specified.
Hydra will assume defaults for version 1.1.
Hydra 1.4 will remove this compatibility behavior.
Before upgrading to Hydra 1.4, set version_base="1.3" and test your application.
See https://hydra.cc/docs/upgrades/1.3_to_1.4/prepare_for_1_4/ for preparation instructions.
  @hydra.main(config_path='cfgs', config_name='svea_config')
/Users/a2mogus/build-projs/ccm-intro/projects/many-gens-rl-vigen/RL-ViGen-upstream/train.py:297: Hydra14MigrationWarning: 
The version_base parameter is not specified.
Hydra will assume defaults for version 1.1.
Hydra 1.4 will remove this compatibility behavior.
Before upgrading to Hydra 1.4, set version_base="1.3" and test your application.
See https://hydra.cc/docs/upgrades/1.3_to_1.4/prepare_for_1_4/ for preparation instructions.
  @hydra.main(config_path='cfgs', config_name='svea_config')
/Users/a2mogus/build-projs/ccm-intro/projects/many-gens-rl-vigen/RL-ViGen-upstream/train.py:297: Hydra14MigrationWarning: 
The version_base parameter is not specified.
Hydra will assume defaults for version 1.1.
Hydra 1.4 will remove this compatibility behavior.
Before upgrading to Hydra 1.4, set version_base="1.3" and test your application.
See https://hydra.cc/docs/upgrades/1.3_to_1.4/prepare_for_1_4/ for preparation instructions.
  @hydra.main(config_path='cfgs', config_name='svea_config')
/Users/a2mogus/build-projs/ccm-intro/projects/many-gens-rl-vigen/RL-ViGen-upstream/train.py:297: Hydra14MigrationWarning: 
The version_base parameter is not specified.
Hydra will assume defaults for version 1.1.
Hydra 1.4 will remove this compatibility behavior.
Before upgrading to Hydra 1.4, set version_base="1.3" and test your application.
See https://hydra.cc/docs/upgrades/1.3_to_1.4/prepare_for_1_4/ for preparation instructions.
  @hydra.main(config_path='cfgs', config_name='svea_config')
/Users/a2mogus/build-projs/ccm-intro/projects/many-gens-rl-vigen/RL-ViGen-upstream/train.py:297: Hydra14MigrationWarning: 
The version_base parameter is not specified.
Hydra will assume defaults for version 1.1.
Hydra 1.4 will remove this compatibility behavior.
Before upgrading to Hydra 1.4, set version_base="1.3" and test your application.
See https://hydra.cc/docs/upgrades/1.3_to_1.4/prepare_for_1_4/ for preparation instructions.
  @hydra.main(config_path='cfgs', config_name='svea_config')
/Users/a2mogus/build-projs/ccm-intro/projects/many-gens-rl-vigen/RL-ViGen-upstream/train.py:297: Hydra14MigrationWarning: 
The version_base parameter is not specified.
Hydra will assume defaults for version 1.1.
Hydra 1.4 will remove this compatibility behavior.
Before upgrading to Hydra 1.4, set version_base="1.3" and test your application.
See https://hydra.cc/docs/upgrades/1.3_to_1.4/prepare_for_1_4/ for preparation instructions.
  @hydra.main(config_path='cfgs', config_name='svea_config')
/Users/a2mogus/build-projs/ccm-intro/projects/many-gens-rl-vigen/RL-ViGen-upstream/train.py:297: Hydra14MigrationWarning: 
The version_base parameter is not specified.
Hydra will assume defaults for version 1.1.
Hydra 1.4 will remove this compatibility behavior.
Before upgrading to Hydra 1.4, set version_base="1.3" and test your application.
See https://hydra.cc/docs/upgrades/1.3_to_1.4/prepare_for_1_4/ for preparation instructions.
  @hydra.main(config_path='cfgs', config_name='svea_config')
/Users/a2mogus/build-projs/ccm-intro/projects/many-gens-rl-vigen/RL-ViGen-upstream/train.py:297: Hydra14MigrationWarning: 
The version_base parameter is not specified.
Hydra will assume defaults for version 1.1.
Hydra 1.4 will remove this compatibility behavior.
Before upgrading to Hydra 1.4, set version_base="1.3" and test your application.
See https://hydra.cc/docs/upgrades/1.3_to_1.4/prepare_for_1_4/ for preparation instructions.
  @hydra.main(config_path='cfgs', config_name='svea_config')
/Users/a2mogus/build-projs/ccm-intro/projects/many-gens-rl-vigen/RL-ViGen-upstream/train.py:297: Hydra14MigrationWarning: 
The version_base parameter is not specified.
Hydra will assume defaults for version 1.1.
Hydra 1.4 will remove this compatibility behavior.
Before upgrading to Hydra 1.4, set version_base="1.3" and test your application.
See https://hydra.cc/docs/upgrades/1.3_to_1.4/prepare_for_1_4/ for preparation instructions.
  @hydra.main(config_path='cfgs', config_name='svea_config')
/Users/a2mogus/build-projs/ccm-intro/projects/many-gens-rl-vigen/RL-ViGen-upstream/train.py:297: Hydra14MigrationWarning: 
The version_base parameter is not specified.
Hydra will assume defaults for version 1.1.
Hydra 1.4 will remove this compatibility behavior.
Before upgrading to Hydra 1.4, set version_base="1.3" and test your application.
See https://hydra.cc/docs/upgrades/1.3_to_1.4/prepare_for_1_4/ for preparation instructions.
  @hydra.main(config_path='cfgs', config_name='svea_config')
/Users/a2mogus/build-projs/ccm-intro/projects/many-gens-rl-vigen/RL-ViGen-upstream/train.py:297: Hydra14MigrationWarning: 
The version_base parameter is not specified.
Hydra will assume defaults for version 1.1.
Hydra 1.4 will remove this compatibility behavior.
Before upgrading to Hydra 1.4, set version_base="1.3" and test your application.
See https://hydra.cc/docs/upgrades/1.3_to_1.4/prepare_for_1_4/ for preparation instructions.
  @hydra.main(config_path='cfgs', config_name='svea_config')
/Users/a2mogus/build-projs/ccm-intro/projects/many-gens-rl-vigen/RL-ViGen-upstream/train.py:297: Hydra14MigrationWarning: 
The version_base parameter is not specified.
Hydra will assume defaults for version 1.1.
Hydra 1.4 will remove this compatibility behavior.
Before upgrading to Hydra 1.4, set version_base="1.3" and test your application.
See https://hydra.cc/docs/upgrades/1.3_to_1.4/prepare_for_1_4/ for preparation instructions.
  @hydra.main(config_path='cfgs', config_name='svea_config')
| [33mtrain[0m | F: 20500 | S: 20500 | E: 41 | L: 500 | R: 36.7142 | BS: 20500 | FPS: 1.3182 | T: 2:55:02
/Users/a2mogus/build-projs/ccm-intro/projects/many-gens-rl-vigen/RL-ViGen-upstream/train.py:297: Hydra14MigrationWarning: 
The version_base parameter is not specified.
Hydra will assume defaults for version 1.1.
Hydra 1.4 will remove this compatibility behavior.
Before upgrading to Hydra 1.4, set version_base="1.3" and test your application.
See https://hydra.cc/docs/upgrades/1.3_to_1.4/prepare_for_1_4/ for preparation instructions.
  @hydra.main(config_path='cfgs', config_name='svea_config')
/Users/a2mogus/build-projs/ccm-intro/projects/many-gens-rl-vigen/RL-ViGen-upstream/train.py:297: Hydra14MigrationWarning: 
The version_base parameter is not specified.
Hydra will assume defaults for version 1.1.
Hydra 1.4 will remove this compatibility behavior.
Before upgrading to Hydra 1.4, set version_base="1.3" and test your application.
See https://hydra.cc/docs/upgrades/1.3_to_1.4/prepare_for_1_4/ for preparation instructions.
  @hydra.main(config_path='cfgs', config_name='svea_config')
/Users/a2mogus/build-projs/ccm-intro/projects/many-gens-rl-vigen/RL-ViGen-upstream/train.py:297: Hydra14MigrationWarning: 
The version_base parameter is not specified.
Hydra will assume defaults for version 1.1.
Hydra 1.4 will remove this compatibility behavior.
Before upgrading to Hydra 1.4, set version_base="1.3" and test your application.
See https://hydra.cc/docs/upgrades/1.3_to_1.4/prepare_for_1_4/ for preparation instructions.
  @hydra.main(config_path='cfgs', config_name='svea_config')
/Users/a2mogus/build-projs/ccm-intro/projects/many-gens-rl-vigen/RL-ViGen-upstream/train.py:297: Hydra14MigrationWarning: 
The version_base parameter is not specified.
Hydra will assume defaults for version 1.1.
Hydra 1.4 will remove this compatibility behavior.
Before upgrading to Hydra 1.4, set version_base="1.3" and test your application.
See https://hydra.cc/docs/upgrades/1.3_to_1.4/prepare_for_1_4/ for preparation instructions.
  @hydra.main(config_path='cfgs', config_name='svea_config')
/Users/a2mogus/build-projs/ccm-intro/projects/many-gens-rl-vigen/RL-ViGen-upstream/train.py:297: Hydra14MigrationWarning: 
The version_base parameter is not specified.
Hydra will assume defaults for version 1.1.
Hydra 1.4 will remove this compatibility behavior.
Before upgrading to Hydra 1.4, set version_base="1.3" and test your application.
See https://hydra.cc/docs/upgrades/1.3_to_1.4/prepare_for_1_4/ for preparation instructions.
  @hydra.main(config_path='cfgs', config_name='svea_config')
/Users/a2mogus/build-projs/ccm-intro/projects/many-gens-rl-vigen/RL-ViGen-upstream/train.py:297: Hydra14MigrationWarning: 
The version_base parameter is not specified.
Hydra will assume defaults for version 1.1.
Hydra 1.4 will remove this compatibility behavior.
Before upgrading to Hydra 1.4, set version_base="1.3" and test your application.
See https://hydra.cc/docs/upgrades/1.3_to_1.4/prepare_for_1_4/ for preparation instructions.
  @hydra.main(config_path='cfgs', config_name='svea_config')
/Users/a2mogus/build-projs/ccm-intro/projects/many-gens-rl-vigen/RL-ViGen-upstream/train.py:297: Hydra14MigrationWarning: 
The version_base parameter is not specified.
Hydra will assume defaults for version 1.1.
Hydra 1.4 will remove this compatibility behavior.
Before upgrading to Hydra 1.4, set version_base="1.3" and test your application.
See https://hydra.cc/docs/upgrades/1.3_to_1.4/prepare_for_1_4/ for preparation instructions.
  @hydra.main(config_path='cfgs', config_name='svea_config')
/Users/a2mogus/build-projs/ccm-intro/projects/many-gens-rl-vigen/RL-ViGen-upstream/train.py:297: Hydra14MigrationWarning: 
The version_base parameter is not specified.
Hydra will assume defaults for version 1.1.
Hydra 1.4 will remove this compatibility behavior.
Before upgrading to Hydra 1.4, set version_base="1.3" and test your application.
See https://hydra.cc/docs/upgrades/1.3_to_1.4/prepare_for_1_4/ for preparation instructions.
  @hydra.main(config_path='cfgs', config_name='svea_config')
| [33mtrain[0m | F: 21000 | S: 21000 | E: 42 | L: 500 | R: 69.2444 | BS: 21000 | FPS: 1.8820 | T: 2:59:28
/Users/a2mogus/build-projs/ccm-intro/projects/many-gens-rl-vigen/RL-ViGen-upstream/train.py:297: Hydra14MigrationWarning: 
The version_base parameter is not specified.
Hydra will assume defaults for version 1.1.
Hydra 1.4 will remove this compatibility behavior.
Before upgrading to Hydra 1.4, set version_base="1.3" and test your application.
See https://hydra.cc/docs/upgrades/1.3_to_1.4/prepare_for_1_4/ for preparation instructions.
  @hydra.main(config_path='cfgs', config_name='svea_config')
/Users/a2mogus/build-projs/ccm-intro/projects/many-gens-rl-vigen/RL-ViGen-upstream/train.py:297: Hydra14MigrationWarning: 
The version_base parameter is not specified.
Hydra will assume defaults for version 1.1.
Hydra 1.4 will remove this compatibility behavior.
Before upgrading to Hydra 1.4, set version_base="1.3" and test your application.
See https://hydra.cc/docs/upgrades/1.3_to_1.4/prepare_for_1_4/ for preparation instructions.
  @hydra.main(config_path='cfgs', config_name='svea_config')
/Users/a2mogus/build-projs/ccm-intro/projects/many-gens-rl-vigen/RL-ViGen-upstream/train.py:297: Hydra14MigrationWarning: 
The version_base parameter is not specified.
Hydra will assume defaults for version 1.1.
Hydra 1.4 will remove this compatibility behavior.
Before upgrading to Hydra 1.4, set version_base="1.3" and test your application.
See https://hydra.cc/docs/upgrades/1.3_to_1.4/prepare_for_1_4/ for preparation instructions.
  @hydra.main(config_path='cfgs', config_name='svea_config')
/Users/a2mogus/build-projs/ccm-intro/projects/many-gens-rl-vigen/RL-ViGen-upstream/train.py:297: Hydra14MigrationWarning: 
The version_base parameter is not specified.
Hydra will assume defaults for version 1.1.
Hydra 1.4 will remove this compatibility behavior.
Before upgrading to Hydra 1.4, set version_base="1.3" and test your application.
See https://hydra.cc/docs/upgrades/1.3_to_1.4/prepare_for_1_4/ for preparation instructions.
  @hydra.main(config_path='cfgs', config_name='svea_config')
/Users/a2mogus/anaconda3/lib/python3.11/multiprocessing/resource_tracker.py:224: UserWarning: resource_tracker: There appear to be 55 leaked semaphore objects to clean up at shutdown
  warnings.warn('resource_tracker: There appear to be %d '
